{"type":"FeatureCollection","name":"Plant","features":[{"type":"Feature","properties":{"Parcel":"Parcel 59","Frame_No":"frame_00000345__time_00h00m11s512ms","Zone_name":"Academic","ZoneNumber":"Z02","latitude":"19.131864° N","longitude":"72.915321° E","Count":"1","botanical_name":"Epipremnum aureum","comman_name":"Golden Pothos / Devil's Ivy","Plant_id":"1","schema_name":"20-05-2026 Parcel 59,62,63 Morning Garmin","Geo-Cordinates":"19.131864° N, 72.915321° E","type":"Plant"},"geometry":{"type":"Point","coordinates":[72.91532077,19.1318638]}},{"type":"Feature","properties":{"Parcel":"Parcel 59","Frame_No":"frame_00002802__time_00h01m33s493ms","Zone_name":"Academic","ZoneNumber":"Z02","latitude":"19.131744° N","longitude":"72.915307° E","Count":"2","botanical_name":"Cordyline fruticosa","comman_name":"Ti Plant / Cordyline","Plant_id":"2","schema_name":"20-05-2026 Parcel 59,62,63 Morning Garmin","Geo-Cordinates":"19.131744° N, 72.915307° E","type":"Plant"},"geometry":{"type":"Point","coordinates":[72.91530666,19.13174404]}},{"type":"Feature","properties":{"Parcel":"Parcel 59","Frame_No":"frame_00002892__time_00h01m36s496ms_3","Zone_name":"Academic","ZoneNumber":"Z02","latitude":"19.131757° N","longitude":"72.91533° E","Count":"3","botanical_name":"Cordyline fruticosa","comman_name":"Ti Plant / Cordyline","Plant_id":"3","schema_name":"20-05-2026 Parcel 59,62,63 Morning Garmin","Geo-Cordinates":"19.131757° N, 72.91533° E","type":"Plant"},"geometry":{"type":"Point","coordinates":[72.91533026,19.13175669]}},{"type":"Feature","properties":{"Parcel":"Parcel 59","Frame_No":"frame_00002952__time_00h01m38s498ms_3","Zone_name":"Academic","ZoneNumber":"Z02","latitude":"19.131768° N","longitude":"72.915355° E","Count":"4","botanical_name":"Cordyline fruticosa","comman_name":"Ti Plant / Cordyline","Plant_id":"4","schema_name":"20-05-2026 Parcel 59,62,63 Morning Garmin","Geo-Cordinates":"19.131768° N, 72.915355° E","type":"Plant"},"geometry":{"type":"Point","coordinates":[72.91535463,19.13176762]}},{"type":"Feature","properties":{"Parcel":"Parcel 59","Frame_No":"frame_00003012__time_00h01m40s500ms_1","Zone_name":"Academic","ZoneNumber":"Z02","latitude":"19.131772° N","longitude":"72.915367° E","Count":"5","botanical_name":"Cordyline fruticosa","comman_name":"Green Ti Plant / Cordyline","Plant_id":"5","schema_name":"20-05-2026 Parcel 59,62,63 Morning Garmin","Geo-Cordinates":"19.131772° N, 72.915367° E","type":"Plant"},"geometry":{"type":"Point","coordinates":[72.91536726,19.13177198]}},{"type":"Feature","properties":{"Parcel":"Parcel 59","Frame_No":"frame_00003042__time_00h01m41s501ms","Zone_name":"Academic","ZoneNumber":"Z02","latitude":"19.131775° N","longitude":"72.915374° E","Count":"6","botanical_name":"Cordyline fruticosa","comman_name":"Green Ti Plant / Cordyline","Plant_id":"6","schema_name":"20-05-2026 Parcel 59,62,63 Morning Garmin","Geo-Cordinates":"19.131775° N, 72.915374° E","type":"Plant"},"geometry":{"type":"Point","coordinates":[72.91537397,19.13177525]}},{"type":"Feature","properties":{"Parcel":"Parcel 59","Frame_No":"frame_00003072__time_00h01m42s502ms_2","Zone_name":"Academic","ZoneNumber":"Z02","latitude":"19.131778° N","longitude":"72.915379° E","Count":"7","botanical_name":"Cordyline fruticosa","comman_name":"Ti Plant / Cordyline","Plant_id":"7","schema_name":"20-05-2026 Parcel 59,62,63 Morning Garmin","Geo-Cordinates":"19.131778° N, 72.915379° E","type":"Plant"},"geometry":{"type":"Point","coordinates":[72.91537942,19.1317779]}},{"type":"Feature","properties":{"Parcel":"Parcel 59","Frame_No":"frame_00003102__time_00h01m43s503ms","Zone_name":"Academic","ZoneNumber":"Z02","latitude":"19.131781° N","longitude":"72.915385° E","Count":"8","botanical_name":"Cordyline fruticosa","comman_name":"Ti Plant / Cordyline","Plant_id":"8","schema_name":"20-05-2026 Parcel 59,62,63 Morning Garmin","Geo-Cordinates":"19.131781° N, 72.915385° E","type":"Plant"},"geometry":{"type":"Point","coordinates":[72.91538463,19.13178134]}},{"type":"Feature","properties":{"Parcel":"Parcel 59","Frame_No":"frame_00003147__time_00h01m45s005ms_1","Zone_name":"Academic","ZoneNumber":"Z02","latitude":"19.131786° N","longitude":"72.915393° E","Count":"9","botanical_name":"Cordyline fruticosa","comman_name":"Ti Plant / Cordyline","Plant_id":"9","schema_name":"20-05-2026 Parcel 59,62,63 Morning Garmin","Geo-Cordinates":"19.131786° N, 72.915393° E","type":"Plant"},"geometry":{"type":"Point","coordinates":[72.91539293,19.13178637]}},{"type":"Feature","properties":{"Parcel":"Parcel 59","Frame_No":"frame_00003192__time_00h01m46s506ms","Zone_name":"Academic","ZoneNumber":"Z02","latitude":"19.131789° N","longitude":"72.9154° E","Count":"10","botanical_name":"Cordyline fruticosa","comman_name":"Ti Plant / Cordyline","Plant_id":"10","schema_name":"20-05-2026 Parcel 59,62,63 Morning Garmin","Geo-Cordinates":"19.131789° N, 72.9154° E","type":"Plant"},"geometry":{"type":"Point","coordinates":[72.91539981,19.13178917]}},{"type":"Feature","properties":{"Parcel":"Parcel 59","Frame_No":"frame_00003566__time_00h01m58s986ms","Zone_name":"Academic","ZoneNumber":"Z02","latitude":"19.131718° N","longitude":"72.915397° E","Count":"11","botanical_name":"Chlorophytum comosum","comman_name":"Spider Plant","Plant_id":"11","schema_name":"20-05-2026 Parcel 59,62,63 Morning Garmin","Geo-Cordinates":"19.131718° N, 72.915397° E","type":"Plant"},"geometry":{"type":"Point","coordinates":[72.91539703,19.13171752]}},{"type":"Feature","properties":{"Parcel":"Parcel 59","Frame_No":"frame_00003701__time_00h02m03s490ms","Zone_name":"Academic","ZoneNumber":"Z02","latitude":"19.131667° N","longitude":"72.915393° E","Count":"12","botanical_name":"Carmona retusa","comman_name":"Fukien Tea Tree / Philippine Tea","Plant_id":"12","schema_name":"20-05-2026 Parcel 59,62,63 Morning Garmin","Geo-Cordinates":"19.131667° N, 72.915393° E","type":"Plant"},"geometry":{"type":"Point","coordinates":[72.91539263,19.13166734]}},{"type":"Feature","properties":{"Parcel":"Parcel 59","Frame_No":"frame_00003761__time_00h02m05s492ms","Zone_name":"Academic","ZoneNumber":"Z02","latitude":"19.131648° N","longitude":"72.915378° E","Count":"13","botanical_name":"Tradescantia zebrina","comman_name":"Silver Inch Plant / Wandering Dude","Plant_id":"13","schema_name":"20-05-2026 Parcel 59,62,63 Morning Garmin","Geo-Cordinates":"19.131648° N, 72.915378° E","type":"Plant"},"geometry":{"type":"Point","coordinates":[72.91537754,19.13164751]}},{"type":"Feature","properties":{"Parcel":"Parcel 59","Frame_No":"frame_00004660__time_00h02m35s489ms_1","Zone_name":"Academic","ZoneNumber":"Z02","latitude":"19.131625° N","longitude":"72.915441° E","Count":"14","botanical_name":"Cordyline fruticosa","comman_name":"Variegated Ti Plant / Cordyline","Plant_id":"14","schema_name":"20-05-2026 Parcel 59,62,63 Morning Garmin","Geo-Cordinates":"19.131625° N, 72.915441° E","type":"Plant"},"geometry":{"type":"Point","coordinates":[72.91544059625485,19.13162546655946]}},{"type":"Feature","properties":{"Parcel":"Parcel 59","Frame_No":"frame_00004615__time_00h02m33s987ms","Zone_name":"Academic","ZoneNumber":"Z02","latitude":"19.131626° N","longitude":"72.915442° E","Count":"15","botanical_name":"Cordyline fruticosa (Green variety)","comman_name":"Green Ti Plant / Cordyline","Plant_id":"15","schema_name":"20-05-2026 Parcel 59,62,63 Morning Garmin","Geo-Cordinates":"19.131626° N, 72.915442° E","type":"Plant"},"geometry":{"type":"Point","coordinates":[72.91544156,19.13162635]}},{"type":"Feature","properties":{"Parcel":"Parcel 59","Frame_No":"frame_00006129__time_00h03m24s504ms","Zone_name":"Academic","ZoneNumber":"Z02","latitude":"19.131567° N","longitude":"72.915396° E","Count":"16","botanical_name":"Hibiscus rosa-sinensis (Variegated) / Acalypha wilkesiana","comman_name":"Variegated Hibiscus / Copperleaf","Plant_id":"16","schema_name":"20-05-2026 Parcel 59,62,63 Morning Garmin","Geo-Cordinates":"19.131567° N, 72.915396° E","type":"Plant"},"geometry":{"type":"Point","coordinates":[72.9153962,19.13156651]}},{"type":"Feature","properties":{"Parcel":"Parcel 59","Frame_No":"frame_00009740__time_00h05m24s991ms","Zone_name":"Academic","ZoneNumber":"Z02","latitude":"19.131404° N","longitude":"72.915543° E","Count":"17","botanical_name":"Duranta erecta ('Golden Dewdrop' / 'Gold Mound')","comman_name":"Golden Dewdrop / Skyflower","Plant_id":"17","schema_name":"20-05-2026 Parcel 59,62,63 Morning Garmin","Geo-Cordinates":"19.131404° N, 72.915543° E","type":"Plant"},"geometry":{"type":"Point","coordinates":[72.91554335,19.13140374]}},{"type":"Feature","properties":{"Parcel":"Parcel 59","Frame_No":"frame_00009860__time_00h05m28s995ms","Zone_name":"Academic","ZoneNumber":"Z02","latitude":"19.131388° N","longitude":"72.915547° E","Count":"18","botanical_name":"Duranta erecta ('Golden Dewdrop' / 'Gold Mound')","comman_name":"Golden Dewdrop / Skyflower","Plant_id":"18","schema_name":"20-05-2026 Parcel 59,62,63 Morning Garmin","Geo-Cordinates":"19.131388° N, 72.915547° E","type":"Plant"},"geometry":{"type":"Point","coordinates":[72.91554744,19.13138849]}},{"type":"Feature","properties":{"Parcel":"Parcel 59","Frame_No":"frame_00009890__time_00h05m29s996ms","Zone_name":"Academic","ZoneNumber":"Z02","latitude":"19.131384° N","longitude":"72.915552° E","Count":"19","botanical_name":"Duranta erecta ('Golden Dewdrop' / 'Gold Mound')","comman_name":"Golden Dewdrop / Skyflower","Plant_id":"19","schema_name":"20-05-2026 Parcel 59,62,63 Morning Garmin","Geo-Cordinates":"19.131384° N, 72.915552° E","type":"Plant"},"geometry":{"type":"Point","coordinates":[72.91555219,19.13138429]}},{"type":"Feature","properties":{"Parcel":"Parcel 59","Frame_No":"frame_00009950__time_00h05m31s998ms","Zone_name":"Academic","ZoneNumber":"Z02","latitude":"19.131378° N","longitude":"72.915557° E","Count":"20","botanical_name":"Duranta erecta ('Golden Dewdrop' / 'Gold Mound')","comman_name":"Golden Dewdrop / Skyflower","Plant_id":"20","schema_name":"20-05-2026 Parcel 59,62,63 Morning Garmin","Geo-Cordinates":"19.131378° N, 72.915557° E","type":"Plant"},"geometry":{"type":"Point","coordinates":[72.91555652,19.131378]}},{"type":"Feature","properties":{"Parcel":"Parcel 59","Frame_No":"frame_00009980__time_00h05m32s999ms","Zone_name":"Academic","ZoneNumber":"Z02","latitude":"19.131377° N","longitude":"72.915553° E","Count":"21","botanical_name":"Duranta erecta ('Golden Dewdrop' / 'Gold Mound')","comman_name":"Golden Dewdrop / Skyflower","Plant_id":"21","schema_name":"20-05-2026 Parcel 59,62,63 Morning Garmin","Geo-Cordinates":"19.131377° N, 72.915553° E","type":"Plant"},"geometry":{"type":"Point","coordinates":[72.91555343,19.13137682]}},{"type":"Feature","properties":{"Parcel":"Parcel 59","Frame_No":"frame_00010025__time_00h05m34s501ms","Zone_name":"Academic","ZoneNumber":"Z02","latitude":"19.131374° N","longitude":"72.915552° E","Count":"22","botanical_name":"Duranta erecta ('Golden Dewdrop' / 'Gold Mound')","comman_name":"Golden Dewdrop / Skyflower","Plant_id":"22","schema_name":"20-05-2026 Parcel 59,62,63 Morning Garmin","Geo-Cordinates":"19.131374° N, 72.915552° E","type":"Plant"},"geometry":{"type":"Point","coordinates":[72.91555233,19.13137401]}},{"type":"Feature","properties":{"Parcel":"Parcel 59","Frame_No":"frame_00010190__time_00h05m40s006ms_1","Zone_name":"Academic","ZoneNumber":"Z02","latitude":"19.131374° N","longitude":"72.915546° E","Count":"23","botanical_name":"Duranta erecta ('Golden Dewdrop' / 'Gold Mound')","comman_name":"Golden Dewdrop / Skyflower","Plant_id":"23","schema_name":"20-05-2026 Parcel 59,62,63 Morning Garmin","Geo-Cordinates":"19.131374° N, 72.915546° E","type":"Plant"},"geometry":{"type":"Point","coordinates":[72.91554577162758,19.13137393284238]}},{"type":"Feature","properties":{"Parcel":"Parcel 59","Frame_No":"frame_00010295__time_00h05m43s510ms","Zone_name":"Academic","ZoneNumber":"Z02","latitude":"19.131386° N","longitude":"72.915505° E","Count":"24","botanical_name":"Duranta erecta ('Golden Dewdrop' / 'Gold Mound')","comman_name":"Golden Dewdrop / Skyflower","Plant_id":"24","schema_name":"20-05-2026 Parcel 59,62,63 Morning Garmin","Geo-Cordinates":"19.131386° N, 72.915505° E","type":"Plant"},"geometry":{"type":"Point","coordinates":[72.91550522,19.13138602]}},{"type":"Feature","properties":{"Parcel":"Parcel 59","Frame_No":"frame_00010385__time_00h05m46s513ms","Zone_name":"Academic","ZoneNumber":"Z02","latitude":"19.131385° N","longitude":"72.915495° E","Count":"25","botanical_name":"Ixora coccinea / Ixora sp.","comman_name":"Jungle Flame / Ixora","Plant_id":"25","schema_name":"20-05-2026 Parcel 59,62,63 Morning Garmin","Geo-Cordinates":"19.131385° N, 72.915495° E","type":"Plant"},"geometry":{"type":"Point","coordinates":[72.91549519,19.13138461]}},{"type":"Feature","properties":{"Parcel":"Parcel 59","Frame_No":"frame_00010744__time_00h05m58s491ms","Zone_name":"Academic","ZoneNumber":"Z02","latitude":"19.131414° N","longitude":"72.915465° E","Count":"26","botanical_name":"Duranta erecta ('Golden Dewdrop' / 'Gold Mound')","comman_name":"Golden Dewdrop / Skyflower","Plant_id":"26","schema_name":"20-05-2026 Parcel 59,62,63 Morning Garmin","Geo-Cordinates":"19.131414° N, 72.915465° E","type":"Plant"},"geometry":{"type":"Point","coordinates":[72.9154646,19.13141426]}},{"type":"Feature","properties":{"Parcel":"Parcel 59","Frame_No":"frame_00002892__time_00h01m36s496ms_1","Zone_name":"Academic","ZoneNumber":"Z02","latitude":"19.131748° N","longitude":"72.915316° E","Count":"27","botanical_name":"Cordyline fruticosa","comman_name":"Ti Plant / Cordyline","Plant_id":"27","schema_name":"20-05-2026 Parcel 59,62,63 Morning Garmin","Geo-Cordinates":"19.131748° N, 72.915316° E","type":"Plant"},"geometry":{"type":"Point","coordinates":[72.9153163956852,19.131748186274912]}},{"type":"Feature","properties":{"Parcel":"Parcel 59","Frame_No":"frame_00002892__time_00h01m36s496ms_2","Zone_name":"Academic","ZoneNumber":"Z02","latitude":"19.131752° N","longitude":"72.915325° E","Count":"28","botanical_name":"Cordyline fruticosa","comman_name":"Ti Plant / Cordyline","Plant_id":"28","schema_name":"20-05-2026 Parcel 59,62,63 Morning Garmin","Geo-Cordinates":"19.131752° N, 72.915325° E","type":"Plant"},"geometry":{"type":"Point","coordinates":[72.91532470270927,19.131752243398296]}},{"type":"Feature","properties":{"Parcel":"Parcel 59","Frame_No":"frame_00002952__time_00h01m38s498ms_1","Zone_name":"Academic","ZoneNumber":"Z02","latitude":"19.13176° N","longitude":"72.91534° E","Count":"29","botanical_name":"Cordyline fruticosa","comman_name":"Ti Plant / Cordyline","Plant_id":"29","schema_name":"20-05-2026 Parcel 59,62,63 Morning Garmin","Geo-Cordinates":"19.13176° N, 72.91534° E","type":"Plant"},"geometry":{"type":"Point","coordinates":[72.9153396271932,19.13176002509367]}},{"type":"Feature","properties":{"Parcel":"Parcel 59","Frame_No":"frame_00002952__time_00h01m38s498ms_2","Zone_name":"Academic","ZoneNumber":"Z02","latitude":"19.131763° N","longitude":"72.915348° E","Count":"30","botanical_name":"Cordyline fruticosa","comman_name":"Ti Plant / Cordyline","Plant_id":"30","schema_name":"20-05-2026 Parcel 59,62,63 Morning Garmin","Geo-Cordinates":"19.131763° N, 72.915348° E","type":"Plant"},"geometry":{"type":"Point","coordinates":[72.91534821581132,19.131763284094188]}},{"type":"Feature","properties":{"Parcel":"Parcel 59","Frame_No":"frame_00003012__time_00h01m40s500ms_2","Zone_name":"Academic","ZoneNumber":"Z02","latitude":"19.131774° N","longitude":"72.915371° E","Count":"31","botanical_name":"Cordyline fruticosa","comman_name":"Green Ti Plant / Cordyline","Plant_id":"31","schema_name":"20-05-2026 Parcel 59,62,63 Morning Garmin","Geo-Cordinates":"19.131774° N, 72.915371° E","type":"Plant"},"geometry":{"type":"Point","coordinates":[72.91537134172155,19.13177369294235]}},{"type":"Feature","properties":{"Parcel":"Parcel 59","Frame_No":"frame_00003072__time_00h01m42s502ms_1","Zone_name":"Academic","ZoneNumber":"Z02","latitude":"19.131777° N","longitude":"72.915377° E","Count":"32","botanical_name":"Cordyline fruticosa","comman_name":"Green Ti Plant / Cordyline","Plant_id":"32","schema_name":"20-05-2026 Parcel 59,62,63 Morning Garmin","Geo-Cordinates":"19.131777° N, 72.915377° E","type":"Plant"},"geometry":{"type":"Point","coordinates":[72.91537718479782,19.13177651962625]}},{"type":"Feature","properties":{"Parcel":"Parcel 59","Frame_No":"frame_00003072__time_00h01m42s502ms_3","Zone_name":"Academic","ZoneNumber":"Z02","latitude":"19.13178° N","longitude":"72.915383° E","Count":"33","botanical_name":"Cordyline fruticosa","comman_name":"Ti Plant / Cordyline","Plant_id":"33","schema_name":"20-05-2026 Parcel 59,62,63 Morning Garmin","Geo-Cordinates":"19.13178° N, 72.915383° E","type":"Plant"},"geometry":{"type":"Point","coordinates":[72.91538292227631,19.131779878391754]}},{"type":"Feature","properties":{"Parcel":"Parcel 59","Frame_No":"frame_00003102__time_00h01m43s503ms_2","Zone_name":"Academic","ZoneNumber":"Z02","latitude":"19.131783° N","longitude":"72.915388° E","Count":"34","botanical_name":"Cordyline fruticosa","comman_name":"Ti Plant / Cordyline","Plant_id":"34","schema_name":"20-05-2026 Parcel 59,62,63 Morning Garmin","Geo-Cordinates":"19.131783° N, 72.915388° E","type":"Plant"},"geometry":{"type":"Point","coordinates":[72.91538837816076,19.131783237157194]}},{"type":"Feature","properties":{"Parcel":"Parcel 59","Frame_No":"frame_00003102__time_00h01m43s503ms_3","Zone_name":"Academic","ZoneNumber":"Z02","latitude":"19.131785° N","longitude":"72.915392° E","Count":"35","botanical_name":"Cordyline fruticosa","comman_name":"Ti Plant / Cordyline","Plant_id":"35","schema_name":"20-05-2026 Parcel 59,62,63 Morning Garmin","Geo-Cordinates":"19.131785° N, 72.915392° E","type":"Plant"},"geometry":{"type":"Point","coordinates":[72.91539154609366,19.13178476689192]}},{"type":"Feature","properties":{"Parcel":"Parcel 59","Frame_No":"frame_00004496__time_00h02m30s017ms_9","Zone_name":"Academic","ZoneNumber":"Z02","latitude":"19.131627° N","longitude":"72.915443° E","Count":"36","botanical_name":"Cordyline fruticosa","comman_name":"Ti Plant / Cordyline","Plant_id":"36","schema_name":"20-05-2026 Parcel 59,62,63 Morning Garmin","Geo-Cordinates":"19.131627° N, 72.915443° E","type":"Plant"},"geometry":{"type":"Point","coordinates":[72.91544260261239,19.13162721245403]}},{"type":"Feature","properties":{"Parcel":"Parcel 59","Frame_No":"frame_00004496__time_00h02m30s017ms_8","Zone_name":"Academic","ZoneNumber":"Z02","latitude":"19.131628° N","longitude":"72.915444° E","Count":"37","botanical_name":"Cordyline fruticosa","comman_name":"Ti Plant / Cordyline","Plant_id":"37","schema_name":"20-05-2026 Parcel 59,62,63 Morning Garmin","Geo-Cordinates":"19.131628° N, 72.915444° E","type":"Plant"},"geometry":{"type":"Point","coordinates":[72.91544384338611,19.131628035518602]}},{"type":"Feature","properties":{"Parcel":"Parcel 59","Frame_No":"frame_00004496__time_00h02m30s017ms_7","Zone_name":"Academic","ZoneNumber":"Z02","latitude":"19.131629° N","longitude":"72.915445° E","Count":"38","botanical_name":"Cordyline fruticosa","comman_name":"Ti Plant / Cordyline","Plant_id":"38","schema_name":"20-05-2026 Parcel 59,62,63 Morning Garmin","Geo-Cordinates":"19.131629° N, 72.915445° E","type":"Plant"},"geometry":{"type":"Point","coordinates":[72.91544537455368,19.131629182820728]}},{"type":"Feature","properties":{"Parcel":"Parcel 59","Frame_No":"frame_00004496__time_00h02m30s017ms_6","Zone_name":"Academic","ZoneNumber":"Z02","latitude":"19.13163° N","longitude":"72.915447° E","Count":"39","botanical_name":"Cordyline fruticosa","comman_name":"Ti Plant / Cordyline","Plant_id":"39","schema_name":"20-05-2026 Parcel 59,62,63 Morning Garmin","Geo-Cordinates":"19.13163° N, 72.915447° E","type":"Plant"},"geometry":{"type":"Point","coordinates":[72.91544735451176,19.13163028024015]}},{"type":"Feature","properties":{"Parcel":"Parcel 59","Frame_No":"frame_00004496__time_00h02m30s017ms_5","Zone_name":"Academic","ZoneNumber":"Z02","latitude":"19.131631° N","longitude":"72.915449° E","Count":"40","botanical_name":"Cordyline fruticosa","comman_name":"Ti Plant / Cordyline","Plant_id":"40","schema_name":"20-05-2026 Parcel 59,62,63 Morning Garmin","Geo-Cordinates":"19.131631° N, 72.915449° E","type":"Plant"},"geometry":{"type":"Point","coordinates":[72.91544901767654,19.131631153187406]}},{"type":"Feature","properties":{"Parcel":"Parcel 59","Frame_No":"frame_00004496__time_00h02m30s017ms_4","Zone_name":"Academic","ZoneNumber":"Z02","latitude":"19.131632° N","longitude":"72.915451° E","Count":"41","botanical_name":"Cordyline fruticosa","comman_name":"Ti Plant / Cordyline","Plant_id":"41","schema_name":"20-05-2026 Parcel 59,62,63 Morning Garmin","Geo-Cordinates":"19.131632° N, 72.915451° E","type":"Plant"},"geometry":{"type":"Point","coordinates":[72.9154506808413,19.131632026134664]}},{"type":"Feature","properties":{"Parcel":"Parcel 59","Frame_No":"frame_00004496__time_00h02m30s017ms_3","Zone_name":"Academic","ZoneNumber":"Z02","latitude":"19.131633° N","longitude":"72.915452° E","Count":"42","botanical_name":"Cordyline fruticosa","comman_name":"Ti Plant / Cordyline","Plant_id":"42","schema_name":"20-05-2026 Parcel 59,62,63 Morning Garmin","Geo-Cordinates":"19.131633° N, 72.915452° E","type":"Plant"},"geometry":{"type":"Point","coordinates":[72.91545231760665,19.131632874140564]}},{"type":"Feature","properties":{"Parcel":"Parcel 59","Frame_No":"frame_00004496__time_00h02m30s017ms_2","Zone_name":"Academic","ZoneNumber":"Z02","latitude":"19.131634° N","longitude":"72.915454° E","Count":"43","botanical_name":"Cordyline fruticosa","comman_name":"Ti Plant / Cordyline","Plant_id":"43","schema_name":"20-05-2026 Parcel 59,62,63 Morning Garmin","Geo-Cordinates":"19.131634° N, 72.915454° E","type":"Plant"},"geometry":{"type":"Point","coordinates":[72.9154538487742,19.131633572498362]}},{"type":"Feature","properties":{"Parcel":"Parcel 59","Frame_No":"frame_00004496__time_00h02m30s017ms_1","Zone_name":"Academic","ZoneNumber":"Z02","latitude":"19.131635° N","longitude":"72.915455° E","Count":"44","botanical_name":"Cordyline fruticosa","comman_name":"Ti Plant / Cordyline","Plant_id":"44","schema_name":"20-05-2026 Parcel 59,62,63 Morning Garmin","Geo-Cordinates":"19.131635° N, 72.915455° E","type":"Plant"},"geometry":{"type":"Point","coordinates":[72.91545532714291,19.131634620035047]}},{"type":"Feature","properties":{"Parcel":"Parcel 59","Frame_No":"frame_00004660__time_00h02m35s489ms_2","Zone_name":"Academic","ZoneNumber":"Z02","latitude":"19.131625° N","longitude":"72.91544° E","Count":"45","botanical_name":"Cordyline fruticosa","comman_name":"Variegated Ti Plant / Cordyline","Plant_id":"45","schema_name":"20-05-2026 Parcel 59,62,63 Morning Garmin","Geo-Cordinates":"19.131625° N, 72.91544° E","type":"Plant"},"geometry":{"type":"Point","coordinates":[72.91543996266827,19.13162481808433]}},{"type":"Feature","properties":{"Parcel":"Parcel 59","Frame_No":"frame_00004660__time_00h02m35s489ms_3","Zone_name":"Academic","ZoneNumber":"Z02","latitude":"19.131624° N","longitude":"72.915439° E","Count":"46","botanical_name":"Cordyline fruticosa","comman_name":"Variegated Ti Plant / Cordyline","Plant_id":"46","schema_name":"20-05-2026 Parcel 59,62,63 Morning Garmin","Geo-Cordinates":"19.131624° N, 72.915439° E","type":"Plant"},"geometry":{"type":"Point","coordinates":[72.91543946107889,19.131624144667846]}},{"type":"Feature","properties":{"Parcel":"Parcel 59","Frame_No":"frame_00004660__time_00h02m35s489ms_4","Zone_name":"Academic","ZoneNumber":"Z02","latitude":"19.131623° N","longitude":"72.915439° E","Count":"47","botanical_name":"Cordyline fruticosa","comman_name":"Variegated Ti Plant / Cordyline","Plant_id":"47","schema_name":"20-05-2026 Parcel 59,62,63 Morning Garmin","Geo-Cordinates":"19.131623° N, 72.915439° E","type":"Plant"},"geometry":{"type":"Point","coordinates":[72.91543877469344,19.131623396427308]}},{"type":"Feature","properties":{"Parcel":"Parcel 59","Frame_No":"frame_00004720__time_00h02m37s491ms_1","Zone_name":"Academic","ZoneNumber":"Z02","latitude":"19.131623° N","longitude":"72.915438° E","Count":"48","botanical_name":"Cordyline fruticosa","comman_name":"Red Ti Plant / Cordyline","Plant_id":"48","schema_name":"20-05-2026 Parcel 59,62,63 Morning Garmin","Geo-Cordinates":"19.131623° N, 72.915438° E","type":"Plant"},"geometry":{"type":"Point","coordinates":[72.91543840510128,19.131623022307036]}},{"type":"Feature","properties":{"Parcel":"Parcel 59","Frame_No":"frame_00004720__time_00h02m37s491ms_2","Zone_name":"Academic","ZoneNumber":"Z02","latitude":"19.131623° N","longitude":"72.915438° E","Count":"49","botanical_name":"Cordyline fruticosa","comman_name":"Red Ti Plant / Cordyline","Plant_id":"49","schema_name":"20-05-2026 Parcel 59,62,63 Morning Garmin","Geo-Cordinates":"19.131623° N, 72.915438° E","type":"Plant"},"geometry":{"type":"Point","coordinates":[72.91543792991133,19.13162254842136]}},{"type":"Feature","properties":{"Parcel":"Parcel 59","Frame_No":"frame_00004720__time_00h02m37s491ms_3","Zone_name":"Academic","ZoneNumber":"Z02","latitude":"19.131622° N","longitude":"72.915437° E","Count":"50","botanical_name":"Cordyline fruticosa","comman_name":"Red Ti Plant / Cordyline","Plant_id":"50","schema_name":"20-05-2026 Parcel 59,62,63 Morning Garmin","Geo-Cordinates":"19.131622° N, 72.915437° E","type":"Plant"},"geometry":{"type":"Point","coordinates":[72.9154374547214,19.131622024652973]}},{"type":"Feature","properties":{"Parcel":"Parcel 59","Frame_No":"frame_00004720__time_00h02m37s491ms_4","Zone_name":"Academic","ZoneNumber":"Z02","latitude":"19.131622° N","longitude":"72.915437° E","Count":"51","botanical_name":"Cordyline fruticosa","comman_name":"Red Ti Plant / Cordyline","Plant_id":"51","schema_name":"20-05-2026 Parcel 59,62,63 Morning Garmin","Geo-Cordinates":"19.131622° N, 72.915437° E","type":"Plant"},"geometry":{"type":"Point","coordinates":[72.91543705872978,19.131621525825945]}},{"type":"Feature","properties":{"Parcel":"Parcel 59","Frame_No":"frame_00004720__time_00h02m37s491ms_5","Zone_name":"Academic","ZoneNumber":"Z02","latitude":"19.131621° N","longitude":"72.915437° E","Count":"52","botanical_name":"Cordyline fruticosa","comman_name":"Red Ti Plant / Cordyline","Plant_id":"52","schema_name":"20-05-2026 Parcel 59,62,63 Morning Garmin","Geo-Cordinates":"19.131621° N, 72.915437° E","type":"Plant"},"geometry":{"type":"Point","coordinates":[72.91543666273817,19.131621026998907]}},{"type":"Feature","properties":{"Parcel":"Parcel 59","Frame_No":"frame_00007762__time_00h04m18s992ms_1","Zone_name":"Academic","ZoneNumber":"Z02","latitude":"19.131475° N","longitude":"72.91546° E","Count":"53","botanical_name":"Zea mays / Poaceae family","comman_name":"Grass / Corn Sprout","Plant_id":"53","schema_name":"20-05-2026 Parcel 59,62,63 Morning Garmin","Geo-Cordinates":"19.131475° N, 72.91546° E","type":"Plant"},"geometry":{"type":"Point","coordinates":[72.91546018464007,19.131474795788904]}},{"type":"Feature","properties":{"Parcel":"Parcel 59","Frame_No":"frame_00007762__time_00h04m18s992ms_2","Zone_name":"Academic","ZoneNumber":"Z02","latitude":"19.131472° N","longitude":"72.91545° E","Count":"54","botanical_name":"Ficus maclellandii / Syzygium sp.","comman_name":"Wild Sapling / Fig","Plant_id":"54","schema_name":"20-05-2026 Parcel 59,62,63 Morning Garmin","Geo-Cordinates":"19.131472° N, 72.91545° E","type":"Plant"},"geometry":{"type":"Point","coordinates":[72.91545004725477,19.13147200235501]}},{"type":"Feature","properties":{"Parcel":"Parcel 59","Frame_No":"frame_00007762__time_00h04m18s992ms_3","Zone_name":"Academic","ZoneNumber":"Z02","latitude":"19.131468° N","longitude":"72.915432° E","Count":"55","botanical_name":"Ficus maclellandii / Syzygium sp.","comman_name":"Wild Sapling / Fig","Plant_id":"55","schema_name":"20-05-2026 Parcel 59,62,63 Morning Garmin","Geo-Cordinates":"19.131468° N, 72.915432° E","type":"Plant"},"geometry":{"type":"Point","coordinates":[72.91543230683045,19.13146841079708]}},{"type":"Feature","properties":{"Parcel":"Parcel 59","Frame_No":"frame_00010190__time_00h05m40s006ms_2","Zone_name":"Academic","ZoneNumber":"Z02","latitude":"19.131376° N","longitude":"72.915537° E","Count":"56","botanical_name":"Duranta erecta ('Golden Dewdrop' / 'Gold Mound')","comman_name":"Golden Dewdrop / Skyflower","Plant_id":"56","schema_name":"20-05-2026 Parcel 59,62,63 Morning Garmin","Geo-Cordinates":"19.131376° N, 72.915537° E","type":"Plant"},"geometry":{"type":"Point","coordinates":[72.91553705981208,19.13137592815349]}},{"type":"Feature","properties":{"Parcel":"Parcel 59","Frame_No":"frame_00010190__time_00h05m40s006ms_3","Zone_name":"Academic","ZoneNumber":"Z02","latitude":"19.131378° N","longitude":"72.915532° E","Count":"57","botanical_name":"Duranta erecta ('Golden Dewdrop' / 'Gold Mound')","comman_name":"Golden Dewdrop / Skyflower","Plant_id":"57","schema_name":"20-05-2026 Parcel 59,62,63 Morning Garmin","Geo-Cordinates":"19.131378° N, 72.915532° E","type":"Plant"},"geometry":{"type":"Point","coordinates":[72.91553162152725,19.13137837240957]}},{"type":"Feature","properties":{"Parcel":"Parcel 59","Frame_No":"frame_00010190__time_00h05m40s006ms_4","Zone_name":"Academic","ZoneNumber":"Z02","latitude":"19.131381° N","longitude":"72.915525° E","Count":"58","botanical_name":"Duranta erecta ('Golden Dewdrop' / 'Gold Mound')","comman_name":"Golden Dewdrop / Skyflower","Plant_id":"58","schema_name":"20-05-2026 Parcel 59,62,63 Morning Garmin","Geo-Cordinates":"19.131381° N, 72.915525° E","type":"Plant"},"geometry":{"type":"Point","coordinates":[72.91552549685696,19.131381415258925]}},{"type":"Feature","properties":{"Parcel":"Parcel 59","Frame_No":"frame_00010190__time_00h05m40s006ms_5","Zone_name":"Academic","ZoneNumber":"Z02","latitude":"19.131384° N","longitude":"72.915521° E","Count":"59","botanical_name":"Duranta erecta ('Golden Dewdrop' / 'Gold Mound')","comman_name":"Golden Dewdrop / Skyflower","Plant_id":"59","schema_name":"20-05-2026 Parcel 59,62,63 Morning Garmin","Geo-Cordinates":"19.131384° N, 72.915521° E","type":"Plant"},"geometry":{"type":"Point","coordinates":[72.91552106175088,19.1313843084599]}},{"type":"Feature","properties":{"Parcel":"Parcel 59","Frame_No":"frame_00000360__time_00h00m12s012ms","Zone_name":"Academic","ZoneNumber":"Z02","latitude":"19.132861° N","longitude":"72.915286° E","Count":"60","botanical_name":"Cordyline fruticosa / Dracaena sp.","comman_name":"Green Ti Plant / Cordyline","Plant_id":"60","schema_name":"21-02-2026 Parcel 59,58 Morning?JI_20260521073335_0001_D-Plants","Geo-Cordinates":"19.132861° N, 72.915286° E","type":"Plant"},"geometry":{"type":"Point","coordinates":[72.91528613103343,19.13286101567054]}},{"type":"Feature","properties":{"Parcel":"Parcel 59","Frame_No":"frame_00000495__time_00h00m16s516ms","Zone_name":"Academic","ZoneNumber":"Z02","latitude":"19.132856° N","longitude":"72.915315° E","Count":"61","botanical_name":"Cordyline fruticosa / Dracaena sp.","comman_name":"Green Ti Plant / Cordyline","Plant_id":"61","schema_name":"21-02-2026 Parcel 59,58 Morning?JI_20260521073335_0001_D-Plants","Geo-Cordinates":"19.132856° N, 72.915315° E","type":"Plant"},"geometry":{"type":"Point","coordinates":[72.91531526373109,19.13285570412957]}},{"type":"Feature","properties":{"Parcel":"Parcel 59","Frame_No":"frame_00000584__time_00h00m19s486ms","Zone_name":"Academic","ZoneNumber":"Z02","latitude":"19.132874° N","longitude":"72.915334° E","Count":"62","botanical_name":"Cordyline fruticosa / Dracaena sp.","comman_name":"Green Ti Plant / Cordyline","Plant_id":"62","schema_name":"21-02-2026 Parcel 59,58 Morning?JI_20260521073335_0001_D-Plants","Geo-Cordinates":"19.132874° N, 72.915334° E","type":"Plant"},"geometry":{"type":"Point","coordinates":[72.91533417442957,19.13287357022124]}},{"type":"Feature","properties":{"Parcel":"Parcel 59","Frame_No":"frame_00000734__time_00h00m24s491ms","Zone_name":"Academic","ZoneNumber":"Z02","latitude":"19.132891° N","longitude":"72.915328° E","Count":"63","botanical_name":"Aglaonema commutatum","comman_name":"Chinese Evergreen","Plant_id":"63","schema_name":"21-02-2026 Parcel 59,58 Morning?JI_20260521073335_0001_D-Plants","Geo-Cordinates":"19.132891° N, 72.915328° E","type":"Plant"},"geometry":{"type":"Point","coordinates":[72.91532804123007,19.132890953443695]}},{"type":"Feature","properties":{"Parcel":"Parcel 59","Frame_No":"frame_00001064__time_00h00m35s502ms","Zone_name":"Academic","ZoneNumber":"Z02","latitude":"19.132909° N","longitude":"72.915338° E","Count":"64","botanical_name":"Asparagus densiflorus / Epipremnum aureum","comman_name":"Asparagus Fern / Golden Pothos","Plant_id":"64","schema_name":"21-02-2026 Parcel 59,58 Morning?JI_20260521073335_0001_D-Plants","Geo-Cordinates":"19.132909° N, 72.915338° E","type":"Plant"},"geometry":{"type":"Point","coordinates":[72.91533775212929,19.13290930239875]}},{"type":"Feature","properties":{"Parcel":"Parcel 59","Frame_No":"frame_00001214__time_00h00m40s507ms","Zone_name":"Academic","ZoneNumber":"Z02","latitude":"19.132938° N","longitude":"72.915336° E","Count":"65","botanical_name":"Epipremnum aureum / Stromanthe thalia","comman_name":"Golden Pothos / Triostar Stromanthe","Plant_id":"65","schema_name":"21-02-2026 Parcel 59,58 Morning?JI_20260521073335_0001_D-Plants","Geo-Cordinates":"19.132938° N, 72.915336° E","type":"Plant"},"geometry":{"type":"Point","coordinates":[72.91533621882942,19.132937791561783]}},{"type":"Feature","properties":{"Parcel":"Parcel 59","Frame_No":"frame_00001394__time_00h00m46s513ms","Zone_name":"Academic","ZoneNumber":"Z02","latitude":"19.132943° N","longitude":"72.915317° E","Count":"66","botanical_name":"Aglaonema commutatum","comman_name":"Chinese Evergreen","Plant_id":"66","schema_name":"21-02-2026 Parcel 59,58 Morning?JI_20260521073335_0001_D-Plants","Geo-Cordinates":"19.132943° N, 72.915317° E","type":"Plant"},"geometry":{"type":"Point","coordinates":[72.91531730813092,19.132943103100104]}},{"type":"Feature","properties":{"Parcel":"Parcel 59","Frame_No":"frame_00001543__time_00h00m51s485ms","Zone_name":"Academic","ZoneNumber":"Z02","latitude":"19.13294° N","longitude":"72.915283° E","Count":"67","botanical_name":"Murraya koenigii","comman_name":"Curry Leaf Plant","Plant_id":"67","schema_name":"21-02-2026 Parcel 59,58 Morning?JI_20260521073335_0001_D-Plants","Geo-Cordinates":"19.13294° N, 72.915283° E","type":"Plant"},"geometry":{"type":"Point","coordinates":[72.91528255333371,19.132939723030283]}},{"type":"Feature","properties":{"Parcel":"Parcel 59","Frame_No":"frame_00001618__time_00h00m53s987ms","Zone_name":"Academic","ZoneNumber":"Z02","latitude":"19.132952° N","longitude":"72.915271° E","Count":"68","botanical_name":"Tradescantia spathacea / Cordyline sp.","comman_name":"Oyster Plant / Boat Lily","Plant_id":"68","schema_name":"21-02-2026 Parcel 59,58 Morning?JI_20260521073335_0001_D-Plants","Geo-Cordinates":"19.132952° N, 72.915271° E","type":"Plant"},"geometry":{"type":"Point","coordinates":[72.91527130913461,19.132951794707907]}},{"type":"Feature","properties":{"Parcel":"Parcel 59","Frame_No":"frame_00001648__time_00h00m54s988ms","Zone_name":"Academic","ZoneNumber":"Z02","latitude":"19.132956° N","longitude":"72.915271° E","Count":"69","botanical_name":"Aglaonema sp. / Dieffenbachia sp.","comman_name":"Chinese Evergreen / Dumb Cane","Plant_id":"69","schema_name":"21-02-2026 Parcel 59,58 Morning?JI_20260521073335_0001_D-Plants","Geo-Cordinates":"19.132956° N, 72.915271° E","type":"Plant"},"geometry":{"type":"Point","coordinates":[72.9152713091346,19.13295589907809]}},{"type":"Feature","properties":{"Parcel":"Parcel 59","Frame_No":"frame_00001678__time_00h00m55s989ms","Zone_name":"Academic","ZoneNumber":"Z02","latitude":"19.132959° N","longitude":"72.915271° E","Count":"70","botanical_name":"Aglaonema sp.","comman_name":"Chinese Evergreen","Plant_id":"70","schema_name":"21-02-2026 Parcel 59,58 Morning?JI_20260521073335_0001_D-Plants","Geo-Cordinates":"19.132959° N, 72.915271° E","type":"Plant"},"geometry":{"type":"Point","coordinates":[72.91527143690958,19.13295879628052]}},{"type":"Feature","properties":{"Parcel":"Parcel 59","Frame_No":"frame_00001693__time_00h00m56s490ms","Zone_name":"Academic","ZoneNumber":"Z02","latitude":"19.132962° N","longitude":"72.915272° E","Count":"71","botanical_name":"Monstera subpinnata / Rhaphidophora sp.","comman_name":"Fern-leaf Monstera","Plant_id":"71","schema_name":"21-02-2026 Parcel 59,58 Morning?JI_20260521073335_0001_D-Plants","Geo-Cordinates":"19.132962° N, 72.915272° E","type":"Plant"},"geometry":{"type":"Point","coordinates":[72.91527169245956,19.13296229706672]}},{"type":"Feature","properties":{"Parcel":"Parcel 59","Frame_No":"frame_00001738__time_00h00m57s991ms","Zone_name":"Academic","ZoneNumber":"Z02","latitude":"19.132967° N","longitude":"72.915272° E","Count":"72","botanical_name":"Aglaonema sp. / Dieffenbachia sp.","comman_name":"Chinese Evergreen","Plant_id":"72","schema_name":"21-02-2026 Parcel 59,58 Morning?JI_20260521073335_0001_D-Plants","Geo-Cordinates":"19.132967° N, 72.915272° E","type":"Plant"},"geometry":{"type":"Point","coordinates":[72.91527220355952,19.13296652215341]}},{"type":"Feature","properties":{"Parcel":"Parcel 59","Frame_No":"frame_00001978__time_00h01m05s999ms","Zone_name":"Academic","ZoneNumber":"Z02","latitude":"19.132937° N","longitude":"72.91523° E","Count":"73","botanical_name":"Aglaonema sp.","comman_name":"Chinese Evergreen","Plant_id":"73","schema_name":"21-02-2026 Parcel 59,58 Morning?JI_20260521073335_0001_D-Plants","Geo-Cordinates":"19.132937° N, 72.91523° E","type":"Plant"},"geometry":{"type":"Point","coordinates":[72.9152296544879,19.132936584393963]}},{"type":"Feature","properties":{"Parcel":"Parcel 59","Frame_No":"frame_00002203__time_00h01m13s507ms","Zone_name":"Academic","ZoneNumber":"Z02","latitude":"19.132934° N","longitude":"72.91522° E","Count":"74","botanical_name":"Cordyline fruticosa / Tradescantia spathacea","comman_name":"Ti Plant / Cordyline","Plant_id":"74","schema_name":"21-02-2026 Parcel 59,58 Morning?JI_20260521073335_0001_D-Plants","Geo-Cordinates":"19.132934° N, 72.91522° E","type":"Plant"},"geometry":{"type":"Point","coordinates":[72.91522019913866,19.132933687191148]}},{"type":"Feature","properties":{"Parcel":"Parcel 59","Frame_No":"frame_00002652__time_00h01m28s488ms","Zone_name":"Academic","ZoneNumber":"Z02","latitude":"19.132942° N","longitude":"72.915211° E","Count":"75","botanical_name":"Plectranthus scutellarioides (Solenostemon scutellarioides)","comman_name":"Coleus","Plant_id":"75","schema_name":"21-02-2026 Parcel 59,58 Morning?JI_20260521073335_0001_D-Plants","Geo-Cordinates":"19.132942° N, 72.915211° E","type":"Plant"},"geometry":{"type":"Point","coordinates":[72.91521125488936,19.132942137365884]}},{"type":"Feature","properties":{"Parcel":"Parcel 59","Frame_No":"frame_00002712__time_00h01m30s490ms","Zone_name":"Academic","ZoneNumber":"Z02","latitude":"19.132935° N","longitude":"72.915199° E","Count":"76","botanical_name":"Dieffenbachia seguine / Aglaonema sp.","comman_name":"Dumb Cane / Leopard Lily","Plant_id":"76","schema_name":"21-02-2026 Parcel 59,58 Morning?JI_20260521073335_0001_D-Plants","Geo-Cordinates":"19.132935° N, 72.915199° E","type":"Plant"},"geometry":{"type":"Point","coordinates":[72.91519898849035,19.132934894358993]}},{"type":"Feature","properties":{"Parcel":"Parcel 59","Frame_No":"frame_00002832__time_00h01m34s494ms","Zone_name":"Academic","ZoneNumber":"Z02","latitude":"19.132945° N","longitude":"72.915192° E","Count":"77","botanical_name":"Plectranthus scutellarioides / Alternanthera sp.","comman_name":"Coleus / Joseph's Coat","Plant_id":"77","schema_name":"21-02-2026 Parcel 59,58 Morning?JI_20260521073335_0001_D-Plants","Geo-Cordinates":"19.132945° N, 72.915192° E","type":"Plant"},"geometry":{"type":"Point","coordinates":[72.91519208864091,19.132945276002108]}},{"type":"Feature","properties":{"Parcel":"Parcel 59","Frame_No":"frame_00002877__time_00h01m35s996ms","Zone_name":"Academic","ZoneNumber":"Z02","latitude":"19.132946° N","longitude":"72.915181° E","Count":"78","botanical_name":"Plectranthus scutellarioides (Solenostemon scutellarioides)","comman_name":"Coleus","Plant_id":"78","schema_name":"21-02-2026 Parcel 59,58 Morning?JI_20260521073335_0001_D-Plants","Geo-Cordinates":"19.132946° N, 72.915181° E","type":"Plant"},"geometry":{"type":"Point","coordinates":[72.91518058889181,19.13294624173632]}},{"type":"Feature","properties":{"Parcel":"Parcel 59","Frame_No":"frame_00002952__time_00h01m38s498ms","Zone_name":"Academic","ZoneNumber":"Z02","latitude":"19.132955° N","longitude":"72.915172° E","Count":"79","botanical_name":"Plectranthus scutellarioides (Solenostemon scutellarioides)","comman_name":"Coleus","Plant_id":"79","schema_name":"21-02-2026 Parcel 59,58 Morning?JI_20260521073335_0001_D-Plants","Geo-Cordinates":"19.132955° N, 72.915172° E","type":"Plant"},"geometry":{"type":"Point","coordinates":[72.91517241129247,19.132955416211033]}},{"type":"Feature","properties":{"Parcel":"Parcel 59","Frame_No":"frame_00002952__time_00h01m38s498ms_1","Zone_name":"Academic","ZoneNumber":"Z02","latitude":"19.132953° N","longitude":"72.915155° E","Count":"80","botanical_name":"Pueraria phaseoloides / Polyscias guilfoylei","comman_name":"False Eranthemum / Aralia","Plant_id":"80","schema_name":"21-02-2026 Parcel 59,58 Morning?JI_20260521073335_0001_D-Plants","Geo-Cordinates":"19.132953° N, 72.915155° E","type":"Plant"},"geometry":{"type":"Point","coordinates":[72.91515528944385,19.13295324330917]}},{"type":"Feature","properties":{"Parcel":"Parcel 59","Frame_No":"frame_00003177__time_00h01m46s006ms","Zone_name":"Academic","ZoneNumber":"Z02","latitude":"19.132968° N","longitude":"72.915171° E","Count":"81","botanical_name":"Plectranthus scutellarioides (Solenostemon scutellarioides)","comman_name":"Coleus","Plant_id":"81","schema_name":"21-02-2026 Parcel 59,58 Morning?JI_20260521073335_0001_D-Plants","Geo-Cordinates":"19.132968° N, 72.915171° E","type":"Plant"},"geometry":{"type":"Point","coordinates":[72.9151708779926,19.132967970754553]}},{"type":"Feature","properties":{"Parcel":"Parcel 59","Frame_No":"frame_00003432__time_00h01m54s514ms","Zone_name":"Academic","ZoneNumber":"Z02","latitude":"19.132992° N","longitude":"72.915215° E","Count":"82","botanical_name":"Heliconia psittacorum","comman_name":"Parakeet Flower / False Bird of Paradise","Plant_id":"82","schema_name":"21-02-2026 Parcel 59,58 Morning?JI_20260521073335_0001_D-Plants","Geo-Cordinates":"19.132992° N, 72.915215° E","type":"Plant"},"geometry":{"type":"Point","coordinates":[72.91521534368904,19.132992355538267]}},{"type":"Feature","properties":{"Parcel":"Parcel 59","Frame_No":"frame_00003551__time_00h01m58s485ms","Zone_name":"Academic","ZoneNumber":"Z02","latitude":"19.132967° N","longitude":"72.915217° E","Count":"83","botanical_name":"Heliconia psittacorum","comman_name":"Parakeet Flower / False Bird of Paradise","Plant_id":"83","schema_name":"21-02-2026 Parcel 59,58 Morning?JI_20260521073335_0001_D-Plants","Geo-Cordinates":"19.132967° N, 72.915217° E","type":"Plant"},"geometry":{"type":"Point","coordinates":[72.91521738808888,19.132967246453987]}},{"type":"Feature","properties":{"Parcel":"Parcel 59","Frame_No":"frame_00004106__time_00h02m17s004ms","Zone_name":"Academic","ZoneNumber":"Z02","latitude":"19.132962° N","longitude":"72.915189° E","Count":"84","botanical_name":"Cuphea hyssopifolia / Sphagneticola trilobata","comman_name":"Mexican Heather / Wedelia","Plant_id":"84","schema_name":"21-02-2026 Parcel 59,58 Morning?JI_20260521073335_0001_D-Plants","Geo-Cordinates":"19.132962° N, 72.915189° E","type":"Plant"},"geometry":{"type":"Point","coordinates":[72.91518851094118,19.13296169348291]}},{"type":"Feature","properties":{"Parcel":"Parcel 59","Frame_No":"frame_00004211__time_00h02m20s507ms","Zone_name":"Academic","ZoneNumber":"Z02","latitude":"19.13298° N","longitude":"72.915174° E","Count":"85","botanical_name":"Ficus benjamina / Ficus microcarpa","comman_name":"Weeping Fig / Chinese Banyan","Plant_id":"85","schema_name":"21-02-2026 Parcel 59,58 Morning?JI_20260521073335_0001_D-Plants","Geo-Cordinates":"19.13298° N, 72.915174° E","type":"Plant"},"geometry":{"type":"Point","coordinates":[72.91517368904238,19.13298004243011]}},{"type":"Feature","properties":{"Parcel":"Parcel 59","Frame_No":"frame_00005769__time_00h03m12s492ms","Zone_name":"Academic","ZoneNumber":"Z02","latitude":"19.133144° N","longitude":"72.915051° E","Count":"86","botanical_name":"Alternanthera sp. / Acalypha sp.","comman_name":"Hedge Plant / Copperleaf","Plant_id":"86","schema_name":"21-02-2026 Parcel 59,58 Morning?JI_20260521073335_0001_D-Plants","Geo-Cordinates":"19.133144° N, 72.915051° E","type":"Plant"},"geometry":{"type":"Point","coordinates":[72.91505128060216,19.13314397569685]}},{"type":"Feature","properties":{"Parcel":"Parcel 59","Frame_No":"frame_00000300__time_00h00m10s010ms","Zone_name":"Academic","ZoneNumber":"Z02","latitude":"19.133139° N","longitude":"72.915103° E","Count":"87","botanical_name":"Alternanthera sp. / Acalypha sp.","comman_name":"Hedge Plant / Copperleaf","Plant_id":"87","schema_name":"20-05-2026 Parcel 59,62,63 Morning Garmin?JI_20260521073725_0002_D","Geo-Cordinates":"19.133139° N, 72.915103° E","type":"Plant"},"geometry":{"type":"Point","coordinates":[72.91510321413148,19.13313851241191]}},{"type":"Feature","properties":{"Parcel":"Parcel 59","Frame_No":"frame_00000210__time_00h00m07s007ms_2","Zone_name":"Academic","ZoneNumber":"Z02","latitude":"19.13314° N","longitude":"72.915078° E","Count":"88","botanical_name":"Alternanthera sp. / Acalypha sp.","comman_name":"Hedge Plant / Copperleaf","Plant_id":"88","schema_name":"20-05-2026 Parcel 59,62,63 Morning Garmin?JI_20260521073725_0002_D","Geo-Cordinates":"19.13314° N, 72.915078° E","type":"Plant"},"geometry":{"type":"Point","coordinates":[72.91507772831544,19.133140477960204]}},{"type":"Feature","properties":{"Parcel":"Parcel 59","Frame_No":"frame_00000524__time_00h00m17s484ms","Zone_name":"Academic","ZoneNumber":"Z02","latitude":"19.133123° N","longitude":"72.915118° E","Count":"89","botanical_name":"Alternanthera sp. / Acalypha sp.","comman_name":"Hedge Plant / Copperleaf","Plant_id":"89","schema_name":"20-05-2026 Parcel 59,62,63 Morning Garmin?JI_20260521073725_0002_D","Geo-Cordinates":"19.133123° N, 72.915118° E","type":"Plant"},"geometry":{"type":"Point","coordinates":[72.9151182975736,19.133122788024696]}},{"type":"Feature","properties":{"Parcel":"Parcel 59","Frame_No":"frame_00000674__time_00h00m22s489ms","Zone_name":"Academic","ZoneNumber":"Z02","latitude":"19.133104° N","longitude":"72.915114° E","Count":"90","botanical_name":"Alternanthera sp. / Acalypha sp.","comman_name":"Hedge Plant / Copperleaf","Plant_id":"90","schema_name":"20-05-2026 Parcel 59,62,63 Morning Garmin?JI_20260521073725_0002_D","Geo-Cordinates":"19.133104° N, 72.915114° E","type":"Plant"},"geometry":{"type":"Point","coordinates":[72.91511361650534,19.133103623925752]}},{"type":"Feature","properties":{"Parcel":"Parcel 59","Frame_No":"frame_00000824__time_00h00m27s494ms","Zone_name":"Academic","ZoneNumber":"Z02","latitude":"19.133089° N","longitude":"72.91511° E","Count":"91","botanical_name":"Ixora coccinea / Rondeletia odorata","comman_name":"Ixora / Panama Rose","Plant_id":"91","schema_name":"20-05-2026 Parcel 59,62,63 Morning Garmin?JI_20260521073725_0002_D","Geo-Cordinates":"19.133089° N, 72.91511° E","type":"Plant"},"geometry":{"type":"Point","coordinates":[72.91510997567448,19.133089373696894]}},{"type":"Feature","properties":{"Parcel":"Parcel 59","Frame_No":"frame_00000884__time_00h00m29s496ms","Zone_name":"Academic","ZoneNumber":"Z02","latitude":"19.133074° N","longitude":"72.915106° E","Count":"92","botanical_name":"Ixora coccinea / Rondeletia odorata","comman_name":"Ixora / Panama Rose","Plant_id":"92","schema_name":"20-05-2026 Parcel 59,62,63 Morning Garmin?JI_20260521073725_0002_D","Geo-Cordinates":"19.133074° N, 72.915106° E","type":"Plant"},"geometry":{"type":"Point","coordinates":[72.91510607478429,19.1330743863859]}},{"type":"Feature","properties":{"Parcel":"Parcel 59","Frame_No":"frame_00000914__time_00h00m30s497ms","Zone_name":"Academic","ZoneNumber":"Z02","latitude":"19.133056° N","longitude":"72.915102° E","Count":"93","botanical_name":"Ixora coccinea / Rondeletia odorata","comman_name":"Ixora / Panama Rose","Plant_id":"93","schema_name":"20-05-2026 Parcel 59,62,63 Morning Garmin?JI_20260521073725_0002_D","Geo-Cordinates":"19.133056° N, 72.915102° E","type":"Plant"},"geometry":{"type":"Point","coordinates":[72.91510165377538,19.13305595936233]}},{"type":"Feature","properties":{"Parcel":"Parcel 59","Frame_No":"frame_00000989__time_00h00m32s000ms","Zone_name":"Academic","ZoneNumber":"Z02","latitude":"19.133033° N","longitude":"72.915095° E","Count":"94","botanical_name":"Ixora coccinea / Rondeletia odorata","comman_name":"Ixora / Panama Rose","Plant_id":"94","schema_name":"20-05-2026 Parcel 59,62,63 Morning Garmin?JI_20260521073725_0002_D","Geo-Cordinates":"19.133033° N, 72.915095° E","type":"Plant"},"geometry":{"type":"Point","coordinates":[72.9150951522917,19.13303335554394]}},{"type":"Feature","properties":{"Parcel":"Parcel 59","Frame_No":"frame_00001663__time_00h00m55s489ms","Zone_name":"Academic","ZoneNumber":"Z02","latitude":"19.133004° N","longitude":"72.915066° E","Count":"95","botanical_name":"Hamelia patens","comman_name":"Scarlet Bush / Firebush","Plant_id":"95","schema_name":"20-05-2026 Parcel 59,62,63 Morning Garmin?JI_20260521073725_0002_D","Geo-Cordinates":"19.133004° N, 72.915066° E","type":"Plant"},"geometry":{"type":"Point","coordinates":[72.91506602564482,19.133004302261956]}},{"type":"Feature","properties":{"Parcel":"Parcel 59","Frame_No":"frame_00001798__time_00h00m59s993ms","Zone_name":"Academic","ZoneNumber":"Z02","latitude":"19.133008° N","longitude":"72.915046° E","Count":"96","botanical_name":"Hamelia patens","comman_name":"Scarlet Bush / Firebush","Plant_id":"96","schema_name":"20-05-2026 Parcel 59,62,63 Morning Garmin?JI_20260521073725_0002_D","Geo-Cordinates":"19.133008° N, 72.915046° E","type":"Plant"},"geometry":{"type":"Point","coordinates":[72.91504639116411,19.133007619127383]}},{"type":"Feature","properties":{"Parcel":"Parcel 59","Frame_No":"frame_00001888__time_00h01m02s996ms","Zone_name":"Academic","ZoneNumber":"Z02","latitude":"19.133012° N","longitude":"72.915017° E","Count":"97","botanical_name":"Hamelia patens","comman_name":"Scarlet Bush / Firebush","Plant_id":"97","schema_name":"20-05-2026 Parcel 59,62,63 Morning Garmin?JI_20260521073725_0002_D","Geo-Cordinates":"19.133012° N, 72.915017° E","type":"Plant"},"geometry":{"type":"Point","coordinates":[72.91501713448756,19.13301191876766]}},{"type":"Feature","properties":{"Parcel":"Parcel 59","Frame_No":"frame_00001978__time_00h01m05s999ms","Zone_name":"Academic","ZoneNumber":"Z02","latitude":"19.133026° N","longitude":"72.914958° E","Count":"98","botanical_name":"Hamelia patens / Ixora sp.","comman_name":"Scarlet Bush / Firebush","Plant_id":"98","schema_name":"20-05-2026 Parcel 59,62,63 Morning Garmin?JI_20260521073725_0002_D","Geo-Cordinates":"19.133026° N, 72.914958° E","type":"Plant"},"geometry":{"type":"Point","coordinates":[72.91495823104542,19.13302641469692]}},{"type":"Feature","properties":{"Parcel":"Parcel 59","Frame_No":"frame_00002053__time_00h01m08s502ms","Zone_name":"Academic","ZoneNumber":"Z02","latitude":"19.133046° N","longitude":"72.914967° E","Count":"99","botanical_name":"Dioscorea sp. / Mikania micrantha","comman_name":"Yam Vine / Mile-a-Minute Weed","Plant_id":"99","schema_name":"20-05-2026 Parcel 59,62,63 Morning Garmin?JI_20260521073725_0002_D","Geo-Cordinates":"19.133046° N, 72.914967° E","type":"Plant"},"geometry":{"type":"Point","coordinates":[72.91496655294455,19.133045578804822]}},{"type":"Feature","properties":{"Parcel":"Parcel 59","Frame_No":"frame_00002143__time_00h01m11s505ms","Zone_name":"Academic","ZoneNumber":"Z02","latitude":"19.133073° N","longitude":"72.914977° E","Count":"100","botanical_name":"Glochidion sp. / Ficus sp.","comman_name":"Cheese Tree / Fig Shrub","Plant_id":"100","schema_name":"20-05-2026 Parcel 59,62,63 Morning Garmin?JI_20260521073725_0002_D","Geo-Cordinates":"19.133073° N, 72.914977° E","type":"Plant"},"geometry":{"type":"Point","coordinates":[72.91497695531842,19.13307309649433]}},{"type":"Feature","properties":{"Parcel":"Parcel 59","Frame_No":"frame_00002173__time_00h01m12s506ms","Zone_name":"Academic","ZoneNumber":"Z02","latitude":"19.133096° N","longitude":"72.914975° E","Count":"101","botanical_name":"Breynia vitis-idaea / Bridelia sp.","comman_name":"Coffee Bush / Bridelia","Plant_id":"101","schema_name":"20-05-2026 Parcel 59,62,63 Morning Garmin?JI_20260521073725_0002_D","Geo-Cordinates":"19.133096° N, 72.914975° E","type":"Plant"},"geometry":{"type":"Point","coordinates":[72.91497539496234,19.133096191694488]}},{"type":"Feature","properties":{"Parcel":"Parcel 59","Frame_No":"frame_00002308__time_00h01m17s010ms","Zone_name":"Academic","ZoneNumber":"Z02","latitude":"19.133112° N","longitude":"72.914972° E","Count":"102","botanical_name":"Clinacanthus nutans / Justicia gendarussa","comman_name":"Sabah Snake Grass / Willow-Leaved Justicia","Plant_id":"102","schema_name":"20-05-2026 Parcel 59,62,63 Morning Garmin?JI_20260521073725_0002_D","Geo-Cordinates":"19.133112° N, 72.914972° E","type":"Plant"},"geometry":{"type":"Point","coordinates":[72.91497175413147,19.13311191608424]}},{"type":"Feature","properties":{"Parcel":"Parcel 59","Frame_No":"frame_00002517__time_00h01m23s984ms","Zone_name":"Academic","ZoneNumber":"Z02","latitude":"19.133124° N","longitude":"72.914961° E","Count":"103","botanical_name":"Polyscias filicifolia / Aralia sp.","comman_name":"Fern-leaf Aralia","Plant_id":"103","schema_name":"20-05-2026 Parcel 59,62,63 Morning Garmin?JI_20260521073725_0002_D","Geo-Cordinates":"19.133124° N, 72.914961° E","type":"Plant"},"geometry":{"type":"Point","coordinates":[72.9149613517576,19.13312420076269]}},{"type":"Feature","properties":{"Parcel":"Parcel 59","Frame_No":"frame_00002622__time_00h01m27s487ms","Zone_name":"Academic","ZoneNumber":"Z02","latitude":"19.133136° N","longitude":"72.914964° E","Count":"104","botanical_name":"Cordyline fruticosa / Dracaena sp.","comman_name":"Ti Plant / Cordyline","Plant_id":"104","schema_name":"20-05-2026 Parcel 59,62,63 Morning Garmin?JI_20260521073725_0002_D","Geo-Cordinates":"19.133136° N, 72.914964° E","type":"Plant"},"geometry":{"type":"Point","coordinates":[72.91496447246976,19.133135502666054]}},{"type":"Feature","properties":{"Parcel":"Parcel 59","Frame_No":"frame_00002772__time_00h01m32s492ms","Zone_name":"Academic","ZoneNumber":"Z02","latitude":"19.133144° N","longitude":"72.914962° E","Count":"105","botanical_name":"Breynia vitis-idaea / Hibiscus sp.","comman_name":"Coffee Bush / Chinese Hibiscus","Plant_id":"105","schema_name":"20-05-2026 Parcel 59,62,63 Morning Garmin?JI_20260521073725_0002_D","Geo-Cordinates":"19.133144° N, 72.914962° E","type":"Plant"},"geometry":{"type":"Point","coordinates":[72.91496213193564,19.133144347633365]}},{"type":"Feature","properties":{"Parcel":"Parcel 59","Frame_No":"frame_00002832__time_00h01m34s494ms","Zone_name":"Academic","ZoneNumber":"Z02","latitude":"19.133153° N","longitude":"72.914963° E","Count":"106","botanical_name":"Hibiscus rosa-sinensis","comman_name":"Chinese Hibiscus","Plant_id":"106","schema_name":"20-05-2026 Parcel 59,62,63 Morning Garmin?JI_20260521073725_0002_D","Geo-Cordinates":"19.133153° N, 72.914963° E","type":"Plant"},"geometry":{"type":"Point","coordinates":[72.91496317217303,19.133152946906684]}},{"type":"Feature","properties":{"Parcel":"Parcel 59","Frame_No":"frame_00003357__time_00h01m52s012ms","Zone_name":"Academic","ZoneNumber":"Z02","latitude":"19.133153° N","longitude":"72.914977° E","Count":"107","botanical_name":"Alternanthera sp. / Acalypha sp.","comman_name":"Hedge Plant / Copperleaf","Plant_id":"107","schema_name":"20-05-2026 Parcel 59,62,63 Morning Garmin?JI_20260521073725_0002_D","Geo-Cordinates":"19.133153° N, 72.914977° E","type":"Plant"},"geometry":{"type":"Point","coordinates":[72.91497747543711,19.133152701213167]}},{"type":"Feature","properties":{"Parcel":"Parcel 59","Frame_No":"frame_00003956__time_00h02m11s999ms","Zone_name":"Academic","ZoneNumber":"Z02","latitude":"19.13315° N","longitude":"72.914996° E","Count":"108","botanical_name":"Alternanthera sp. / Acalypha sp.","comman_name":"Hedge Plant / Copperleaf","Plant_id":"108","schema_name":"20-05-2026 Parcel 59,62,63 Morning Garmin?JI_20260521073725_0002_D","Geo-Cordinates":"19.13315° N, 72.914996° E","type":"Plant"},"geometry":{"type":"Point","coordinates":[72.91499645976945,19.13314950719741]}},{"type":"Feature","properties":{"Parcel":"Parcel 59","Frame_No":"frame_00004316__time_00h02m24s011ms","Zone_name":"Academic","ZoneNumber":"Z02","latitude":"19.133148° N","longitude":"72.915014° E","Count":"109","botanical_name":"Alternanthera sp. / Acalypha sp.","comman_name":"Hedge Plant / Copperleaf","Plant_id":"109","schema_name":"20-05-2026 Parcel 59,62,63 Morning Garmin?JI_20260521073725_0002_D","Geo-Cordinates":"19.133148° N, 72.915014° E","type":"Plant"},"geometry":{"type":"Point","coordinates":[72.91501414380507,19.133147541649215]}},{"type":"Feature","properties":{"Parcel":"Parcel 59","Frame_No":"frame_00004690__time_00h02m36s490ms","Zone_name":"Academic","ZoneNumber":"Z02","latitude":"19.133146° N","longitude":"72.915026° E","Count":"110","botanical_name":"Alternanthera sp. / Acalypha sp.","comman_name":"Hedge Plant / Copperleaf","Plant_id":"110","schema_name":"20-05-2026 Parcel 59,62,63 Morning Garmin?JI_20260521073725_0002_D","Geo-Cordinates":"19.133146° N, 72.915026° E","type":"Plant"},"geometry":{"type":"Point","coordinates":[72.91502636659439,19.133146067488067]}},{"type":"Feature","properties":{"Parcel":"Parcel 59","Frame_No":"frame_00004810__time_00h02m40s494ms","Zone_name":"Academic","ZoneNumber":"Z02","latitude":"19.133144° N","longitude":"72.915041° E","Count":"111","botanical_name":"Alternanthera sp. / Acalypha sp.","comman_name":"Hedge Plant / Copperleaf","Plant_id":"111","schema_name":"20-05-2026 Parcel 59,62,63 Morning Garmin?JI_20260521073725_0002_D","Geo-Cordinates":"19.133144° N, 72.915041° E","type":"Plant"},"geometry":{"type":"Point","coordinates":[72.91504118997716,19.133144101939834]}},{"type":"Feature","properties":{"Parcel":"Parcel 59","Frame_No":"1","Zone_name":"Academic","ZoneNumber":"Z02","latitude":"19.133134° N","longitude":"72.914976° E","Count":"112","botanical_name":"Cordyline fruticosa / Dracaena sp.","comman_name":"Ti Plant / Cordyline","Plant_id":"112","schema_name":"21-02-2026 Parcel 59,58 Morning?JI_20260521074042_0003_D","Geo-Cordinates":"19.133134° N, 72.914976° E","type":"Plant"},"geometry":{"type":"Point","coordinates":[72.9149756550217,19.133133782811235]}},{"type":"Feature","properties":{"Parcel":"Parcel 59","Frame_No":"2","Zone_name":"Academic","ZoneNumber":"Z02","latitude":"19.133128° N","longitude":"72.914982° E","Count":"113","botanical_name":"Cordyline fruticosa / Dracaena sp.","comman_name":"Ti Plant / Cordyline","Plant_id":"113","schema_name":"21-02-2026 Parcel 59,58 Morning?JI_20260521074042_0003_D","Geo-Cordinates":"19.133128° N, 72.914982° E","type":"Plant"},"geometry":{"type":"Point","coordinates":[72.91498215650539,19.133127886166044]}},{"type":"Feature","properties":{"Parcel":"Parcel 59","Frame_No":"3","Zone_name":"Academic","ZoneNumber":"Z02","latitude":"19.133122° N","longitude":"72.914975° E","Count":"114","botanical_name":"Cordyline fruticosa / Dracaena sp.","comman_name":"Ti Plant / Cordyline","Plant_id":"114","schema_name":"21-02-2026 Parcel 59,58 Morning?JI_20260521074042_0003_D","Geo-Cordinates":"19.133122° N, 72.914975° E","type":"Plant"},"geometry":{"type":"Point","coordinates":[72.91497526493269,19.13312186667385]}},{"type":"Feature","properties":{"Parcel":"Parcel 59","Frame_No":"4","Zone_name":"Academic","ZoneNumber":"Z02","latitude":"19.133128° N","longitude":"72.914971° E","Count":"115","botanical_name":"Cordyline fruticosa / Dracaena sp.","comman_name":"Ti Plant / Cordyline","Plant_id":"115","schema_name":"21-02-2026 Parcel 59,58 Morning?JI_20260521074042_0003_D","Geo-Cordinates":"19.133128° N, 72.914971° E","type":"Plant"},"geometry":{"type":"Point","coordinates":[72.91497110398313,19.13312825470637]}},{"type":"Feature","properties":{"Parcel":"Parcel 59","Frame_No":"5","Zone_name":"Academic","ZoneNumber":"Z02","latitude":"19.13304° N","longitude":"72.915003° E","Count":"116","botanical_name":"Ixora coccinea / Pentas lanceolata","comman_name":"Jungle Flame / Egyptian Starcluster","Plant_id":"116","schema_name":"21-02-2026 Parcel 59,58 Morning?JI_20260521074042_0003_D","Geo-Cordinates":"19.13304° N, 72.915003° E","type":"Plant"},"geometry":{"type":"Point","coordinates":[72.91500296125315,19.13304017354384]}},{"type":"Feature","properties":{"Parcel":"Parcel 59","Frame_No":"6","Zone_name":"Academic","ZoneNumber":"Z02","latitude":"19.133059° N","longitude":"72.914994° E","Count":"117","botanical_name":"Rosa sp. / Ixora sp.","comman_name":"Rose Bush / Ixora","Plant_id":"117","schema_name":"21-02-2026 Parcel 59,58 Morning?JI_20260521074042_0003_D","Geo-Cordinates":"19.133059° N, 72.914994° E","type":"Plant"},"geometry":{"type":"Point","coordinates":[72.9149943792947,19.13305896910966]}},{"type":"Feature","properties":{"Parcel":"Parcel 59","Frame_No":"7_1","Zone_name":"Academic","ZoneNumber":"Z02","latitude":"19.132902° N","longitude":"72.915053° E","Count":"118","botanical_name":"Manihot esculenta 'Variegata' / Excoecaria sp.","comman_name":"Variegated Tapioca / Chinese Excoecaria","Plant_id":"118","schema_name":"21-02-2026 Parcel 59,58 Morning?JI_20260521074042_0003_D","Geo-Cordinates":"19.132902° N, 72.915053° E","type":"Plant"},"geometry":{"type":"Point","coordinates":[72.91505328273686,19.132902216482176]}},{"type":"Feature","properties":{"Parcel":"Parcel 59","Frame_No":"7_4","Zone_name":"Academic","ZoneNumber":"Z02","latitude":"19.132925° N","longitude":"72.914934° E","Count":"119","botanical_name":"Manihot esculenta 'Variegata' / Excoecaria sp.","comman_name":"Variegated Tapioca / Chinese Excoecaria","Plant_id":"119","schema_name":"21-02-2026 Parcel 59,58 Morning?JI_20260521074042_0003_D","Geo-Cordinates":"19.132925° N, 72.914934° E","type":"Plant"},"geometry":{"type":"Point","coordinates":[72.91493352540746,19.132925311706227]}},{"type":"Feature","properties":{"Parcel":"Parcel 59","Frame_No":"7_2","Zone_name":"Academic","ZoneNumber":"Z02","latitude":"19.132909° N","longitude":"72.915016° E","Count":"120","botanical_name":"Manihot esculenta 'Variegata' / Excoecaria sp.","comman_name":"Variegated Tapioca / Chinese Excoecaria","Plant_id":"120","schema_name":"21-02-2026 Parcel 59,58 Morning?JI_20260521074042_0003_D","Geo-Cordinates":"19.132909° N, 72.915016° E","type":"Plant"},"geometry":{"type":"Point","coordinates":[72.91501622427987,19.132909095910954]}},{"type":"Feature","properties":{"Parcel":"Parcel 59","Frame_No":"7_3","Zone_name":"Academic","ZoneNumber":"Z02","latitude":"19.132916° N","longitude":"72.914978° E","Count":"121","botanical_name":"Manihot esculenta 'Variegata' / Excoecaria sp.","comman_name":"Variegated Tapioca / Chinese Excoecaria","Plant_id":"121","schema_name":"21-02-2026 Parcel 59,58 Morning?JI_20260521074042_0003_D","Geo-Cordinates":"19.132916° N, 72.914978° E","type":"Plant"},"geometry":{"type":"Point","coordinates":[72.91497773549648,19.132916466727185]}},{"type":"Feature","properties":{"Parcel":"Parcel 59","Frame_No":"8_1","Zone_name":"Academic","ZoneNumber":"Z02","latitude":"19.132905° N","longitude":"72.915054° E","Count":"122","botanical_name":"Duranta erecta 'Gold Mound' / Duranta sp.","comman_name":"Golden Dewdrop / Golden Duranta","Plant_id":"122","schema_name":"21-02-2026 Parcel 59,58 Morning?JI_20260521074042_0003_D","Geo-Cordinates":"19.132905° N, 72.915054° E","type":"Plant"},"geometry":{"type":"Point","coordinates":[72.9150544530039,19.132905041961887]}},{"type":"Feature","properties":{"Parcel":"Parcel 59","Frame_No":"8_2","Zone_name":"Academic","ZoneNumber":"Z02","latitude":"19.132913° N","longitude":"72.915017° E","Count":"123","botanical_name":"Duranta erecta 'Gold Mound' / Duranta sp.","comman_name":"Golden Dewdrop / Golden Duranta","Plant_id":"123","schema_name":"21-02-2026 Parcel 59,58 Morning?JI_20260521074042_0003_D","Geo-Cordinates":"19.132913° N, 72.915017° E","type":"Plant"},"geometry":{"type":"Point","coordinates":[72.91501739454694,19.132912781319114]}},{"type":"Feature","properties":{"Parcel":"Parcel 59","Frame_No":"8_3","Zone_name":"Academic","ZoneNumber":"Z02","latitude":"19.132921° N","longitude":"72.914979° E","Count":"124","botanical_name":"Duranta erecta 'Gold Mound' / Duranta sp.","comman_name":"Golden Dewdrop / Golden Duranta","Plant_id":"124","schema_name":"21-02-2026 Parcel 59,58 Morning?JI_20260521074042_0003_D","Geo-Cordinates":"19.132921° N, 72.914979° E","type":"Plant"},"geometry":{"type":"Point","coordinates":[72.91497903579324,19.132920520675974]}},{"type":"Feature","properties":{"Parcel":"Parcel 59","Frame_No":"8_4","Zone_name":"Academic","ZoneNumber":"Z02","latitude":"19.132929° N","longitude":"72.914935° E","Count":"125","botanical_name":"Duranta erecta 'Gold Mound' / Duranta sp.","comman_name":"Golden Dewdrop / Golden Duranta","Plant_id":"125","schema_name":"21-02-2026 Parcel 59,58 Morning?JI_20260521074042_0003_D","Geo-Cordinates":"19.132929° N, 72.914935° E","type":"Plant"},"geometry":{"type":"Point","coordinates":[72.91493547585259,19.132929242807872]}},{"type":"Feature","properties":{"Parcel":"Parcel 59","Frame_No":"9_1","Zone_name":"Academic","ZoneNumber":"Z02","latitude":"19.132913° N","longitude":"72.914977° E","Count":"126","botanical_name":"Alternanthera sp. / Paspalum sp.","comman_name":"Joyweed / Green Ground Cover","Plant_id":"126","schema_name":"21-02-2026 Parcel 59,58 Morning?JI_20260521074042_0003_D","Geo-Cordinates":"19.132913° N, 72.914977° E","type":"Plant"},"geometry":{"type":"Point","coordinates":[72.91497669525911,19.13291327270686]}},{"type":"Feature","properties":{"Parcel":"Parcel 59","Frame_No":"9_2","Zone_name":"Academic","ZoneNumber":"Z02","latitude":"19.132921° N","longitude":"72.914932° E","Count":"127","botanical_name":"Alternanthera sp. / Paspalum sp.","comman_name":"Joyweed / Green Ground Cover","Plant_id":"127","schema_name":"21-02-2026 Parcel 59,58 Morning?JI_20260521074042_0003_D","Geo-Cordinates":"19.132921° N, 72.914932° E","type":"Plant"},"geometry":{"type":"Point","coordinates":[72.91493209508107,19.13292113491063]}},{"type":"Feature","properties":{"Parcel":"Parcel 59","Frame_No":"10","Zone_name":"Academic","ZoneNumber":"Z02","latitude":"19.132923° N","longitude":"72.914919° E","Count":"128","botanical_name":"Tabernaemontana sp. / Excoecaria sp.","comman_name":"Crape Jasmine / Bush Vegetation","Plant_id":"128","schema_name":"21-02-2026 Parcel 59,58 Morning?JI_20260521074042_0003_D","Geo-Cordinates":"19.132923° N, 72.914919° E","type":"Plant"},"geometry":{"type":"Point","coordinates":[72.91491909211373,19.132923223308435]}},{"type":"Feature","properties":{"Parcel":"Parcel 59","Frame_No":"11","Zone_name":"Academic","ZoneNumber":"Z02","latitude":"19.132939° N","longitude":"72.914926° E","Count":"129","botanical_name":"Murraya paniculata / Jasminum sp.","comman_name":"Orange Jessamine / Jasmine","Plant_id":"129","schema_name":"21-02-2026 Parcel 59,58 Morning?JI_20260521074042_0003_D","Geo-Cordinates":"19.132939° N, 72.914926° E","type":"Plant"},"geometry":{"type":"Point","coordinates":[72.91492637377546,19.13293943910232]}},{"type":"Feature","properties":{"Parcel":"Parcel 59","Frame_No":"12","Zone_name":"Academic","ZoneNumber":"Z02","latitude":"19.132957° N","longitude":"72.914934° E","Count":"130","botanical_name":"Euonymus japonicus 'Variegatus' / Pisonia sp.","comman_name":"Variegated Euonymus / Variegated Shrub","Plant_id":"130","schema_name":"21-02-2026 Parcel 59,58 Morning?JI_20260521074042_0003_D","Geo-Cordinates":"19.132957° N, 72.914934° E","type":"Plant"},"geometry":{"type":"Point","coordinates":[72.91493365543718,19.13295663766986]}},{"type":"Feature","properties":{"Parcel":"Parcel 59","Frame_No":"13_1","Zone_name":"Academic","ZoneNumber":"Z02","latitude":"19.132935° N","longitude":"72.914932° E","Count":"131","botanical_name":"Duranta erecta / Euonymus sp.","comman_name":"Golden Dewdrop / Spindle Bush","Plant_id":"131","schema_name":"21-02-2026 Parcel 59,58 Morning?JI_20260521074042_0003_D","Geo-Cordinates":"19.132935° N, 72.914932° E","type":"Plant"},"geometry":{"type":"Point","coordinates":[72.91493235514044,19.13293452522556]}},{"type":"Feature","properties":{"Parcel":"Parcel 59","Frame_No":"13_4","Zone_name":"Academic","ZoneNumber":"Z02","latitude":"19.133007° N","longitude":"72.914958° E","Count":"132","botanical_name":"Duranta erecta / Euonymus sp.","comman_name":"Golden Dewdrop / Spindle Bush","Plant_id":"132","schema_name":"21-02-2026 Parcel 59,58 Morning?JI_20260521074042_0003_D","Geo-Cordinates":"19.133007° N, 72.914958° E","type":"Plant"},"geometry":{"type":"Point","coordinates":[72.91495758089711,19.13300675919931]}},{"type":"Feature","properties":{"Parcel":"Parcel 59","Frame_No":"13_2","Zone_name":"Academic","ZoneNumber":"Z02","latitude":"19.132955° N","longitude":"72.91494° E","Count":"133","botanical_name":"Duranta erecta / Euonymus sp.","comman_name":"Golden Dewdrop / Spindle Bush","Plant_id":"133","schema_name":"21-02-2026 Parcel 59,58 Morning?JI_20260521074042_0003_D","Geo-Cordinates":"19.132955° N, 72.91494° E","type":"Plant"},"geometry":{"type":"Point","coordinates":[72.91494015692085,19.132954917813187]}},{"type":"Feature","properties":{"Parcel":"Parcel 59","Frame_No":"13_3","Zone_name":"Academic","ZoneNumber":"Z02","latitude":"19.132983° N","longitude":"72.91495° E","Count":"134","botanical_name":"Duranta erecta / Euonymus sp.","comman_name":"Golden Dewdrop / Spindle Bush","Plant_id":"134","schema_name":"21-02-2026 Parcel 59,58 Morning?JI_20260521074042_0003_D","Geo-Cordinates":"19.132983° N, 72.91495° E","type":"Plant"},"geometry":{"type":"Point","coordinates":[72.9149502992354,19.13298341829288]}},{"type":"Feature","properties":{"Parcel":"Parcel 59","Frame_No":"14","Zone_name":"Academic","ZoneNumber":"Z02","latitude":"19.132971° N","longitude":"72.914937° E","Count":"135","botanical_name":"Euonymus japonicus 'Variegatus' / Pisonia sp.","comman_name":"Variegated Euonymus / Variegated Shrub","Plant_id":"135","schema_name":"21-02-2026 Parcel 59,58 Morning?JI_20260521074042_0003_D","Geo-Cordinates":"19.132971° N, 72.914937° E","type":"Plant"},"geometry":{"type":"Point","coordinates":[72.91493677614935,19.13297137929775]}},{"type":"Feature","properties":{"Parcel":"Parcel 59","Frame_No":"15","Zone_name":"Academic","ZoneNumber":"Z02","latitude":"19.132992° N","longitude":"72.914943° E","Count":"136","botanical_name":"Euonymus japonicus 'Variegatus' / Pisonia sp.","comman_name":"Variegated Euonymus / Variegated Shrub","Plant_id":"136","schema_name":"21-02-2026 Parcel 59,58 Morning?JI_20260521074042_0003_D","Geo-Cordinates":"19.132992° N, 72.914943° E","type":"Plant"},"geometry":{"type":"Point","coordinates":[72.91494275751431,19.132991526187066]}},{"type":"Feature","properties":{"Parcel":"Parcel 59","Frame_No":"16","Zone_name":"Academic","ZoneNumber":"Z02","latitude":"19.13301° N","longitude":"72.914948° E","Count":"137","botanical_name":"Tabernaemontana sp. / Excoecaria sp.","comman_name":"Crape Jasmine / Green Shrub Vegetation","Plant_id":"137","schema_name":"21-02-2026 Parcel 59,58 Morning?JI_20260521074042_0003_D","Geo-Cordinates":"19.13301° N, 72.914948° E","type":"Plant"},"geometry":{"type":"Point","coordinates":[72.91494795870126,19.1330097075241]}},{"type":"Feature","properties":{"Parcel":"Parcel 59","Frame_No":"17_1","Zone_name":"Academic","ZoneNumber":"Z02","latitude":"19.133005° N","longitude":"72.914965° E","Count":"138","botanical_name":"Duranta erecta / Duranta sp.","comman_name":"Golden Dewdrop / Golden Duranta","Plant_id":"138","schema_name":"21-02-2026 Parcel 59,58 Morning?JI_20260521074042_0003_D","Geo-Cordinates":"19.133005° N, 72.914965° E","type":"Plant"},"geometry":{"type":"Point","coordinates":[72.91496538267752,19.133004793649423]}},{"type":"Feature","properties":{"Parcel":"Parcel 59","Frame_No":"17_4","Zone_name":"Academic","ZoneNumber":"Z02","latitude":"19.132982° N","longitude":"72.915075° E","Count":"139","botanical_name":"Duranta erecta / Duranta sp.","comman_name":"Golden Dewdrop / Golden Duranta","Plant_id":"139","schema_name":"21-02-2026 Parcel 59,58 Morning?JI_20260521074042_0003_D","Geo-Cordinates":"19.132982° N, 72.915075° E","type":"Plant"},"geometry":{"type":"Point","coordinates":[72.91507512772203,19.132982189824027]}},{"type":"Feature","properties":{"Parcel":"Parcel 59","Frame_No":"17_2","Zone_name":"Academic","ZoneNumber":"Z02","latitude":"19.132999° N","longitude":"72.914994° E","Count":"140","botanical_name":"Duranta erecta / Duranta sp.","comman_name":"Golden Dewdrop / Golden Duranta","Plant_id":"140","schema_name":"21-02-2026 Parcel 59,58 Morning?JI_20260521074042_0003_D","Geo-Cordinates":"19.132999° N, 72.914994° E","type":"Plant"},"geometry":{"type":"Point","coordinates":[72.91499398920571,19.132999142693368]}},{"type":"Feature","properties":{"Parcel":"Parcel 59","Frame_No":"17_3","Zone_name":"Academic","ZoneNumber":"Z02","latitude":"19.132991° N","longitude":"72.915038° E","Count":"141","botanical_name":"Duranta erecta / Duranta sp.","comman_name":"Golden Dewdrop / Golden Duranta","Plant_id":"141","schema_name":"21-02-2026 Parcel 59,58 Morning?JI_20260521074042_0003_D","Geo-Cordinates":"19.132991° N, 72.915038° E","type":"Plant"},"geometry":{"type":"Point","coordinates":[72.91503767917604,19.132990543412035]}},{"type":"Feature","properties":{"Parcel":"Parcel 59","Frame_No":"18_1","Zone_name":"Academic","ZoneNumber":"Z02","latitude":"19.133008° N","longitude":"72.914967° E","Count":"142","botanical_name":"Euonymus japonicus 'Variegatus' / Pisonia sp.","comman_name":"Variegated Euonymus / Variegated Shrub","Plant_id":"142","schema_name":"21-02-2026 Parcel 59,58 Morning?JI_20260521074042_0003_D","Geo-Cordinates":"19.133008° N, 72.914967° E","type":"Plant"},"geometry":{"type":"Point","coordinates":[72.91496655294458,19.133007864821113]}},{"type":"Feature","properties":{"Parcel":"Parcel 59","Frame_No":"18_2","Zone_name":"Academic","ZoneNumber":"Z02","latitude":"19.133003° N","longitude":"72.914995° E","Count":"143","botanical_name":"Euonymus japonicus 'Variegatus' / Pisonia sp.","comman_name":"Variegated Euonymus / Variegated Shrub","Plant_id":"143","schema_name":"21-02-2026 Parcel 59,58 Morning?JI_20260521074042_0003_D","Geo-Cordinates":"19.133003° N, 72.914995° E","type":"Plant"},"geometry":{"type":"Point","coordinates":[72.91499541953212,19.133002950946384]}},{"type":"Feature","properties":{"Parcel":"Parcel 59","Frame_No":"18_3","Zone_name":"Academic","ZoneNumber":"Z02","latitude":"19.132993° N","longitude":"72.915039° E","Count":"144","botanical_name":"Euonymus japonicus 'Variegatus' / Pisonia sp.","comman_name":"Variegated Euonymus / Variegated Shrub","Plant_id":"144","schema_name":"21-02-2026 Parcel 59,58 Morning?JI_20260521074042_0003_D","Geo-Cordinates":"19.132993° N, 72.915039° E","type":"Plant"},"geometry":{"type":"Point","coordinates":[72.91503884944309,19.132993368890236]}},{"type":"Feature","properties":{"Parcel":"Parcel 59","Frame_No":"18_4","Zone_name":"Academic","ZoneNumber":"Z02","latitude":"19.132986° N","longitude":"72.915076° E","Count":"145","botanical_name":"Euonymus japonicus 'Variegatus' / Pisonia sp.","comman_name":"Variegated Euonymus / Variegated Shrub","Plant_id":"145","schema_name":"21-02-2026 Parcel 59,58 Morning?JI_20260521074042_0003_D","Geo-Cordinates":"19.132986° N, 72.915076° E","type":"Plant"},"geometry":{"type":"Point","coordinates":[72.91507642801876,19.13298575238367]}},{"type":"Feature","properties":{"Parcel":"Parcel 59","Frame_No":"19_1","Zone_name":"Academic","ZoneNumber":"Z02","latitude":"19.13301° N","longitude":"72.914968° E","Count":"146","botanical_name":"Alternanthera sp. / Paspalum sp.","comman_name":"Joyweed / Green Ground Cover","Plant_id":"146","schema_name":"21-02-2026 Parcel 59,58 Morning?JI_20260521074042_0003_D","Geo-Cordinates":"19.13301° N, 72.914968° E","type":"Plant"},"geometry":{"type":"Point","coordinates":[72.91496759318197,19.133010321758427]}},{"type":"Feature","properties":{"Parcel":"Parcel 59","Frame_No":"19_2","Zone_name":"Academic","ZoneNumber":"Z02","latitude":"19.133005° N","longitude":"72.914997° E","Count":"147","botanical_name":"Alternanthera sp. / Paspalum sp.","comman_name":"Joyweed / Green Ground Cover","Plant_id":"147","schema_name":"21-02-2026 Parcel 59,58 Morning?JI_20260521074042_0003_D","Geo-Cordinates":"19.133005° N, 72.914997° E","type":"Plant"},"geometry":{"type":"Point","coordinates":[72.91499658979917,19.133004670802553]}},{"type":"Feature","properties":{"Parcel":"Parcel 59","Frame_No":"20","Zone_name":"Academic","ZoneNumber":"Z02","latitude":"19.132958° N","longitude":"72.914998° E","Count":"148","botanical_name":"Carmona retusa / Ficus microcarpa","comman_name":"Fukien Tea / Hedge Shrub","Plant_id":"148","schema_name":"21-02-2026 Parcel 59,58 Morning?JI_20260521074042_0003_D","Geo-Cordinates":"19.132958° N, 72.914998° E","type":"Plant"},"geometry":{"type":"Point","coordinates":[72.91499789009592,19.13295786613891]}},{"type":"Feature","properties":{"Parcel":"Parcel 59","Frame_No":"21","Zone_name":"Academic","ZoneNumber":"Z02","latitude":"19.132975° N","longitude":"72.915074° E","Count":"149","botanical_name":"Loropetalum chinense / Alternanthera sp.","comman_name":"Fringe Flower / Red Ivy","Plant_id":"149","schema_name":"21-02-2026 Parcel 59,58 Morning?JI_20260521074042_0003_D","Geo-Cordinates":"19.132975° N, 72.915074° E","type":"Plant"},"geometry":{"type":"Point","coordinates":[72.91507356736594,19.13297457331696]}},{"type":"Feature","properties":{"Parcel":"Parcel 59","Frame_No":"22","Zone_name":"Academic","ZoneNumber":"Z02","latitude":"19.132946° N","longitude":"72.915067° E","Count":"150","botanical_name":"Loropetalum chinense / Loropetalum sp.","comman_name":"Chinese Fringe Flower / Purple Shrub","Plant_id":"150","schema_name":"21-02-2026 Parcel 59,58 Morning?JI_20260521074042_0003_D","Geo-Cordinates":"19.132946° N, 72.915067° E","type":"Plant"},"geometry":{"type":"Point","coordinates":[72.91506654576357,19.132946072835736]}},{"type":"Feature","properties":{"Parcel":"Parcel 59","Frame_No":"23","Zone_name":"Academic","ZoneNumber":"Z02","latitude":"19.132918° N","longitude":"72.915058° E","Count":"151","botanical_name":"Loropetalum chinense / Alternanthera sp.","comman_name":"Fringe Flower / Red Ivy","Plant_id":"151","schema_name":"21-02-2026 Parcel 59,58 Morning?JI_20260521074042_0003_D","Geo-Cordinates":"19.132918° N, 72.915058° E","type":"Plant"},"geometry":{"type":"Point","coordinates":[72.91505822386445,19.132917818043463]}},{"type":"Feature","properties":{"Parcel":"Parcel 59","Frame_No":"1_1","Zone_name":"Academic","ZoneNumber":"Z02","latitude":"19.132894° N","longitude":"72.915061° E","Count":"152","botanical_name":"Hamelia patens / Ixora sp.","comman_name":"Firebush / Scarlet Bush","Plant_id":"152","schema_name":"21-02-2026 Parcel 59,58 Morning?JI_20260521074558_0004_D?JI_20260521074558_0004_D","Geo-Cordinates":"19.132894° N, 72.915061° E","type":"Plant"},"geometry":{"type":"Point","coordinates":[72.9150608244579,19.13289417000709]}},{"type":"Feature","properties":{"Parcel":"Parcel 59","Frame_No":"1_5","Zone_name":"Academic","ZoneNumber":"Z02","latitude":"19.132751° N","longitude":"72.915022° E","Count":"153","botanical_name":"Hamelia patens / Ixora sp.","comman_name":"Firebush / Scarlet Bush","Plant_id":"153","schema_name":"21-02-2026 Parcel 59,58 Morning?JI_20260521074558_0004_D?JI_20260521074558_0004_D","Geo-Cordinates":"19.132751° N, 72.915022° E","type":"Plant"},"geometry":{"type":"Point","coordinates":[72.91502168552616,19.132751298941248]}},{"type":"Feature","properties":{"Parcel":"Parcel 59","Frame_No":"1_2","Zone_name":"Academic","ZoneNumber":"Z02","latitude":"19.13286° N","longitude":"72.915051° E","Count":"154","botanical_name":"Hamelia patens / Ixora sp.","comman_name":"Firebush / Scarlet Bush","Plant_id":"154","schema_name":"21-02-2026 Parcel 59,58 Morning?JI_20260521074558_0004_D?JI_20260521074558_0004_D","Geo-Cordinates":"19.13286° N, 72.915051° E","type":"Plant"},"geometry":{"type":"Point","coordinates":[72.91505055211371,19.132859650010243]}},{"type":"Feature","properties":{"Parcel":"Parcel 59","Frame_No":"1_3","Zone_name":"Academic","ZoneNumber":"Z02","latitude":"19.132815° N","longitude":"72.91504° E","Count":"155","botanical_name":"Hamelia patens / Ixora sp.","comman_name":"Firebush / Scarlet Bush","Plant_id":"155","schema_name":"21-02-2026 Parcel 59,58 Morning?JI_20260521074558_0004_D?JI_20260521074558_0004_D","Geo-Cordinates":"19.132815° N, 72.91504° E","type":"Plant"},"geometry":{"type":"Point","coordinates":[72.91503962962112,19.13281542509271]}},{"type":"Feature","properties":{"Parcel":"Parcel 59","Frame_No":"1_4","Zone_name":"Academic","ZoneNumber":"Z02","latitude":"19.132766° N","longitude":"72.915026° E","Count":"156","botanical_name":"Hamelia patens / Ixora sp.","comman_name":"Firebush / Scarlet Bush","Plant_id":"156","schema_name":"21-02-2026 Parcel 59,58 Morning?JI_20260521074558_0004_D?JI_20260521074558_0004_D","Geo-Cordinates":"19.132766° N, 72.915026° E","type":"Plant"},"geometry":{"type":"Point","coordinates":[72.91502610653508,19.132765794893373]}},{"type":"Feature","properties":{"Parcel":"Parcel 59","Frame_No":"1_6","Zone_name":"Academic","ZoneNumber":"Z02","latitude":"19.132726° N","longitude":"72.915013° E","Count":"157","botanical_name":"Hamelia patens / Ixora sp.","comman_name":"Firebush / Scarlet Bush","Plant_id":"157","schema_name":"21-02-2026 Parcel 59,58 Morning?JI_20260521074558_0004_D?JI_20260521074558_0004_D","Geo-Cordinates":"19.132726° N, 72.915013° E","type":"Plant"},"geometry":{"type":"Point","coordinates":[72.91501336362704,19.1327255010572]}},{"type":"Feature","properties":{"Parcel":"Parcel 59","Frame_No":"2","Zone_name":"Academic","ZoneNumber":"Z02","latitude":"19.132692° N","longitude":"72.914993° E","Count":"158","botanical_name":"Hamelia patens / Ixora sp.","comman_name":"Firebush / Scarlet Bush","Plant_id":"158","schema_name":"21-02-2026 Parcel 59,58 Morning?JI_20260521074558_0004_D?JI_20260521074558_0004_D","Geo-Cordinates":"19.132692° N, 72.914993° E","type":"Plant"},"geometry":{"type":"Point","coordinates":[72.91499281893861,19.132692332343215]}},{"type":"Feature","properties":{"Parcel":"Parcel 59","Frame_No":"3","Zone_name":"Academic","ZoneNumber":"Z02","latitude":"19.132661° N","longitude":"72.914975° E","Count":"159","botanical_name":"Hamelia patens / Ixora sp.","comman_name":"Firebush / Scarlet Bush","Plant_id":"159","schema_name":"21-02-2026 Parcel 59,58 Morning?JI_20260521074558_0004_D?JI_20260521074558_0004_D","Geo-Cordinates":"19.132661° N, 72.914975° E","type":"Plant"},"geometry":{"type":"Point","coordinates":[72.91497461478431,19.132661374870818]}},{"type":"Feature","properties":{"Parcel":"Parcel 59","Frame_No":"4","Zone_name":"Academic","ZoneNumber":"Z02","latitude":"19.13263° N","longitude":"72.914841° E","Count":"160","botanical_name":"Rauvolfia tetraphylla / Euonymus sp.","comman_name":"Be-Still Tree / Shrub","Plant_id":"160","schema_name":"21-02-2026 Parcel 59,58 Morning?JI_20260521074558_0004_D?JI_20260521074558_0004_D","Geo-Cordinates":"19.13263° N, 72.914841° E","type":"Plant"},"geometry":{"type":"Point","coordinates":[72.91484094427989,19.132629926004032]}},{"type":"Feature","properties":{"Parcel":"Parcel 59","Frame_No":"5","Zone_name":"Academic","ZoneNumber":"Z02","latitude":"19.132617° N","longitude":"72.914847° E","Count":"161","botanical_name":"Monoon longifolium (Polyalthia longifolia)","comman_name":"Mast Tree / False Ashoka","Plant_id":"161","schema_name":"21-02-2026 Parcel 59,58 Morning?JI_20260521074558_0004_D?JI_20260521074558_0004_D","Geo-Cordinates":"19.132617° N, 72.914847° E","type":"Plant"},"geometry":{"type":"Point","coordinates":[72.91484666558553,19.13261690420588]}},{"type":"Feature","properties":{"Parcel":"Parcel 59","Frame_No":"6","Zone_name":"Academic","ZoneNumber":"Z02","latitude":"19.132625° N","longitude":"72.914853° E","Count":"162","botanical_name":"Codiaeum variegatum","comman_name":"Garden Croton","Plant_id":"162","schema_name":"21-02-2026 Parcel 59,58 Morning?JI_20260521074558_0004_D?JI_20260521074558_0004_D","Geo-Cordinates":"19.132625° N, 72.914853° E","type":"Plant"},"geometry":{"type":"Point","coordinates":[72.91485342712855,19.132624520729454]}},{"type":"Feature","properties":{"Parcel":"Parcel 59","Frame_No":"7","Zone_name":"Academic","ZoneNumber":"Z02","latitude":"19.132618° N","longitude":"72.914859° E","Count":"163","botanical_name":"Codiaeum variegatum / Dracaena sp.","comman_name":"Croton / Ti Plant","Plant_id":"163","schema_name":"21-02-2026 Parcel 59,58 Morning?JI_20260521074558_0004_D?JI_20260521074558_0004_D","Geo-Cordinates":"19.132618° N, 72.914859° E","type":"Plant"},"geometry":{"type":"Point","coordinates":[72.91485914843419,19.132617886983134]}},{"type":"Feature","properties":{"Parcel":"Parcel 59","Frame_No":"8","Zone_name":"Academic","ZoneNumber":"Z02","latitude":"19.132611° N","longitude":"72.914855° E","Count":"164","botanical_name":"Murraya koenigii / Biophytum sp.","comman_name":"Curry Leaf / Leafy Shrub","Plant_id":"164","schema_name":"21-02-2026 Parcel 59,58 Morning?JI_20260521074558_0004_D?JI_20260521074558_0004_D","Geo-Cordinates":"19.132611° N, 72.914855° E","type":"Plant"},"geometry":{"type":"Point","coordinates":[72.91485472742528,19.132611007542227]}},{"type":"Feature","properties":{"Parcel":"Parcel 59","Frame_No":"9_1","Zone_name":"Academic","ZoneNumber":"Z02","latitude":"19.132608° N","longitude":"72.914852° E","Count":"165","botanical_name":"Codiaeum variegatum","comman_name":"Garden Croton","Plant_id":"165","schema_name":"21-02-2026 Parcel 59,58 Morning?JI_20260521074558_0004_D?JI_20260521074558_0004_D","Geo-Cordinates":"19.132608° N, 72.914852° E","type":"Plant"},"geometry":{"type":"Point","coordinates":[72.91485212683182,19.132608059210316]}},{"type":"Feature","properties":{"Parcel":"Parcel 59","Frame_No":"9_2","Zone_name":"Academic","ZoneNumber":"Z02","latitude":"19.132606° N","longitude":"72.91485° E","Count":"166","botanical_name":"Codiaeum variegatum","comman_name":"Garden Croton","Plant_id":"166","schema_name":"21-02-2026 Parcel 59,58 Morning?JI_20260521074558_0004_D?JI_20260521074558_0004_D","Geo-Cordinates":"19.132606° N, 72.91485° E","type":"Plant"},"geometry":{"type":"Point","coordinates":[72.91485017638672,19.132605602267017]}},{"type":"Feature","properties":{"Parcel":"Parcel 59","Frame_No":"9_3","Zone_name":"Academic","ZoneNumber":"Z02","latitude":"19.132602° N","longitude":"72.914848° E","Count":"167","botanical_name":"Codiaeum variegatum","comman_name":"Garden Croton","Plant_id":"167","schema_name":"21-02-2026 Parcel 59,58 Morning?JI_20260521074558_0004_D?JI_20260521074558_0004_D","Geo-Cordinates":"19.132602° N, 72.914848° E","type":"Plant"},"geometry":{"type":"Point","coordinates":[72.91484770582294,19.13260216254635]}},{"type":"Feature","properties":{"Parcel":"Parcel 59","Frame_No":"10","Zone_name":"Academic","ZoneNumber":"Z02","latitude":"19.132606° N","longitude":"72.914833° E","Count":"168","botanical_name":"Cordyline fruticosa / Dracaena sp.","comman_name":"Ti Plant / Cordyline","Plant_id":"168","schema_name":"21-02-2026 Parcel 59,58 Morning?JI_20260521074558_0004_D?JI_20260521074558_0004_D","Geo-Cordinates":"19.132606° N, 72.914833° E","type":"Plant"},"geometry":{"type":"Point","coordinates":[72.91483314249946,19.13260584796135]}},{"type":"Feature","properties":{"Parcel":"Parcel 59","Frame_No":"11","Zone_name":"Academic","ZoneNumber":"Z02","latitude":"19.132607° N","longitude":"72.91483° E","Count":"169","botanical_name":"Cordyline fruticosa / Dracaena sp.","comman_name":"Ti Plant / Green Cordyline","Plant_id":"169","schema_name":"21-02-2026 Parcel 59,58 Morning?JI_20260521074558_0004_D?JI_20260521074558_0004_D","Geo-Cordinates":"19.132607° N, 72.91483° E","type":"Plant"},"geometry":{"type":"Point","coordinates":[72.91483041187632,19.132607199280166]}},{"type":"Feature","properties":{"Parcel":"Parcel 59","Frame_No":"12","Zone_name":"Academic","ZoneNumber":"Z02","latitude":"19.13261° N","longitude":"72.914826° E","Count":"170","botanical_name":"Cordyline fruticosa / Dracaena sp.","comman_name":"Ti Plant / Green Cordyline","Plant_id":"170","schema_name":"21-02-2026 Parcel 59,58 Morning?JI_20260521074558_0004_D?JI_20260521074558_0004_D","Geo-Cordinates":"19.13261° N, 72.914826° E","type":"Plant"},"geometry":{"type":"Point","coordinates":[72.91482586083775,19.13261039330641]}},{"type":"Feature","properties":{"Parcel":"Parcel 59","Frame_No":"13","Zone_name":"Academic","ZoneNumber":"Z02","latitude":"19.132613° N","longitude":"72.914821° E","Count":"171","botanical_name":"Cordyline fruticosa / Dracaena sp.","comman_name":"Ti Plant / Green Cordyline","Plant_id":"171","schema_name":"21-02-2026 Parcel 59,58 Morning?JI_20260521074558_0004_D?JI_20260521074558_0004_D","Geo-Cordinates":"19.132613° N, 72.914821° E","type":"Plant"},"geometry":{"type":"Point","coordinates":[72.9148206596508,19.132613464485438]}},{"type":"Feature","properties":{"Parcel":"Parcel 59","Frame_No":"14","Zone_name":"Academic","ZoneNumber":"Z02","latitude":"19.132616° N","longitude":"72.914816° E","Count":"172","botanical_name":"Cordyline fruticosa","comman_name":"Black Magic Ti Plant / Red Cordyline","Plant_id":"172","schema_name":"21-02-2026 Parcel 59,58 Morning?JI_20260521074558_0004_D?JI_20260521074558_0004_D","Geo-Cordinates":"19.132616° N, 72.914816° E","type":"Plant"},"geometry":{"type":"Point","coordinates":[72.9148162386419,19.132616044275775]}},{"type":"Feature","properties":{"Parcel":"Parcel 59","Frame_No":"14_1","Zone_name":"Academic","ZoneNumber":"Z02","latitude":"19.132618° N","longitude":"72.914813° E","Count":"173","botanical_name":"Cordyline fruticosa","comman_name":"Red Ti Plant / Cordyline","Plant_id":"173","schema_name":"21-02-2026 Parcel 59,58 Morning?JI_20260521074558_0004_D?JI_20260521074558_0004_D","Geo-Cordinates":"19.132618° N, 72.914813° E","type":"Plant"},"geometry":{"type":"Point","coordinates":[72.91481298790005,19.13261800983029]}},{"type":"Feature","properties":{"Parcel":"Parcel 59","Frame_No":"15","Zone_name":"Academic","ZoneNumber":"Z02","latitude":"19.132624° N","longitude":"72.914808° E","Count":"174","botanical_name":"Codiaeum variegatum","comman_name":"Garden Croton","Plant_id":"174","schema_name":"21-02-2026 Parcel 59,58 Morning?JI_20260521074558_0004_D?JI_20260521074558_0004_D","Geo-Cordinates":"19.132624° N, 72.914808° E","type":"Plant"},"geometry":{"type":"Point","coordinates":[72.91480778671311,19.13262402934085]}},{"type":"Feature","properties":{"Parcel":"Parcel 59","Frame_No":"16","Zone_name":"Academic","ZoneNumber":"Z02","latitude":"19.132628° N","longitude":"72.914803° E","Count":"175","botanical_name":"Codiaeum variegatum","comman_name":"Garden Croton","Plant_id":"175","schema_name":"21-02-2026 Parcel 59,58 Morning?JI_20260521074558_0004_D?JI_20260521074558_0004_D","Geo-Cordinates":"19.132628° N, 72.914803° E","type":"Plant"},"geometry":{"type":"Point","coordinates":[72.91480284558553,19.13262820614396]}},{"type":"Feature","properties":{"Parcel":"Parcel 59","Frame_No":"17","Zone_name":"Academic","ZoneNumber":"Z02","latitude":"19.132633° N","longitude":"72.914798° E","Count":"176","botanical_name":"Codiaeum variegatum / Cordyline sp.","comman_name":"Garden Croton / Ti Plant","Plant_id":"176","schema_name":"21-02-2026 Parcel 59,58 Morning?JI_20260521074558_0004_D?JI_20260521074558_0004_D","Geo-Cordinates":"19.132633° N, 72.914798° E","type":"Plant"},"geometry":{"type":"Point","coordinates":[72.91479842457662,19.132632874335545]}},{"type":"Feature","properties":{"Parcel":"Parcel 59","Frame_No":"18","Zone_name":"Academic","ZoneNumber":"Z02","latitude":"19.132637° N","longitude":"72.914794° E","Count":"177","botanical_name":"Hibiscus rosa-sinensis","comman_name":"Hibiscus / Shoeblackplant","Plant_id":"177","schema_name":"21-02-2026 Parcel 59,58 Morning?JI_20260521074558_0004_D?JI_20260521074558_0004_D","Geo-Cordinates":"19.132637° N, 72.914794° E","type":"Plant"},"geometry":{"type":"Point","coordinates":[72.9147940035677,19.132636559749873]}},{"type":"Feature","properties":{"Parcel":"Parcel 59","Frame_No":"19","Zone_name":"Academic","ZoneNumber":"Z02","latitude":"19.132642° N","longitude":"72.914788° E","Count":"178","botanical_name":"Hibiscus rosa-sinensis","comman_name":"Hibiscus / Shoeblackplant","Plant_id":"178","schema_name":"21-02-2026 Parcel 59,58 Morning?JI_20260521074558_0004_D?JI_20260521074558_0004_D","Geo-Cordinates":"19.132642° N, 72.914788° E","type":"Plant"},"geometry":{"type":"Point","coordinates":[72.91478828226208,19.132641965024057]}},{"type":"Feature","properties":{"Parcel":"Parcel 59","Frame_No":"20_1","Zone_name":"Academic","ZoneNumber":"Z02","latitude":"19.132644° N","longitude":"72.914786° E","Count":"179","botanical_name":"Cordyline fruticosa","comman_name":"Red Ti Plant / Cordyline","Plant_id":"179","schema_name":"21-02-2026 Parcel 59,58 Morning?JI_20260521074558_0004_D?JI_20260521074558_0004_D","Geo-Cordinates":"19.132644° N, 72.914786° E","type":"Plant"},"geometry":{"type":"Point","coordinates":[72.91478620178731,19.132643684883988]}},{"type":"Feature","properties":{"Parcel":"Parcel 59","Frame_No":"20_2","Zone_name":"Academic","ZoneNumber":"Z02","latitude":"19.132645° N","longitude":"72.914785° E","Count":"180","botanical_name":"Cordyline fruticosa","comman_name":"Red Ti Plant / Cordyline","Plant_id":"180","schema_name":"21-02-2026 Parcel 59,58 Morning?JI_20260521074558_0004_D?JI_20260521074558_0004_D","Geo-Cordinates":"19.132645° N, 72.914785° E","type":"Plant"},"geometry":{"type":"Point","coordinates":[72.91478490149056,19.132645159049634]}},{"type":"Feature","properties":{"Parcel":"Parcel 59","Frame_No":"20_3","Zone_name":"Academic","ZoneNumber":"Z02","latitude":"19.132647° N","longitude":"72.914783° E","Count":"181","botanical_name":"Cordyline fruticosa","comman_name":"Red Ti Plant / Cordyline","Plant_id":"181","schema_name":"21-02-2026 Parcel 59,58 Morning?JI_20260521074558_0004_D?JI_20260521074558_0004_D","Geo-Cordinates":"19.132647° N, 72.914783° E","type":"Plant"},"geometry":{"type":"Point","coordinates":[72.9147833411345,19.132646510368126]}},{"type":"Feature","properties":{"Parcel":"Parcel 59","Frame_No":"20_4","Zone_name":"Academic","ZoneNumber":"Z02","latitude":"19.132648° N","longitude":"72.914782° E","Count":"182","botanical_name":"Cordyline fruticosa","comman_name":"Red Ti Plant / Cordyline","Plant_id":"182","schema_name":"21-02-2026 Parcel 59,58 Morning?JI_20260521074558_0004_D?JI_20260521074558_0004_D","Geo-Cordinates":"19.132648° N, 72.914782° E","type":"Plant"},"geometry":{"type":"Point","coordinates":[72.91478204083776,19.132648107380874]}},{"type":"Feature","properties":{"Parcel":"Parcel 59","Frame_No":"20_5","Zone_name":"Academic","ZoneNumber":"Z02","latitude":"19.132649° N","longitude":"72.91478° E","Count":"183","botanical_name":"Cordyline fruticosa","comman_name":"Red Ti Plant / Cordyline","Plant_id":"183","schema_name":"21-02-2026 Parcel 59,58 Morning?JI_20260521074558_0004_D?JI_20260521074558_0004_D","Geo-Cordinates":"19.132649° N, 72.91478° E","type":"Plant"},"geometry":{"type":"Point","coordinates":[72.91478009039265,19.132649335852214]}},{"type":"Feature","properties":{"Parcel":"Parcel 59","Frame_No":"20_6","Zone_name":"Academic","ZoneNumber":"Z02","latitude":"19.132651° N","longitude":"72.914778° E","Count":"184","botanical_name":"Cordyline fruticosa","comman_name":"Red Ti Plant / Cordyline","Plant_id":"184","schema_name":"21-02-2026 Parcel 59,58 Morning?JI_20260521074558_0004_D?JI_20260521074558_0004_D","Geo-Cordinates":"19.132651° N, 72.914778° E","type":"Plant"},"geometry":{"type":"Point","coordinates":[72.91477813994756,19.13265068717067]}},{"type":"Feature","properties":{"Parcel":"Parcel 59","Frame_No":"20_7","Zone_name":"Academic","ZoneNumber":"Z02","latitude":"19.132653° N","longitude":"72.914775° E","Count":"185","botanical_name":"Cordyline fruticosa","comman_name":"Red Ti Plant / Cordyline","Plant_id":"185","schema_name":"21-02-2026 Parcel 59,58 Morning?JI_20260521074558_0004_D?JI_20260521074558_0004_D","Geo-Cordinates":"19.132653° N, 72.914775° E","type":"Plant"},"geometry":{"type":"Point","coordinates":[72.91477488920569,19.132652652724776]}},{"type":"Feature","properties":{"Parcel":"Parcel 59","Frame_No":"21","Zone_name":"Academic","ZoneNumber":"Z02","latitude":"19.132665° N","longitude":"72.91477° E","Count":"186","botanical_name":"Rauvolfia tetraphylla / Carmona retusa","comman_name":"Wild Snakeroot / Fukien Tea","Plant_id":"186","schema_name":"21-02-2026 Parcel 59,58 Morning?JI_20260521074558_0004_D?JI_20260521074558_0004_D","Geo-Cordinates":"19.132665° N, 72.91477° E","type":"Plant"},"geometry":{"type":"Point","coordinates":[72.91476968801878,19.132665428825874]}},{"type":"Feature","properties":{"Parcel":"Parcel 59","Frame_No":"22","Zone_name":"Academic","ZoneNumber":"Z02","latitude":"19.132676° N","longitude":"72.914767° E","Count":"187","botanical_name":"Ficus elastica / Epipremnum pinnatum","comman_name":"Climbing Vine / Dragon Tail","Plant_id":"187","schema_name":"21-02-2026 Parcel 59,58 Morning?JI_20260521074558_0004_D?JI_20260521074558_0004_D","Geo-Cordinates":"19.132676° N, 72.914767° E","type":"Plant"},"geometry":{"type":"Point","coordinates":[72.91476656730659,19.132676485066412]}},{"type":"Feature","properties":{"Parcel":"Parcel 59","Frame_No":"23","Zone_name":"Academic","ZoneNumber":"Z02","latitude":"19.13268° N","longitude":"72.914769° E","Count":"188","botanical_name":"Cordyline fruticosa","comman_name":"Ti Plant / Cordyline","Plant_id":"188","schema_name":"21-02-2026 Parcel 59,58 Morning?JI_20260521074558_0004_D?JI_20260521074558_0004_D","Geo-Cordinates":"19.13268° N, 72.914769° E","type":"Plant"},"geometry":{"type":"Point","coordinates":[72.91476864778139,19.132680170479755]}},{"type":"Feature","properties":{"Parcel":"Parcel 59","Frame_No":"24","Zone_name":"Academic","ZoneNumber":"Z02","latitude":"19.132685° N","longitude":"72.914771° E","Count":"189","botanical_name":"Ptychosperma elegans / Arecaceae","comman_name":"Solitaire Palm / Feather Palm","Plant_id":"189","schema_name":"21-02-2026 Parcel 59,58 Morning?JI_20260521074558_0004_D?JI_20260521074558_0004_D","Geo-Cordinates":"19.132685° N, 72.914771° E","type":"Plant"},"geometry":{"type":"Point","coordinates":[72.91477072825617,19.13268508436409]}},{"type":"Feature","properties":{"Parcel":"Parcel 59","Frame_No":"25","Zone_name":"Academic","ZoneNumber":"Z02","latitude":"19.13269° N","longitude":"72.914772° E","Count":"190","botanical_name":"Hibiscus rosa-sinensis / Malvaceae","comman_name":"Hibiscus / Rose Mallow","Plant_id":"190","schema_name":"21-02-2026 Parcel 59,58 Morning?JI_20260521074558_0004_D?JI_20260521074558_0004_D","Geo-Cordinates":"19.13269° N, 72.914772° E","type":"Plant"},"geometry":{"type":"Point","coordinates":[72.91477228861226,19.13268999824828]}},{"type":"Feature","properties":{"Parcel":"Parcel 59","Frame_No":"26","Zone_name":"Academic","ZoneNumber":"Z02","latitude":"19.132696° N","longitude":"72.914775° E","Count":"191","botanical_name":"Dieffenbachia seguine / Calathea sp.","comman_name":"Dumbcane / Prayer Plant","Plant_id":"191","schema_name":"21-02-2026 Parcel 59,58 Morning?JI_20260521074558_0004_D?JI_20260521074558_0004_D","Geo-Cordinates":"19.132696° N, 72.914775° E","type":"Plant"},"geometry":{"type":"Point","coordinates":[72.91477462914638,19.132695894909116]}},{"type":"Feature","properties":{"Parcel":"Parcel 59","Frame_No":"27","Zone_name":"Academic","ZoneNumber":"Z02","latitude":"19.132701° N","longitude":"72.914777° E","Count":"192","botanical_name":"Cordyline fruticosa","comman_name":"Red Ti Plant / Cordyline","Plant_id":"192","schema_name":"21-02-2026 Parcel 59,58 Morning?JI_20260521074558_0004_D?JI_20260521074558_0004_D","Geo-Cordinates":"19.132701° N, 72.914777° E","type":"Plant"},"geometry":{"type":"Point","coordinates":[72.91477670962115,19.13270130018136]}},{"type":"Feature","properties":{"Parcel":"Parcel 59","Frame_No":"29","Zone_name":"Academic","ZoneNumber":"Z02","latitude":"19.132705° N","longitude":"72.914778° E","Count":"193","botanical_name":"Justicia gendarussa","comman_name":"Willow-Leaved Justicia","Plant_id":"193","schema_name":"21-02-2026 Parcel 59,58 Morning?JI_20260521074558_0004_D?JI_20260521074558_0004_D","Geo-Cordinates":"19.132705° N, 72.914778° E","type":"Plant"},"geometry":{"type":"Point","coordinates":[72.91477813994756,19.132704617052873]}},{"type":"Feature","properties":{"Parcel":"Parcel 59","Frame_No":"30","Zone_name":"Academic","ZoneNumber":"Z02","latitude":"19.132708° N","longitude":"72.914779° E","Count":"194","botanical_name":"Cordyline fruticosa","comman_name":"Red Ti Plant / Cordyline","Plant_id":"194","schema_name":"21-02-2026 Parcel 59,58 Morning?JI_20260521074558_0004_D?JI_20260521074558_0004_D","Geo-Cordinates":"19.132708° N, 72.914779° E","type":"Plant"},"geometry":{"type":"Point","coordinates":[72.91477918018495,19.13270793392433]}},{"type":"Feature","properties":{"Parcel":"Parcel 59","Frame_No":"31","Zone_name":"Academic","ZoneNumber":"Z02","latitude":"19.132712° N","longitude":"72.91478° E","Count":"195","botanical_name":"Pseuderanthemum carruthersii / Justicia sp.","comman_name":"False Eranthemum / Shrub","Plant_id":"195","schema_name":"21-02-2026 Parcel 59,58 Morning?JI_20260521074558_0004_D?JI_20260521074558_0004_D","Geo-Cordinates":"19.132712° N, 72.91478° E","type":"Plant"},"geometry":{"type":"Point","coordinates":[72.9147804804817,19.132711865031148]}},{"type":"Feature","properties":{"Parcel":"Parcel 59","Frame_No":"32","Zone_name":"Academic","ZoneNumber":"Z02","latitude":"19.132717° N","longitude":"72.914782° E","Count":"196","botanical_name":"Cordyline fruticosa","comman_name":"Red Ti Plant / Cordyline","Plant_id":"196","schema_name":"21-02-2026 Parcel 59,58 Morning?JI_20260521074558_0004_D?JI_20260521074558_0004_D","Geo-Cordinates":"19.132717° N, 72.914782° E","type":"Plant"},"geometry":{"type":"Point","coordinates":[72.91478191080809,19.132716656067455]}},{"type":"Feature","properties":{"Parcel":"Parcel 59","Frame_No":"33","Zone_name":"Academic","ZoneNumber":"Z02","latitude":"19.132722° N","longitude":"72.914784° E","Count":"197","botanical_name":"Cocos nucifera / Arecaceae (Seedling)","comman_name":"Coconut Palm Seedling / Young Palm","Plant_id":"197","schema_name":"21-02-2026 Parcel 59,58 Morning?JI_20260521074558_0004_D?JI_20260521074558_0004_D","Geo-Cordinates":"19.132722° N, 72.914784° E","type":"Plant"},"geometry":{"type":"Point","coordinates":[72.91478386125318,19.1327221841861]}},{"type":"Feature","properties":{"Parcel":"Parcel 59","Frame_No":"35","Zone_name":"Academic","ZoneNumber":"Z02","latitude":"19.132732° N","longitude":"72.914784° E","Count":"198","botanical_name":"Pseuderanthemum carruthersii / Justicia sp.","comman_name":"False Eranthemum / Shrub","Plant_id":"198","schema_name":"21-02-2026 Parcel 59,58 Morning?JI_20260521074558_0004_D?JI_20260521074558_0004_D","Geo-Cordinates":"19.132732° N, 72.914784° E","type":"Plant"},"geometry":{"type":"Point","coordinates":[72.91478360119385,19.13273152056384]}},{"type":"Feature","properties":{"Parcel":"Parcel 59","Frame_No":"36_1","Zone_name":"Academic","ZoneNumber":"Z02","latitude":"19.132734° N","longitude":"72.914787° E","Count":"199","botanical_name":"Codiaeum variegatum / Cordyline sp.","comman_name":"Croton / Garden Cordyline","Plant_id":"199","schema_name":"21-02-2026 Parcel 59,58 Morning?JI_20260521074558_0004_D?JI_20260521074558_0004_D","Geo-Cordinates":"19.132734° N, 72.914787° E","type":"Plant"},"geometry":{"type":"Point","coordinates":[72.91478711199504,19.13273410035233]}},{"type":"Feature","properties":{"Parcel":"Parcel 59","Frame_No":"36_2","Zone_name":"Academic","ZoneNumber":"Z02","latitude":"19.132736° N","longitude":"72.914788° E","Count":"200","botanical_name":"Codiaeum variegatum / Cordyline sp.","comman_name":"Croton / Garden Cordyline","Plant_id":"200","schema_name":"21-02-2026 Parcel 59,58 Morning?JI_20260521074558_0004_D?JI_20260521074558_0004_D","Geo-Cordinates":"19.132736° N, 72.914788° E","type":"Plant"},"geometry":{"type":"Point","coordinates":[72.91478802220274,19.132735820211302]}},{"type":"Feature","properties":{"Parcel":"Parcel 59","Frame_No":"36_3","Zone_name":"Academic","ZoneNumber":"Z02","latitude":"19.132738° N","longitude":"72.914789° E","Count":"201","botanical_name":"Codiaeum variegatum / Cordyline sp.","comman_name":"Croton / Garden Cordyline","Plant_id":"201","schema_name":"21-02-2026 Parcel 59,58 Morning?JI_20260521074558_0004_D?JI_20260521074558_0004_D","Geo-Cordinates":"19.132738° N, 72.914789° E","type":"Plant"},"geometry":{"type":"Point","coordinates":[72.91478906244014,19.13273778576439]}},{"type":"Feature","properties":{"Parcel":"Parcel 59","Frame_No":"37","Zone_name":"Academic","ZoneNumber":"Z02","latitude":"19.13274° N","longitude":"72.91479° E","Count":"202","botanical_name":"Ptychosperma elegans / Arecaceae","comman_name":"Solitaire Palm / Feather Palm","Plant_id":"202","schema_name":"21-02-2026 Parcel 59,58 Morning?JI_20260521074558_0004_D?JI_20260521074558_0004_D","Geo-Cordinates":"19.13274° N, 72.91479° E","type":"Plant"},"geometry":{"type":"Point","coordinates":[72.91478984261818,19.132740242705722]}},{"type":"Feature","properties":{"Parcel":"Parcel 59","Frame_No":"38_1","Zone_name":"Academic","ZoneNumber":"Z02","latitude":"19.132744° N","longitude":"72.914791° E","Count":"203","botanical_name":"Dracaena reflexa / Cordyline sp.","comman_name":"Song of India / False Ti","Plant_id":"203","schema_name":"21-02-2026 Parcel 59,58 Morning?JI_20260521074558_0004_D?JI_20260521074558_0004_D","Geo-Cordinates":"19.132744° N, 72.914791° E","type":"Plant"},"geometry":{"type":"Point","coordinates":[72.91479114291492,19.132743559576458]}},{"type":"Feature","properties":{"Parcel":"Parcel 59","Frame_No":"38_2","Zone_name":"Academic","ZoneNumber":"Z02","latitude":"19.132746° N","longitude":"72.914792° E","Count":"204","botanical_name":"Dracaena reflexa / Cordyline sp.","comman_name":"Song of India / False Ti","Plant_id":"204","schema_name":"21-02-2026 Parcel 59,58 Morning?JI_20260521074558_0004_D?JI_20260521074558_0004_D","Geo-Cordinates":"19.132746° N, 72.914792° E","type":"Plant"},"geometry":{"type":"Point","coordinates":[72.91479179306329,19.132745893670634]}},{"type":"Feature","properties":{"Parcel":"Parcel 59","Frame_No":"38_3","Zone_name":"Academic","ZoneNumber":"Z02","latitude":"19.132748° N","longitude":"72.914792° E","Count":"205","botanical_name":"Dracaena reflexa / Cordyline sp.","comman_name":"Song of India / False Ti","Plant_id":"205","schema_name":"21-02-2026 Parcel 59,58 Morning?JI_20260521074558_0004_D?JI_20260521074558_0004_D","Geo-Cordinates":"19.132748° N, 72.914792° E","type":"Plant"},"geometry":{"type":"Point","coordinates":[72.91479244321165,19.13274798207066]}},{"type":"Feature","properties":{"Parcel":"Parcel 59","Frame_No":"38_4","Zone_name":"Academic","ZoneNumber":"Z02","latitude":"19.132751° N","longitude":"72.914793° E","Count":"206","botanical_name":"Dracaena reflexa / Cordyline sp.","comman_name":"Song of India / False Ti","Plant_id":"206","schema_name":"21-02-2026 Parcel 59,58 Morning?JI_20260521074558_0004_D?JI_20260521074558_0004_D","Geo-Cordinates":"19.132751° N, 72.914793° E","type":"Plant"},"geometry":{"type":"Point","coordinates":[72.91479257324133,19.1327505618589]}},{"type":"Feature","properties":{"Parcel":"Parcel 59","Frame_No":"39","Zone_name":"Academic","ZoneNumber":"Z02","latitude":"19.132753° N","longitude":"72.914794° E","Count":"207","botanical_name":"Hibiscus rosa-sinensis / Malvaceae","comman_name":"Hibiscus / Rose Mallow","Plant_id":"207","schema_name":"21-02-2026 Parcel 59,58 Morning?JI_20260521074558_0004_D?JI_20260521074558_0004_D","Geo-Cordinates":"19.132753° N, 72.914794° E","type":"Plant"},"geometry":{"type":"Point","coordinates":[72.91479361347872,19.132753264494152]}},{"type":"Feature","properties":{"Parcel":"Parcel 59","Frame_No":"40_1","Zone_name":"Academic","ZoneNumber":"Z02","latitude":"19.13276° N","longitude":"72.914796° E","Count":"208","botanical_name":"Cordyline fruticosa","comman_name":"Red Ti Plant / Cordyline","Plant_id":"208","schema_name":"21-02-2026 Parcel 59,58 Morning?JI_20260521074558_0004_D?JI_20260521074558_0004_D","Geo-Cordinates":"19.13276° N, 72.914796° E","type":"Plant"},"geometry":{"type":"Point","coordinates":[72.91479582398314,19.132760143929133]}},{"type":"Feature","properties":{"Parcel":"Parcel 59","Frame_No":"40_2","Zone_name":"Academic","ZoneNumber":"Z02","latitude":"19.132766° N","longitude":"72.914798° E","Count":"209","botanical_name":"Cordyline fruticosa","comman_name":"Red Ti Plant / Cordyline","Plant_id":"209","schema_name":"21-02-2026 Parcel 59,58 Morning?JI_20260521074558_0004_D?JI_20260521074558_0004_D","Geo-Cordinates":"19.132766° N, 72.914798° E","type":"Plant"},"geometry":{"type":"Point","coordinates":[72.91479777442825,19.13276554919927]}},{"type":"Feature","properties":{"Parcel":"Parcel 59","Frame_No":"40_3","Zone_name":"Academic","ZoneNumber":"Z02","latitude":"19.13277° N","longitude":"72.9148° E","Count":"210","botanical_name":"Cordyline fruticosa","comman_name":"Red Ti Plant / Cordyline","Plant_id":"210","schema_name":"21-02-2026 Parcel 59,58 Morning?JI_20260521074558_0004_D?JI_20260521074558_0004_D","Geo-Cordinates":"19.13277° N, 72.9148° E","type":"Plant"},"geometry":{"type":"Point","coordinates":[72.91479959484367,19.13277046308107]}},{"type":"Feature","properties":{"Parcel":"Parcel 59","Frame_No":"40_4","Zone_name":"Academic","ZoneNumber":"Z02","latitude":"19.132776° N","longitude":"72.914801° E","Count":"211","botanical_name":"Cordyline fruticosa","comman_name":"Red Ti Plant / Cordyline","Plant_id":"211","schema_name":"21-02-2026 Parcel 59,58 Morning?JI_20260521074558_0004_D?JI_20260521074558_0004_D","Geo-Cordinates":"19.132776° N, 72.914801° E","type":"Plant"},"geometry":{"type":"Point","coordinates":[72.91480115519977,19.13277574550383]}},{"type":"Feature","properties":{"Parcel":"Parcel 59","Frame_No":"40_5","Zone_name":"Academic","ZoneNumber":"Z02","latitude":"19.13278° N","longitude":"72.914801° E","Count":"212","botanical_name":"Cordyline fruticosa","comman_name":"Red Ti Plant / Cordyline","Plant_id":"212","schema_name":"21-02-2026 Parcel 59,58 Morning?JI_20260521074558_0004_D?JI_20260521074558_0004_D","Geo-Cordinates":"19.13278° N, 72.914801° E","type":"Plant"},"geometry":{"type":"Point","coordinates":[72.91480128522944,19.132780413691254]}},{"type":"Feature","properties":{"Parcel":"Parcel 59","Frame_No":"40_6","Zone_name":"Academic","ZoneNumber":"Z02","latitude":"19.132785° N","longitude":"72.914804° E","Count":"213","botanical_name":"Cordyline fruticosa","comman_name":"Red Ti Plant / Cordyline","Plant_id":"213","schema_name":"21-02-2026 Parcel 59,58 Morning?JI_20260521074558_0004_D?JI_20260521074558_0004_D","Geo-Cordinates":"19.132785° N, 72.914804° E","type":"Plant"},"geometry":{"type":"Point","coordinates":[72.91480401585258,19.132784713337443]}},{"type":"Feature","properties":{"Parcel":"Parcel 59","Frame_No":"40_7","Zone_name":"Academic","ZoneNumber":"Z02","latitude":"19.132788° N","longitude":"72.914805° E","Count":"214","botanical_name":"Cordyline fruticosa","comman_name":"Red Ti Plant / Cordyline","Plant_id":"214","schema_name":"21-02-2026 Parcel 59,58 Morning?JI_20260521074558_0004_D?JI_20260521074558_0004_D","Geo-Cordinates":"19.132788° N, 72.914805° E","type":"Plant"},"geometry":{"type":"Point","coordinates":[72.91480466600095,19.132788153054317]}},{"type":"Feature","properties":{"Parcel":"Parcel 59","Frame_No":"40_8","Zone_name":"Academic","ZoneNumber":"Z02","latitude":"19.132792° N","longitude":"72.914805° E","Count":"215","botanical_name":"Cordyline fruticosa","comman_name":"Red Ti Plant / Cordyline","Plant_id":"215","schema_name":"21-02-2026 Parcel 59,58 Morning?JI_20260521074558_0004_D?JI_20260521074558_0004_D","Geo-Cordinates":"19.132792° N, 72.914805° E","type":"Plant"},"geometry":{"type":"Point","coordinates":[72.9148049260603,19.132792452700308]}},{"type":"Feature","properties":{"Parcel":"Parcel 59","Frame_No":"40_9","Zone_name":"Academic","ZoneNumber":"Z02","latitude":"19.132796° N","longitude":"72.914807° E","Count":"216","botanical_name":"Cordyline fruticosa","comman_name":"Red Ti Plant / Cordyline","Plant_id":"216","schema_name":"21-02-2026 Parcel 59,58 Morning?JI_20260521074558_0004_D?JI_20260521074558_0004_D","Geo-Cordinates":"19.132796° N, 72.914807° E","type":"Plant"},"geometry":{"type":"Point","coordinates":[72.91480726659442,19.13279638380511]}},{"type":"Feature","properties":{"Parcel":"Parcel 59","Frame_No":"40_10","Zone_name":"Academic","ZoneNumber":"Z02","latitude":"19.132801° N","longitude":"72.914809° E","Count":"217","botanical_name":"Cordyline fruticosa","comman_name":"Red Ti Plant / Cordyline","Plant_id":"217","schema_name":"21-02-2026 Parcel 59,58 Morning?JI_20260521074558_0004_D?JI_20260521074558_0004_D","Geo-Cordinates":"19.132801° N, 72.914809° E","type":"Plant"},"geometry":{"type":"Point","coordinates":[72.9148088269505,19.132800560603872]}},{"type":"Feature","properties":{"Parcel":"Parcel 59","Frame_No":"41_1","Zone_name":"Academic","ZoneNumber":"Z02","latitude":"19.13281° N","longitude":"72.914812° E","Count":"218","botanical_name":"Cordyline fruticosa","comman_name":"Red Ti Plant / Cordyline","Plant_id":"218","schema_name":"21-02-2026 Parcel 59,58 Morning?JI_20260521074558_0004_D?JI_20260521074558_0004_D","Geo-Cordinates":"19.13281° N, 72.914812° E","type":"Plant"},"geometry":{"type":"Point","coordinates":[72.9148116876033,19.132810265518216]}},{"type":"Feature","properties":{"Parcel":"Parcel 59","Frame_No":"41_2","Zone_name":"Academic","ZoneNumber":"Z02","latitude":"19.132816° N","longitude":"72.914814° E","Count":"219","botanical_name":"Cordyline fruticosa","comman_name":"Red Ti Plant / Cordyline","Plant_id":"219","schema_name":"21-02-2026 Parcel 59,58 Morning?JI_20260521074558_0004_D?JI_20260521074558_0004_D","Geo-Cordinates":"19.132816° N, 72.914814° E","type":"Plant"},"geometry":{"type":"Point","coordinates":[72.91481402813743,19.132815670786723]}},{"type":"Feature","properties":{"Parcel":"Parcel 59","Frame_No":"41_3","Zone_name":"Academic","ZoneNumber":"Z02","latitude":"19.132822° N","longitude":"72.914815° E","Count":"220","botanical_name":"Cordyline fruticosa","comman_name":"Red Ti Plant / Cordyline","Plant_id":"220","schema_name":"21-02-2026 Parcel 59,58 Morning?JI_20260521074558_0004_D?JI_20260521074558_0004_D","Geo-Cordinates":"19.132822° N, 72.914815° E","type":"Plant"},"geometry":{"type":"Point","coordinates":[72.91481454825613,19.13282156744307]}},{"type":"Feature","properties":{"Parcel":"Parcel 59","Frame_No":"42","Zone_name":"Academic","ZoneNumber":"Z02","latitude":"19.132827° N","longitude":"72.914817° E","Count":"221","botanical_name":"Rauvolfia tetraphylla / Carmona retusa","comman_name":"Wild Snakeroot / Fukien Tea","Plant_id":"221","schema_name":"21-02-2026 Parcel 59,58 Morning?JI_20260521074558_0004_D?JI_20260521074558_0004_D","Geo-Cordinates":"19.132827° N, 72.914817° E","type":"Plant"},"geometry":{"type":"Point","coordinates":[72.91481740890896,19.1328272184052]}},{"type":"Feature","properties":{"Parcel":"Parcel 59","Frame_No":"43_1","Zone_name":"Academic","ZoneNumber":"Z02","latitude":"19.132834° N","longitude":"72.914819° E","Count":"222","botanical_name":"Cordyline fruticosa","comman_name":"Red Ti Plant / Cordyline","Plant_id":"222","schema_name":"21-02-2026 Parcel 59,58 Morning?JI_20260521074558_0004_D?JI_20260521074558_0004_D","Geo-Cordinates":"19.132834° N, 72.914819° E","type":"Plant"},"geometry":{"type":"Point","coordinates":[72.91481948938375,19.132834343531094]}},{"type":"Feature","properties":{"Parcel":"Parcel 59","Frame_No":"43_2","Zone_name":"Academic","ZoneNumber":"Z02","latitude":"19.132839° N","longitude":"72.914822° E","Count":"223","botanical_name":"Cordyline fruticosa","comman_name":"Red Ti Plant / Cordyline","Plant_id":"223","schema_name":"21-02-2026 Parcel 59,58 Morning?JI_20260521074558_0004_D?JI_20260521074558_0004_D","Geo-Cordinates":"19.132839° N, 72.914822° E","type":"Plant"},"geometry":{"type":"Point","coordinates":[72.91482156985852,19.132838520328892]}},{"type":"Feature","properties":{"Parcel":"Parcel 59","Frame_No":"43_3","Zone_name":"Academic","ZoneNumber":"Z02","latitude":"19.132848° N","longitude":"72.914821° E","Count":"224","botanical_name":"Cordyline fruticosa","comman_name":"Red Ti Plant / Cordyline","Plant_id":"224","schema_name":"21-02-2026 Parcel 59,58 Morning?JI_20260521074558_0004_D?JI_20260521074558_0004_D","Geo-Cordinates":"19.132848° N, 72.914821° E","type":"Plant"},"geometry":{"type":"Point","coordinates":[72.91482104973981,19.132847856700053]}},{"type":"Feature","properties":{"Parcel":"Parcel 59","Frame_No":"43_4","Zone_name":"Academic","ZoneNumber":"Z02","latitude":"19.132854° N","longitude":"72.914824° E","Count":"225","botanical_name":"Cordyline fruticosa","comman_name":"Red Ti Plant / Cordyline","Plant_id":"225","schema_name":"21-02-2026 Parcel 59,58 Morning?JI_20260521074558_0004_D?JI_20260521074558_0004_D","Geo-Cordinates":"19.132854° N, 72.914824° E","type":"Plant"},"geometry":{"type":"Point","coordinates":[72.91482391039264,19.13285375335525]}},{"type":"Feature","properties":{"Parcel":"Parcel 59","Frame_No":"44_2","Zone_name":"Academic","ZoneNumber":"Z02","latitude":"19.132864° N","longitude":"72.914828° E","Count":"226","botanical_name":"Cordyline fruticosa","comman_name":"Red Ti Plant / Cordyline","Plant_id":"226","schema_name":"21-02-2026 Parcel 59,58 Morning?JI_20260521074558_0004_D?JI_20260521074558_0004_D","Geo-Cordinates":"19.132864° N, 72.914828° E","type":"Plant"},"geometry":{"type":"Point","coordinates":[72.9148280713422,19.132863581113444]}},{"type":"Feature","properties":{"Parcel":"Parcel 59","Frame_No":"44_1","Zone_name":"Academic","ZoneNumber":"Z02","latitude":"19.132868° N","longitude":"72.914831° E","Count":"227","botanical_name":"Cordyline fruticosa","comman_name":"Red Ti Plant / Cordyline","Plant_id":"227","schema_name":"21-02-2026 Parcel 59,58 Morning?JI_20260521074558_0004_D?JI_20260521074558_0004_D","Geo-Cordinates":"19.132868° N, 72.914831° E","type":"Plant"},"geometry":{"type":"Point","coordinates":[72.91483067193566,19.132868003604436]}},{"type":"Feature","properties":{"Parcel":"Parcel 59","Frame_No":"45_1","Zone_name":"Academic","ZoneNumber":"Z02","latitude":"19.132878° N","longitude":"72.914833° E","Count":"228","botanical_name":"Cordyline fruticosa / Dracaena sp.","comman_name":"Green Ti Plant / Cordyline","Plant_id":"228","schema_name":"21-02-2026 Parcel 59,58 Morning?JI_20260521074558_0004_D?JI_20260521074558_0004_D","Geo-Cordinates":"19.132878° N, 72.914833° E","type":"Plant"},"geometry":{"type":"Point","coordinates":[72.91483301246978,19.13287807705571]}},{"type":"Feature","properties":{"Parcel":"Parcel 59","Frame_No":"45_2","Zone_name":"Academic","ZoneNumber":"Z02","latitude":"19.132884° N","longitude":"72.914836° E","Count":"229","botanical_name":"Cordyline fruticosa / Dracaena sp.","comman_name":"Green Ti Plant / Cordyline","Plant_id":"229","schema_name":"21-02-2026 Parcel 59,58 Morning?JI_20260521074558_0004_D?JI_20260521074558_0004_D","Geo-Cordinates":"19.132884° N, 72.914836° E","type":"Plant"},"geometry":{"type":"Point","coordinates":[72.91483613318194,19.13288397370983]}},{"type":"Feature","properties":{"Parcel":"Parcel 59","Frame_No":"45_3","Zone_name":"Academic","ZoneNumber":"Z02","latitude":"19.13289° N","longitude":"72.914837° E","Count":"230","botanical_name":"Cordyline fruticosa / Dracaena sp.","comman_name":"Green Ti Plant / Cordyline","Plant_id":"230","schema_name":"21-02-2026 Parcel 59,58 Morning?JI_20260521074558_0004_D?JI_20260521074558_0004_D","Geo-Cordinates":"19.13289° N, 72.914837° E","type":"Plant"},"geometry":{"type":"Point","coordinates":[72.91483665330063,19.132889870363737]}},{"type":"Feature","properties":{"Parcel":"Parcel 59","Frame_No":"45_4","Zone_name":"Academic","ZoneNumber":"Z02","latitude":"19.132895° N","longitude":"72.914838° E","Count":"231","botanical_name":"Cordyline fruticosa / Dracaena sp.","comman_name":"Green Ti Plant / Cordyline","Plant_id":"231","schema_name":"21-02-2026 Parcel 59,58 Morning?JI_20260521074558_0004_D?JI_20260521074558_0004_D","Geo-Cordinates":"19.132895° N, 72.914838° E","type":"Plant"},"geometry":{"type":"Point","coordinates":[72.91483769353802,19.132894784241838]}},{"type":"Feature","properties":{"Parcel":"Parcel 59","Frame_No":"45_5","Zone_name":"Academic","ZoneNumber":"Z02","latitude":"19.132904° N","longitude":"72.91484° E","Count":"232","botanical_name":"Cordyline fruticosa / Dracaena sp.","comman_name":"Green Ti Plant / Cordyline","Plant_id":"232","schema_name":"21-02-2026 Parcel 59,58 Morning?JI_20260521074558_0004_D?JI_20260521074558_0004_D","Geo-Cordinates":"19.132904° N, 72.91484° E","type":"Plant"},"geometry":{"type":"Point","coordinates":[72.91484003407214,19.132903874915925]}},{"type":"Feature","properties":{"Parcel":"Parcel 59","Frame_No":"46_1","Zone_name":"Academic","ZoneNumber":"Z02","latitude":"19.132909° N","longitude":"72.914844° E","Count":"233","botanical_name":"Dracaena reflexa / Cordyline sp.","comman_name":"Song of India / Green Cordyline","Plant_id":"233","schema_name":"21-02-2026 Parcel 59,58 Morning?JI_20260521074558_0004_D?JI_20260521074558_0004_D","Geo-Cordinates":"19.132909° N, 72.914844° E","type":"Plant"},"geometry":{"type":"Point","coordinates":[72.91484445508105,19.132908788793603]}},{"type":"Feature","properties":{"Parcel":"Parcel 59","Frame_No":"46_2","Zone_name":"Academic","ZoneNumber":"Z02","latitude":"19.132915° N","longitude":"72.914842° E","Count":"234","botanical_name":"Dracaena reflexa / Cordyline sp.","comman_name":"Song of India / Green Cordyline","Plant_id":"234","schema_name":"21-02-2026 Parcel 59,58 Morning?JI_20260521074558_0004_D?JI_20260521074558_0004_D","Geo-Cordinates":"19.132915° N, 72.914842° E","type":"Plant"},"geometry":{"type":"Point","coordinates":[72.91484185448758,19.132914931140498]}},{"type":"Feature","properties":{"Parcel":"Parcel 59","Frame_No":"46_3","Zone_name":"Academic","ZoneNumber":"Z02","latitude":"19.132922° N","longitude":"72.914842° E","Count":"235","botanical_name":"Dracaena reflexa / Cordyline sp.","comman_name":"Song of India / Green Cordyline","Plant_id":"235","schema_name":"21-02-2026 Parcel 59,58 Morning?JI_20260521074558_0004_D?JI_20260521074558_0004_D","Geo-Cordinates":"19.132922° N, 72.914842° E","type":"Plant"},"geometry":{"type":"Point","coordinates":[72.91484211454693,19.132921564874888]}},{"type":"Feature","properties":{"Parcel":"Parcel 59","Frame_No":"47_1","Zone_name":"Academic","ZoneNumber":"Z02","latitude":"19.132927° N","longitude":"72.914848° E","Count":"236","botanical_name":"Cordyline fruticosa","comman_name":"Red Ti Plant / Cordyline","Plant_id":"236","schema_name":"21-02-2026 Parcel 59,58 Morning?JI_20260521074558_0004_D?JI_20260521074558_0004_D","Geo-Cordinates":"19.132927° N, 72.914848° E","type":"Plant"},"geometry":{"type":"Point","coordinates":[72.91484757579322,19.1329272158336]}},{"type":"Feature","properties":{"Parcel":"Parcel 59","Frame_No":"47_2","Zone_name":"Academic","ZoneNumber":"Z02","latitude":"19.132932° N","longitude":"72.91485° E","Count":"237","botanical_name":"Cordyline fruticosa","comman_name":"Red Ti Plant / Cordyline","Plant_id":"237","schema_name":"21-02-2026 Parcel 59,58 Morning?JI_20260521074558_0004_D?JI_20260521074558_0004_D","Geo-Cordinates":"19.132932° N, 72.91485° E","type":"Plant"},"geometry":{"type":"Point","coordinates":[72.914849656268,19.132931638322894]}},{"type":"Feature","properties":{"Parcel":"Parcel 59","Frame_No":"48_1","Zone_name":"Academic","ZoneNumber":"Z02","latitude":"19.132901° N","longitude":"72.914896° E","Count":"238","botanical_name":"Cordyline fruticosa","comman_name":"Red Ti Plant / Broadleaf Ti","Plant_id":"238","schema_name":"21-02-2026 Parcel 59,58 Morning?JI_20260521074558_0004_D?JI_20260521074558_0004_D","Geo-Cordinates":"19.132901° N, 72.914896° E","type":"Plant"},"geometry":{"type":"Point","coordinates":[72.91489633692083,19.132900926589237]}},{"type":"Feature","properties":{"Parcel":"Parcel 59","Frame_No":"48_2","Zone_name":"Academic","ZoneNumber":"Z02","latitude":"19.132907° N","longitude":"72.914903° E","Count":"239","botanical_name":"Cordyline fruticosa","comman_name":"Red Ti Plant / Broadleaf Ti","Plant_id":"239","schema_name":"21-02-2026 Parcel 59,58 Morning?JI_20260521074558_0004_D?JI_20260521074558_0004_D","Geo-Cordinates":"19.132907° N, 72.914903° E","type":"Plant"},"geometry":{"type":"Point","coordinates":[72.9149031634787,19.132906823242543]}},{"type":"Feature","properties":{"Parcel":"Parcel 59","Frame_No":"48_3","Zone_name":"Academic","ZoneNumber":"Z02","latitude":"19.132907° N","longitude":"72.914913° E","Count":"240","botanical_name":"Cordyline fruticosa","comman_name":"Red Ti Plant / Broadleaf Ti","Plant_id":"240","schema_name":"21-02-2026 Parcel 59,58 Morning?JI_20260521074558_0004_D?JI_20260521074558_0004_D","Geo-Cordinates":"19.132907° N, 72.914913° E","type":"Plant"},"geometry":{"type":"Point","coordinates":[72.91491311074871,19.13290663897213]}},{"type":"Feature","properties":{"Parcel":"Parcel 59","Frame_No":"48_4","Zone_name":"Academic","ZoneNumber":"Z02","latitude":"19.132903° N","longitude":"72.91492° E","Count":"241","botanical_name":"Cordyline fruticosa","comman_name":"Red Ti Plant / Broadleaf Ti","Plant_id":"241","schema_name":"21-02-2026 Parcel 59,58 Morning?JI_20260521074558_0004_D?JI_20260521074558_0004_D","Geo-Cordinates":"19.132903° N, 72.91492° E","type":"Plant"},"geometry":{"type":"Point","coordinates":[72.9149201323511,19.132902585023004]}},{"type":"Feature","properties":{"Parcel":"Parcel 59","Frame_No":"48_5","Zone_name":"Academic","ZoneNumber":"Z02","latitude":"19.132893° N","longitude":"72.914925° E","Count":"242","botanical_name":"Cordyline fruticosa","comman_name":"Red Ti Plant / Broadleaf Ti","Plant_id":"242","schema_name":"21-02-2026 Parcel 59,58 Morning?JI_20260521074558_0004_D?JI_20260521074558_0004_D","Geo-Cordinates":"19.132893° N, 72.914925° E","type":"Plant"},"geometry":{"type":"Point","coordinates":[72.91492481341935,19.13289337150189]}},{"type":"Feature","properties":{"Parcel":"Parcel 59","Frame_No":"48_6","Zone_name":"Academic","ZoneNumber":"Z02","latitude":"19.132887° N","longitude":"72.914924° E","Count":"243","botanical_name":"Cordyline fruticosa","comman_name":"Red Ti Plant / Broadleaf Ti","Plant_id":"243","schema_name":"21-02-2026 Parcel 59,58 Morning?JI_20260521074558_0004_D?JI_20260521074558_0004_D","Geo-Cordinates":"19.132887° N, 72.914924° E","type":"Plant"},"geometry":{"type":"Point","coordinates":[72.91492422828581,19.132886737766366]}},{"type":"Feature","properties":{"Parcel":"Parcel 59","Frame_No":"48_7","Zone_name":"Academic","ZoneNumber":"Z02","latitude":"19.13288° N","longitude":"72.91492° E","Count":"244","botanical_name":"Cordyline fruticosa","comman_name":"Red Ti Plant / Broadleaf Ti","Plant_id":"244","schema_name":"21-02-2026 Parcel 59,58 Morning?JI_20260521074558_0004_D?JI_20260521074558_0004_D","Geo-Cordinates":"19.13288° N, 72.91492° E","type":"Plant"},"geometry":{"type":"Point","coordinates":[72.91491993730658,19.132880472571465]}},{"type":"Feature","properties":{"Parcel":"Parcel 59","Frame_No":"48_8","Zone_name":"Academic","ZoneNumber":"Z02","latitude":"19.132878° N","longitude":"72.914915° E","Count":"245","botanical_name":"Cordyline fruticosa","comman_name":"Red Ti Plant / Broadleaf Ti","Plant_id":"245","schema_name":"21-02-2026 Parcel 59,58 Morning?JI_20260521074558_0004_D?JI_20260521074558_0004_D","Geo-Cordinates":"19.132878° N, 72.914915° E","type":"Plant"},"geometry":{"type":"Point","coordinates":[72.91491506119382,19.132878261326145]}},{"type":"Feature","properties":{"Parcel":"Parcel 59","Frame_No":"48_9","Zone_name":"Academic","ZoneNumber":"Z02","latitude":"19.132878° N","longitude":"72.914907° E","Count":"246","botanical_name":"Cordyline fruticosa","comman_name":"Red Ti Plant / Broadleaf Ti","Plant_id":"246","schema_name":"21-02-2026 Parcel 59,58 Morning?JI_20260521074558_0004_D?JI_20260521074558_0004_D","Geo-Cordinates":"19.132878° N, 72.914907° E","type":"Plant"},"geometry":{"type":"Point","coordinates":[72.91490725941341,19.13287789278526]}},{"type":"Feature","properties":{"Parcel":"Parcel 59","Frame_No":"48_10","Zone_name":"Academic","ZoneNumber":"Z02","latitude":"19.13288° N","longitude":"72.914898° E","Count":"247","botanical_name":"Cordyline fruticosa","comman_name":"Red Ti Plant / Broadleaf Ti","Plant_id":"247","schema_name":"21-02-2026 Parcel 59,58 Morning?JI_20260521074558_0004_D?JI_20260521074558_0004_D","Geo-Cordinates":"19.13288° N, 72.914898° E","type":"Plant"},"geometry":{"type":"Point","coordinates":[72.91489828736593,19.132880472571465]}},{"type":"Feature","properties":{"Parcel":"Parcel 59","Frame_No":"49_1","Zone_name":"Academic","ZoneNumber":"Z02","latitude":"19.132887° N","longitude":"72.914895° E","Count":"248","botanical_name":"Cordyline fruticosa","comman_name":"Variegated Ti Plant / Cordyline","Plant_id":"248","schema_name":"21-02-2026 Parcel 59,58 Morning?JI_20260521074558_0004_D?JI_20260521074558_0004_D","Geo-Cordinates":"19.132887° N, 72.914895° E","type":"Plant"},"geometry":{"type":"Point","coordinates":[72.91489458152023,19.132887474848104]}},{"type":"Feature","properties":{"Parcel":"Parcel 59","Frame_No":"49_2","Zone_name":"Academic","ZoneNumber":"Z02","latitude":"19.132894° N","longitude":"72.914894° E","Count":"249","botanical_name":"Cordyline fruticosa","comman_name":"Variegated Ti Plant / Cordyline","Plant_id":"249","schema_name":"21-02-2026 Parcel 59,58 Morning?JI_20260521074558_0004_D?JI_20260521074558_0004_D","Geo-Cordinates":"19.132894° N, 72.914894° E","type":"Plant"},"geometry":{"type":"Point","coordinates":[72.91489380134219,19.132894292854022]}},{"type":"Feature","properties":{"Parcel":"Parcel 59","Frame_No":"50_1","Zone_name":"Academic","ZoneNumber":"Z02","latitude":"19.132786° N","longitude":"72.914881° E","Count":"250","botanical_name":"Cordyline fruticosa / Dracaena sp.","comman_name":"Green Ti Plant / Cordyline","Plant_id":"250","schema_name":"21-02-2026 Parcel 59,58 Morning?JI_20260521074558_0004_D?JI_20260521074558_0004_D","Geo-Cordinates":"19.132786° N, 72.914881° E","type":"Plant"},"geometry":{"type":"Point","coordinates":[72.91488144852323,19.132786126078305]}},{"type":"Feature","properties":{"Parcel":"Parcel 59","Frame_No":"50_2","Zone_name":"Academic","ZoneNumber":"Z02","latitude":"19.132788° N","longitude":"72.91489° E","Count":"251","botanical_name":"Cordyline fruticosa / Dracaena sp.","comman_name":"Green Ti Plant / Cordyline","Plant_id":"251","schema_name":"21-02-2026 Parcel 59,58 Morning?JI_20260521074558_0004_D?JI_20260521074558_0004_D","Geo-Cordinates":"19.132788° N, 72.91489° E","type":"Plant"},"geometry":{"type":"Point","coordinates":[72.91488990045201,19.132788091630793]}},{"type":"Feature","properties":{"Parcel":"Parcel 59","Frame_No":"50_3","Zone_name":"Academic","ZoneNumber":"Z02","latitude":"19.132775° N","longitude":"72.914904° E","Count":"252","botanical_name":"Cordyline fruticosa / Dracaena sp.","comman_name":"Green Ti Plant / Cordyline","Plant_id":"252","schema_name":"21-02-2026 Parcel 59,58 Morning?JI_20260521074558_0004_D?JI_20260521074558_0004_D","Geo-Cordinates":"19.132775° N, 72.914904° E","type":"Plant"},"geometry":{"type":"Point","coordinates":[72.91490394365677,19.132774701303983]}},{"type":"Feature","properties":{"Parcel":"Parcel 59","Frame_No":"50_4","Zone_name":"Academic","ZoneNumber":"Z02","latitude":"19.132766° N","longitude":"72.914901° E","Count":"253","botanical_name":"Cordyline fruticosa / Dracaena sp.","comman_name":"Green Ti Plant / Cordyline","Plant_id":"253","schema_name":"21-02-2026 Parcel 59,58 Morning?JI_20260521074558_0004_D?JI_20260521074558_0004_D","Geo-Cordinates":"19.132766° N, 72.914901° E","type":"Plant"},"geometry":{"type":"Point","coordinates":[72.91490069291493,19.132766347705065]}},{"type":"Feature","properties":{"Parcel":"Parcel 59","Frame_No":"50_5","Zone_name":"Academic","ZoneNumber":"Z02","latitude":"19.132766° N","longitude":"72.91488° E","Count":"254","botanical_name":"Cordyline fruticosa / Dracaena sp.","comman_name":"Green Ti Plant / Cordyline","Plant_id":"254","schema_name":"21-02-2026 Parcel 59,58 Morning?JI_20260521074558_0004_D?JI_20260521074558_0004_D","Geo-Cordinates":"19.132766° N, 72.91488° E","type":"Plant"},"geometry":{"type":"Point","coordinates":[72.91487988816715,19.13276585631688]}},{"type":"Feature","properties":{"Parcel":"Parcel 59","Frame_No":"51_1","Zone_name":"Academic","ZoneNumber":"Z02","latitude":"19.132786° N","longitude":"72.914899° E","Count":"255","botanical_name":"Dracaena marginata","comman_name":"Red-Edge Dracaena / Madagascar Dragon Tree","Plant_id":"255","schema_name":"21-02-2026 Parcel 59,58 Morning?JI_20260521074558_0004_D?JI_20260521074558_0004_D","Geo-Cordinates":"19.132786° N, 72.914899° E","type":"Plant"},"geometry":{"type":"Point","coordinates":[72.91489900252917,19.13278575753721]}},{"type":"Feature","properties":{"Parcel":"Parcel 59","Frame_No":"51_2","Zone_name":"Academic","ZoneNumber":"Z02","latitude":"19.132763° N","longitude":"72.914889° E","Count":"256","botanical_name":"Dracaena marginata","comman_name":"Red-Edge Dracaena / Madagascar Dragon Tree","Plant_id":"256","schema_name":"21-02-2026 Parcel 59,58 Morning?JI_20260521074558_0004_D?JI_20260521074558_0004_D","Geo-Cordinates":"19.132763° N, 72.914889° E","type":"Plant"},"geometry":{"type":"Point","coordinates":[72.91488912027397,19.132763399375932]}},{"type":"Feature","properties":{"Parcel":"Parcel 59","Frame_No":"52","Zone_name":"Academic","ZoneNumber":"Z02","latitude":"19.132772° N","longitude":"72.914875° E","Count":"257","botanical_name":"Microsorum punctatum / Polypodiaceae","comman_name":"Fishbone Fern / Crested Fern","Plant_id":"257","schema_name":"21-02-2026 Parcel 59,58 Morning?JI_20260521074558_0004_D?JI_20260521074558_0004_D","Geo-Cordinates":"19.132772° N, 72.914875° E","type":"Plant"},"geometry":{"type":"Point","coordinates":[72.91487546715825,19.13277150728092]}},{"type":"Feature","properties":{"Parcel":"Parcel 59","Frame_No":"53","Zone_name":"Academic","ZoneNumber":"Z02","latitude":"19.132778° N","longitude":"72.914876° E","Count":"258","botanical_name":"Justicia gendarussa / Acanthaceae","comman_name":"Black Vasey / Willow-Leaved Justicia","Plant_id":"258","schema_name":"21-02-2026 Parcel 59,58 Morning?JI_20260521074558_0004_D?JI_20260521074558_0004_D","Geo-Cordinates":"19.132778° N, 72.914876° E","type":"Plant"},"geometry":{"type":"Point","coordinates":[72.91487585724727,19.132777649632917]}},{"type":"Feature","properties":{"Parcel":"Parcel 59","Frame_No":"54_1","Zone_name":"Academic","ZoneNumber":"Z02","latitude":"19.132719° N","longitude":"72.914864° E","Count":"259","botanical_name":"Dracaena reflexa / Dracaena sp.","comman_name":"Song of India / Pleomele","Plant_id":"259","schema_name":"21-02-2026 Parcel 59,58 Morning?JI_20260521074558_0004_D?JI_20260521074558_0004_D","Geo-Cordinates":"19.132719° N, 72.914864° E","type":"Plant"},"geometry":{"type":"Point","coordinates":[72.91486415457666,19.13271905158554]}},{"type":"Feature","properties":{"Parcel":"Parcel 59","Frame_No":"54_2","Zone_name":"Academic","ZoneNumber":"Z02","latitude":"19.132721° N","longitude":"72.914866° E","Count":"260","botanical_name":"Dracaena reflexa / Dracaena sp.","comman_name":"Song of India / Pleomele","Plant_id":"260","schema_name":"21-02-2026 Parcel 59,58 Morning?JI_20260521074558_0004_D?JI_20260521074558_0004_D","Geo-Cordinates":"19.132721° N, 72.914866° E","type":"Plant"},"geometry":{"type":"Point","coordinates":[72.91486623505143,19.132721262832995]}},{"type":"Feature","properties":{"Parcel":"Parcel 59","Frame_No":"54_3","Zone_name":"Academic","ZoneNumber":"Z02","latitude":"19.132723° N","longitude":"72.914868° E","Count":"261","botanical_name":"Dracaena reflexa / Dracaena sp.","comman_name":"Song of India / Pleomele","Plant_id":"261","schema_name":"21-02-2026 Parcel 59,58 Morning?JI_20260521074558_0004_D?JI_20260521074558_0004_D","Geo-Cordinates":"19.132723° N, 72.914868° E","type":"Plant"},"geometry":{"type":"Point","coordinates":[72.9148684455559,19.13272347408041]}},{"type":"Feature","properties":{"Parcel":"Parcel 59","Frame_No":"54_4","Zone_name":"Academic","ZoneNumber":"Z02","latitude":"19.132726° N","longitude":"72.914869° E","Count":"262","botanical_name":"Dracaena reflexa / Dracaena sp.","comman_name":"Song of India / Pleomele","Plant_id":"262","schema_name":"21-02-2026 Parcel 59,58 Morning?JI_20260521074558_0004_D?JI_20260521074558_0004_D","Geo-Cordinates":"19.132726° N, 72.914869° E","type":"Plant"},"geometry":{"type":"Point","coordinates":[72.9148693557636,19.132726422410258]}},{"type":"Feature","properties":{"Parcel":"Parcel 59","Frame_No":"54_5","Zone_name":"Academic","ZoneNumber":"Z02","latitude":"19.132728° N","longitude":"72.914868° E","Count":"263","botanical_name":"Dracaena reflexa / Dracaena sp.","comman_name":"Song of India / Pleomele","Plant_id":"263","schema_name":"21-02-2026 Parcel 59,58 Morning?JI_20260521074558_0004_D?JI_20260521074558_0004_D","Geo-Cordinates":"19.132728° N, 72.914868° E","type":"Plant"},"geometry":{"type":"Point","coordinates":[72.91486753534817,19.132728142269308]}},{"type":"Feature","properties":{"Parcel":"Parcel 59","Frame_No":"55_1","Zone_name":"Academic","ZoneNumber":"Z02","latitude":"19.13273° N","longitude":"72.914864° E","Count":"264","botanical_name":"Codiaeum variegatum","comman_name":"Garden Croton / Variegated Croton","Plant_id":"264","schema_name":"21-02-2026 Parcel 59,58 Morning?JI_20260521074558_0004_D?JI_20260521074558_0004_D","Geo-Cordinates":"19.13273° N, 72.914864° E","type":"Plant"},"geometry":{"type":"Point","coordinates":[72.91486415457666,19.13273035351664]}},{"type":"Feature","properties":{"Parcel":"Parcel 59","Frame_No":"55_2","Zone_name":"Academic","ZoneNumber":"Z02","latitude":"19.132732° N","longitude":"72.91486° E","Count":"265","botanical_name":"Codiaeum variegatum","comman_name":"Garden Croton / Variegated Croton","Plant_id":"265","schema_name":"21-02-2026 Parcel 59,58 Morning?JI_20260521074558_0004_D?JI_20260521074558_0004_D","Geo-Cordinates":"19.132732° N, 72.91486° E","type":"Plant"},"geometry":{"type":"Point","coordinates":[72.91485973356775,19.13273219622272]}},{"type":"Feature","properties":{"Parcel":"Parcel 59","Frame_No":"55_3","Zone_name":"Academic","ZoneNumber":"Z02","latitude":"19.132731° N","longitude":"72.914856° E","Count":"266","botanical_name":"Codiaeum variegatum","comman_name":"Garden Croton / Variegated Croton","Plant_id":"266","schema_name":"21-02-2026 Parcel 59,58 Morning?JI_20260521074558_0004_D?JI_20260521074558_0004_D","Geo-Cordinates":"19.132731° N, 72.914856° E","type":"Plant"},"geometry":{"type":"Point","coordinates":[72.91485570264788,19.132731336293215]}},{"type":"Feature","properties":{"Parcel":"Parcel 59","Frame_No":"55_4","Zone_name":"Academic","ZoneNumber":"Z02","latitude":"19.132728° N","longitude":"72.914854° E","Count":"267","botanical_name":"Codiaeum variegatum","comman_name":"Garden Croton / Variegated Croton","Plant_id":"267","schema_name":"21-02-2026 Parcel 59,58 Morning?JI_20260521074558_0004_D?JI_20260521074558_0004_D","Geo-Cordinates":"19.132728° N, 72.914854° E","type":"Plant"},"geometry":{"type":"Point","coordinates":[72.91485440235115,19.132728142269308]}},{"type":"Feature","properties":{"Parcel":"Parcel 59","Frame_No":"55_5","Zone_name":"Academic","ZoneNumber":"Z02","latitude":"19.132725° N","longitude":"72.914853° E","Count":"268","botanical_name":"Codiaeum variegatum","comman_name":"Garden Croton / Variegated Croton","Plant_id":"268","schema_name":"21-02-2026 Parcel 59,58 Morning?JI_20260521074558_0004_D?JI_20260521074558_0004_D","Geo-Cordinates":"19.132725° N, 72.914853° E","type":"Plant"},"geometry":{"type":"Point","coordinates":[72.91485310205441,19.13272494824534]}},{"type":"Feature","properties":{"Parcel":"Parcel 59","Frame_No":"55_6","Zone_name":"Academic","ZoneNumber":"Z02","latitude":"19.132721° N","longitude":"72.914853° E","Count":"269","botanical_name":"Codiaeum variegatum","comman_name":"Garden Croton / Variegated Croton","Plant_id":"269","schema_name":"21-02-2026 Parcel 59,58 Morning?JI_20260521074558_0004_D?JI_20260521074558_0004_D","Geo-Cordinates":"19.132721° N, 72.914853° E","type":"Plant"},"geometry":{"type":"Point","coordinates":[72.91485310205441,19.132721385680075]}},{"type":"Feature","properties":{"Parcel":"Parcel 59","Frame_No":"56_1","Zone_name":"Academic","ZoneNumber":"Z02","latitude":"19.132719° N","longitude":"72.914851° E","Count":"270","botanical_name":"Codiaeum variegatum","comman_name":"Garden Croton / Golden Croton","Plant_id":"270","schema_name":"21-02-2026 Parcel 59,58 Morning?JI_20260521074558_0004_D?JI_20260521074558_0004_D","Geo-Cordinates":"19.132719° N, 72.914851° E","type":"Plant"},"geometry":{"type":"Point","coordinates":[72.9148511516093,19.132718683044303]}},{"type":"Feature","properties":{"Parcel":"Parcel 59","Frame_No":"56_2","Zone_name":"Academic","ZoneNumber":"Z02","latitude":"19.132714° N","longitude":"72.914862° E","Count":"271","botanical_name":"Codiaeum variegatum","comman_name":"Garden Croton / Golden Croton","Plant_id":"271","schema_name":"21-02-2026 Parcel 59,58 Morning?JI_20260521074558_0004_D?JI_20260521074558_0004_D","Geo-Cordinates":"19.132714° N, 72.914862° E","type":"Plant"},"geometry":{"type":"Point","coordinates":[72.9148624641909,19.132714014855136]}},{"type":"Feature","properties":{"Parcel":"Parcel 59","Frame_No":"56_3","Zone_name":"Academic","ZoneNumber":"Z02","latitude":"19.132705° N","longitude":"72.914866° E","Count":"272","botanical_name":"Codiaeum variegatum","comman_name":"Garden Croton / Golden Croton","Plant_id":"272","schema_name":"21-02-2026 Parcel 59,58 Morning?JI_20260521074558_0004_D?JI_20260521074558_0004_D","Geo-Cordinates":"19.132705° N, 72.914866° E","type":"Plant"},"geometry":{"type":"Point","coordinates":[72.91486584496242,19.132705292711872]}},{"type":"Feature","properties":{"Parcel":"Parcel 59","Frame_No":"56_4","Zone_name":"Academic","ZoneNumber":"Z02","latitude":"19.132696° N","longitude":"72.914864° E","Count":"273","botanical_name":"Codiaeum variegatum","comman_name":"Garden Croton / Golden Croton","Plant_id":"273","schema_name":"21-02-2026 Parcel 59,58 Morning?JI_20260521074558_0004_D?JI_20260521074558_0004_D","Geo-Cordinates":"19.132696° N, 72.914864° E","type":"Plant"},"geometry":{"type":"Point","coordinates":[72.91486350442828,19.132696324873947]}},{"type":"Feature","properties":{"Parcel":"Parcel 59","Frame_No":"56_5","Zone_name":"Academic","ZoneNumber":"Z02","latitude":"19.132691° N","longitude":"72.914859° E","Count":"274","botanical_name":"Codiaeum variegatum","comman_name":"Garden Croton / Golden Croton","Plant_id":"274","schema_name":"21-02-2026 Parcel 59,58 Morning?JI_20260521074558_0004_D?JI_20260521074558_0004_D","Geo-Cordinates":"19.132691° N, 72.914859° E","type":"Plant"},"geometry":{"type":"Point","coordinates":[72.9148585633007,19.13269116529574]}},{"type":"Feature","properties":{"Parcel":"Parcel 59","Frame_No":"56_6","Zone_name":"Academic","ZoneNumber":"Z02","latitude":"19.132689° N","longitude":"72.914845° E","Count":"275","botanical_name":"Codiaeum variegatum","comman_name":"Garden Croton / Golden Croton","Plant_id":"275","schema_name":"21-02-2026 Parcel 59,58 Morning?JI_20260521074558_0004_D?JI_20260521074558_0004_D","Geo-Cordinates":"19.132689° N, 72.914845° E","type":"Plant"},"geometry":{"type":"Point","coordinates":[72.91484491018497,19.13268907689499]}},{"type":"Feature","properties":{"Parcel":"Parcel 59","Frame_No":"56_7","Zone_name":"Academic","ZoneNumber":"Z02","latitude":"19.132695° N","longitude":"72.914836° E","Count":"276","botanical_name":"Codiaeum variegatum","comman_name":"Garden Croton / Golden Croton","Plant_id":"276","schema_name":"21-02-2026 Parcel 59,58 Morning?JI_20260521074558_0004_D?JI_20260521074558_0004_D","Geo-Cordinates":"19.132695° N, 72.914836° E","type":"Plant"},"geometry":{"type":"Point","coordinates":[72.91483606816716,19.132695342097158]}},{"type":"Feature","properties":{"Parcel":"Parcel 59","Frame_No":"56_8","Zone_name":"Academic","ZoneNumber":"Z02","latitude":"19.132704° N","longitude":"72.914834° E","Count":"277","botanical_name":"Codiaeum variegatum","comman_name":"Garden Croton / Golden Croton","Plant_id":"277","schema_name":"21-02-2026 Parcel 59,58 Morning?JI_20260521074558_0004_D?JI_20260521074558_0004_D","Geo-Cordinates":"19.132704° N, 72.914834° E","type":"Plant"},"geometry":{"type":"Point","coordinates":[72.91483385766271,19.132703941393856]}},{"type":"Feature","properties":{"Parcel":"Parcel 59","Frame_No":"56_9","Zone_name":"Academic","ZoneNumber":"Z02","latitude":"19.132712° N","longitude":"72.914837° E","Count":"278","botanical_name":"Codiaeum variegatum","comman_name":"Garden Croton / Golden Croton","Plant_id":"278","schema_name":"21-02-2026 Parcel 59,58 Morning?JI_20260521074558_0004_D?JI_20260521074558_0004_D","Geo-Cordinates":"19.132712° N, 72.914837° E","type":"Plant"},"geometry":{"type":"Point","coordinates":[72.91483697837488,19.132712049301766]}},{"type":"Feature","properties":{"Parcel":"Parcel 59","Frame_No":"56_10","Zone_name":"Academic","ZoneNumber":"Z02","latitude":"19.132717° N","longitude":"72.914844° E","Count":"279","botanical_name":"Codiaeum variegatum","comman_name":"Garden Croton / Golden Croton","Plant_id":"279","schema_name":"21-02-2026 Parcel 59,58 Morning?JI_20260521074558_0004_D?JI_20260521074558_0004_D","Geo-Cordinates":"19.132717° N, 72.914844° E","type":"Plant"},"geometry":{"type":"Point","coordinates":[72.91484439006628,19.132716963185146]}},{"type":"Feature","properties":{"Parcel":"Parcel 59","Frame_No":"57","Zone_name":"Academic","ZoneNumber":"Z02","latitude":"19.132717° N","longitude":"72.914857° E","Count":"280","botanical_name":"Tabernaemontana divaricata / Apocynaceae","comman_name":"Crape Jasmine / Pinwheel Flower","Plant_id":"280","schema_name":"21-02-2026 Parcel 59,58 Morning?JI_20260521074558_0004_D?JI_20260521074558_0004_D","Geo-Cordinates":"19.132717° N, 72.914857° E","type":"Plant"},"geometry":{"type":"Point","coordinates":[72.91485687291494,19.132716594643902]}},{"type":"Feature","properties":{"Parcel":"Parcel 59","Frame_No":"58","Zone_name":"Academic","ZoneNumber":"Z02","latitude":"19.132693° N","longitude":"72.914851° E","Count":"281","botanical_name":"Carmona retusa / Buxus sp.","comman_name":"Fukien Tea Tree / Boxwood","Plant_id":"281","schema_name":"21-02-2026 Parcel 59,58 Morning?JI_20260521074558_0004_D?JI_20260521074558_0004_D","Geo-Cordinates":"19.132693° N, 72.914851° E","type":"Plant"},"geometry":{"type":"Point","coordinates":[72.9148511516093,19.132692516613858]}},{"type":"Feature","properties":{"Parcel":"Parcel 59","Frame_No":"59","Zone_name":"Academic","ZoneNumber":"Z02","latitude":"19.132719° N","longitude":"72.914827° E","Count":"282","botanical_name":"Solenostemon scutellarioides / Plectranthus","comman_name":"Coleus / Painted Nettle","Plant_id":"282","schema_name":"21-02-2026 Parcel 59,58 Morning?JI_20260521074558_0004_D?JI_20260521074558_0004_D","Geo-Cordinates":"19.132719° N, 72.914827° E","type":"Plant"},"geometry":{"type":"Point","coordinates":[72.9148270961197,19.132718928738463]}},{"type":"Feature","properties":{"Parcel":"Parcel 59","Frame_No":"60","Zone_name":"Academic","ZoneNumber":"Z02","latitude":"19.132707° N","longitude":"72.914847° E","Count":"283","botanical_name":"Araucaria heterophylla","comman_name":"Norfolk Island Pine / Star Pine","Plant_id":"283","schema_name":"21-02-2026 Parcel 59,58 Morning?JI_20260521074558_0004_D?JI_20260521074558_0004_D","Geo-Cordinates":"19.132707° N, 72.914847° E","type":"Plant"},"geometry":{"type":"Point","coordinates":[72.91484712068942,19.132706766876957]}},{"type":"Feature","properties":{"Parcel":"Parcel 59","Frame_No":"1","Zone_name":"Academic","ZoneNumber":"Z02","latitude":"19.132918° N","longitude":"72.915127° E","Count":"284","botanical_name":"Polyscias fruticosa / Aralia sp.","comman_name":"Ming Aralia / Parsley Aralia","Plant_id":"284","schema_name":"21-02-2026 Parcel 59,58 Morning?JI_20260521075642_0005_D","Geo-Cordinates":"19.132918° N, 72.915127° E","type":"Plant"},"geometry":{"type":"Point","coordinates":[72.91512681451727,19.13291763377306]}},{"type":"Feature","properties":{"Parcel":"Parcel 59","Frame_No":"2_1","Zone_name":"Academic","ZoneNumber":"Z02","latitude":"19.1329° N","longitude":"72.915134° E","Count":"285","botanical_name":"Solenostemon scutellarioides / Plectranthus","comman_name":"Coleus / Painted Nettle","Plant_id":"285","schema_name":"21-02-2026 Parcel 59,58 Morning?JI_20260521075642_0005_D","Geo-Cordinates":"19.1329° N, 72.915134° E","type":"Plant"},"geometry":{"type":"Point","coordinates":[72.91513367358255,19.132900097372364]}},{"type":"Feature","properties":{"Parcel":"Parcel 59","Frame_No":"2_2","Zone_name":"Academic","ZoneNumber":"Z02","latitude":"19.132896° N","longitude":"72.915165° E","Count":"286","botanical_name":"Solenostemon scutellarioides / Plectranthus","comman_name":"Coleus / Painted Nettle","Plant_id":"286","schema_name":"21-02-2026 Parcel 59,58 Morning?JI_20260521075642_0005_D","Geo-Cordinates":"19.132896° N, 72.915165° E","type":"Plant"},"geometry":{"type":"Point","coordinates":[72.91516468565969,19.132895859152658]}},{"type":"Feature","properties":{"Parcel":"Parcel 59","Frame_No":"3","Zone_name":"Academic","ZoneNumber":"Z02","latitude":"19.132869° N","longitude":"72.915153° E","Count":"287","botanical_name":"Epipremnum aureum","comman_name":"Golden Pothos / Money Plant","Plant_id":"287","schema_name":"21-02-2026 Parcel 59,58 Morning?JI_20260521075642_0005_D","Geo-Cordinates":"19.132869° N, 72.915153° E","type":"Plant"},"geometry":{"type":"Point","coordinates":[72.91515278794455,19.132868587127547]}},{"type":"Feature","properties":{"Parcel":"Parcel 59","Frame_No":"4","Zone_name":"Academic","ZoneNumber":"Z02","latitude":"19.132912° N","longitude":"72.915191° E","Count":"288","botanical_name":"Dieffenbachia sp. / Aglaonema sp.","comman_name":"Dumb Cane / Chinese Evergreen","Plant_id":"288","schema_name":"21-02-2026 Parcel 59,58 Morning?JI_20260521075642_0005_D","Geo-Cordinates":"19.132912° N, 72.915191° E","type":"Plant"},"geometry":{"type":"Point","coordinates":[72.91519101666859,19.132912074949232]}},{"type":"Feature","properties":{"Parcel":"Parcel 59","Frame_No":"5_1","Zone_name":"Academic","ZoneNumber":"Z02","latitude":"19.132894° N","longitude":"72.915187° E","Count":"289","botanical_name":"Solenostemon scutellarioides / Plectranthus","comman_name":"Coleus / Painted Nettle","Plant_id":"289","schema_name":"21-02-2026 Parcel 59,58 Morning?JI_20260521075642_0005_D","Geo-Cordinates":"19.132894° N, 72.915187° E","type":"Plant"},"geometry":{"type":"Point","coordinates":[72.91518711577838,19.132894016448397]}},{"type":"Feature","properties":{"Parcel":"Parcel 59","Frame_No":"5_2","Zone_name":"Academic","ZoneNumber":"Z02","latitude":"19.13289° N","longitude":"72.915216° E","Count":"290","botanical_name":"Solenostemon scutellarioides / Plectranthus","comman_name":"Coleus / Painted Nettle","Plant_id":"290","schema_name":"21-02-2026 Parcel 59,58 Morning?JI_20260521075642_0005_D","Geo-Cordinates":"19.13289° N, 72.915216° E","type":"Plant"},"geometry":{"type":"Point","coordinates":[72.91521559227691,19.132890331039825]}},{"type":"Feature","properties":{"Parcel":"Parcel 59","Frame_No":"6","Zone_name":"Academic","ZoneNumber":"Z02","latitude":"19.132908° N","longitude":"72.915219° E","Count":"291","botanical_name":"Cordyline fruticosa","comman_name":"Black Magic Ti Plant / Dark-Leaf Cordyline","Plant_id":"291","schema_name":"21-02-2026 Parcel 59,58 Morning?JI_20260521075642_0005_D","Geo-Cordinates":"19.132908° N, 72.915219° E","type":"Plant"},"geometry":{"type":"Point","coordinates":[72.91521890803358,19.132907652459405]}},{"type":"Feature","properties":{"Parcel":"Parcel 59","Frame_No":"7","Zone_name":"Academic","ZoneNumber":"Z02","latitude":"19.132901° N","longitude":"72.915235° E","Count":"292","botanical_name":"Cordyline fruticosa / Dracaena sp.","comman_name":"Green Ti Plant / Variegated Cordyline","Plant_id":"292","schema_name":"21-02-2026 Parcel 59,58 Morning?JI_20260521075642_0005_D","Geo-Cordinates":"19.132901° N, 72.915235° E","type":"Plant"},"geometry":{"type":"Point","coordinates":[72.91523509672794,19.13290120299488]}},{"type":"Feature","properties":{"Parcel":"Parcel 59","Frame_No":"8_1","Zone_name":"Academic","ZoneNumber":"Z02","latitude":"19.132882° N","longitude":"72.915215° E","Count":"293","botanical_name":"Polyscias fruticosa / Aralia sp.","comman_name":"Fern-Leaf Aralia / Ming Aralia","Plant_id":"293","schema_name":"21-02-2026 Parcel 59,58 Morning?JI_20260521075642_0005_D","Geo-Cordinates":"19.132882° N, 72.915215° E","type":"Plant"},"geometry":{"type":"Point","coordinates":[72.91521539723239,19.132882407411106]}},{"type":"Feature","properties":{"Parcel":"Parcel 59","Frame_No":"8_2","Zone_name":"Academic","ZoneNumber":"Z02","latitude":"19.132882° N","longitude":"72.915212° E","Count":"294","botanical_name":"Polyscias fruticosa / Aralia sp.","comman_name":"Fern-Leaf Aralia / Ming Aralia","Plant_id":"294","schema_name":"21-02-2026 Parcel 59,58 Morning?JI_20260521075642_0005_D","Geo-Cordinates":"19.132882° N, 72.915212° E","type":"Plant"},"geometry":{"type":"Point","coordinates":[72.91521188643121,19.132882223140665]}},{"type":"Feature","properties":{"Parcel":"Parcel 59","Frame_No":"8_3","Zone_name":"Academic","ZoneNumber":"Z02","latitude":"19.132882° N","longitude":"72.915207° E","Count":"295","botanical_name":"Polyscias fruticosa / Aralia sp.","comman_name":"Fern-Leaf Aralia / Ming Aralia","Plant_id":"295","schema_name":"21-02-2026 Parcel 59,58 Morning?JI_20260521075642_0005_D","Geo-Cordinates":"19.132882° N, 72.915207° E","type":"Plant"},"geometry":{"type":"Point","coordinates":[72.91520681527395,19.132882038870225]}},{"type":"Feature","properties":{"Parcel":"Parcel 59","Frame_No":"8_4","Zone_name":"Academic","ZoneNumber":"Z02","latitude":"19.132882° N","longitude":"72.915202° E","Count":"296","botanical_name":"Polyscias fruticosa / Aralia sp.","comman_name":"Fern-Leaf Aralia / Ming Aralia","Plant_id":"296","schema_name":"21-02-2026 Parcel 59,58 Morning?JI_20260521075642_0005_D","Geo-Cordinates":"19.132882° N, 72.915202° E","type":"Plant"},"geometry":{"type":"Point","coordinates":[72.9152021342057,19.132882038870225]}},{"type":"Feature","properties":{"Parcel":"Parcel 59","Frame_No":"8_5","Zone_name":"Academic","ZoneNumber":"Z02","latitude":"19.132882° N","longitude":"72.915198° E","Count":"297","botanical_name":"Polyscias fruticosa / Aralia sp.","comman_name":"Fern-Leaf Aralia / Ming Aralia","Plant_id":"297","schema_name":"21-02-2026 Parcel 59,58 Morning?JI_20260521075642_0005_D","Geo-Cordinates":"19.132882° N, 72.915198° E","type":"Plant"},"geometry":{"type":"Point","coordinates":[72.91519823331548,19.13288185459978]}},{"type":"Feature","properties":{"Parcel":"Parcel 59","Frame_No":"8_6","Zone_name":"Academic","ZoneNumber":"Z02","latitude":"19.132882° N","longitude":"72.915194° E","Count":"298","botanical_name":"Polyscias fruticosa / Aralia sp.","comman_name":"Fern-Leaf Aralia / Ming Aralia","Plant_id":"298","schema_name":"21-02-2026 Parcel 59,58 Morning?JI_20260521075642_0005_D","Geo-Cordinates":"19.132882° N, 72.915194° E","type":"Plant"},"geometry":{"type":"Point","coordinates":[72.91519394233624,19.13288185459978]}},{"type":"Feature","properties":{"Parcel":"Parcel 59","Frame_No":"8_7","Zone_name":"Academic","ZoneNumber":"Z02","latitude":"19.132881° N","longitude":"72.915189° E","Count":"299","botanical_name":"Polyscias fruticosa / Aralia sp.","comman_name":"Fern-Leaf Aralia / Ming Aralia","Plant_id":"299","schema_name":"21-02-2026 Parcel 59,58 Morning?JI_20260521075642_0005_D","Geo-Cordinates":"19.132881° N, 72.915189° E","type":"Plant"},"geometry":{"type":"Point","coordinates":[72.915189261268,19.132881486058906]}},{"type":"Feature","properties":{"Parcel":"Parcel 59","Frame_No":"8_8","Zone_name":"Academic","ZoneNumber":"Z02","latitude":"19.132881° N","longitude":"72.915186° E","Count":"300","botanical_name":"Polyscias fruticosa / Aralia sp.","comman_name":"Fern-Leaf Aralia / Ming Aralia","Plant_id":"300","schema_name":"21-02-2026 Parcel 59,58 Morning?JI_20260521075642_0005_D","Geo-Cordinates":"19.132881° N, 72.915186° E","type":"Plant"},"geometry":{"type":"Point","coordinates":[72.9151855554223,19.132880933247577]}},{"type":"Feature","properties":{"Parcel":"Parcel 59","Frame_No":"8_9","Zone_name":"Academic","ZoneNumber":"Z02","latitude":"19.132881° N","longitude":"72.915181° E","Count":"301","botanical_name":"Polyscias fruticosa / Aralia sp.","comman_name":"Fern-Leaf Aralia / Ming Aralia","Plant_id":"301","schema_name":"21-02-2026 Parcel 59,58 Morning?JI_20260521075642_0005_D","Geo-Cordinates":"19.132881° N, 72.915181° E","type":"Plant"},"geometry":{"type":"Point","coordinates":[72.91518145948758,19.1328805647067]}},{"type":"Feature","properties":{"Parcel":"Parcel 59","Frame_No":"8_10","Zone_name":"Academic","ZoneNumber":"Z02","latitude":"19.13288° N","longitude":"72.915177° E","Count":"302","botanical_name":"Polyscias fruticosa / Aralia sp.","comman_name":"Fern-Leaf Aralia / Ming Aralia","Plant_id":"302","schema_name":"21-02-2026 Parcel 59,58 Morning?JI_20260521075642_0005_D","Geo-Cordinates":"19.13288° N, 72.915177° E","type":"Plant"},"geometry":{"type":"Point","coordinates":[72.91517697346386,19.13288001189537]}},{"type":"Feature","properties":{"Parcel":"Parcel 59","Frame_No":"9_1","Zone_name":"Academic","ZoneNumber":"Z02","latitude":"19.132877° N","longitude":"72.915177° E","Count":"303","botanical_name":"Polyscias fruticosa / Aralia sp.","comman_name":"Fern-Leaf Aralia / Ming Aralia","Plant_id":"303","schema_name":"21-02-2026 Parcel 59,58 Morning?JI_20260521075642_0005_D","Geo-Cordinates":"19.132877° N, 72.915177° E","type":"Plant"},"geometry":{"type":"Point","coordinates":[72.91517736355289,19.132877063568273]}},{"type":"Feature","properties":{"Parcel":"Parcel 59","Frame_No":"9_2","Zone_name":"Academic","ZoneNumber":"Z02","latitude":"19.132873° N","longitude":"72.915178° E","Count":"304","botanical_name":"Polyscias fruticosa / Aralia sp.","comman_name":"Fern-Leaf Aralia / Ming Aralia","Plant_id":"304","schema_name":"21-02-2026 Parcel 59,58 Morning?JI_20260521075642_0005_D","Geo-Cordinates":"19.132873° N, 72.915178° E","type":"Plant"},"geometry":{"type":"Point","coordinates":[72.91517814373093,19.132873009618415]}},{"type":"Feature","properties":{"Parcel":"Parcel 59","Frame_No":"9_3","Zone_name":"Academic","ZoneNumber":"Z02","latitude":"19.132869° N","longitude":"72.915179° E","Count":"305","botanical_name":"Polyscias fruticosa / Aralia sp.","comman_name":"Fern-Leaf Aralia / Ming Aralia","Plant_id":"305","schema_name":"21-02-2026 Parcel 59,58 Morning?JI_20260521075642_0005_D","Geo-Cordinates":"19.132869° N, 72.915179° E","type":"Plant"},"geometry":{"type":"Point","coordinates":[72.91517872886448,19.132868771398005]}},{"type":"Feature","properties":{"Parcel":"Parcel 59","Frame_No":"9_4","Zone_name":"Academic","ZoneNumber":"Z02","latitude":"19.132864° N","longitude":"72.91518° E","Count":"306","botanical_name":"Polyscias fruticosa / Aralia sp.","comman_name":"Fern-Leaf Aralia / Ming Aralia","Plant_id":"306","schema_name":"21-02-2026 Parcel 59,58 Morning?JI_20260521075642_0005_D","Geo-Cordinates":"19.132864° N, 72.91518° E","type":"Plant"},"geometry":{"type":"Point","coordinates":[72.91517970408701,19.132864164636572]}},{"type":"Feature","properties":{"Parcel":"Parcel 59","Frame_No":"9_5","Zone_name":"Academic","ZoneNumber":"Z02","latitude":"19.13286° N","longitude":"72.915181° E","Count":"307","botanical_name":"Polyscias fruticosa / Aralia sp.","comman_name":"Fern-Leaf Aralia / Ming Aralia","Plant_id":"307","schema_name":"21-02-2026 Parcel 59,58 Morning?JI_20260521075642_0005_D","Geo-Cordinates":"19.13286° N, 72.915181° E","type":"Plant"},"geometry":{"type":"Point","coordinates":[72.91518067930957,19.13285974214547]}},{"type":"Feature","properties":{"Parcel":"Parcel 59","Frame_No":"9_6","Zone_name":"Academic","ZoneNumber":"Z02","latitude":"19.132855° N","longitude":"72.915182° E","Count":"308","botanical_name":"Polyscias fruticosa / Aralia sp.","comman_name":"Fern-Leaf Aralia / Ming Aralia","Plant_id":"308","schema_name":"21-02-2026 Parcel 59,58 Morning?JI_20260521075642_0005_D","Geo-Cordinates":"19.132855° N, 72.915182° E","type":"Plant"},"geometry":{"type":"Point","coordinates":[72.91518165453212,19.132854766842843]}},{"type":"Feature","properties":{"Parcel":"Parcel 59","Frame_No":"9_7","Zone_name":"Academic","ZoneNumber":"Z02","latitude":"19.132849° N","longitude":"72.915183° E","Count":"309","botanical_name":"Polyscias fruticosa / Aralia sp.","comman_name":"Fern-Leaf Aralia / Ming Aralia","Plant_id":"309","schema_name":"21-02-2026 Parcel 59,58 Morning?JI_20260521075642_0005_D","Geo-Cordinates":"19.132849° N, 72.915183° E","type":"Plant"},"geometry":{"type":"Point","coordinates":[72.91518340993271,19.132848685917203]}},{"type":"Feature","properties":{"Parcel":"Parcel 59","Frame_No":"9_8","Zone_name":"Academic","ZoneNumber":"Z02","latitude":"19.132843° N","longitude":"72.915185° E","Count":"310","botanical_name":"Polyscias fruticosa / Aralia sp.","comman_name":"Fern-Leaf Aralia / Ming Aralia","Plant_id":"310","schema_name":"21-02-2026 Parcel 59,58 Morning?JI_20260521075642_0005_D","Geo-Cordinates":"19.132843° N, 72.915185° E","type":"Plant"},"geometry":{"type":"Point","coordinates":[72.91518516533331,19.132842789261822]}},{"type":"Feature","properties":{"Parcel":"Parcel 59","Frame_No":"9_9","Zone_name":"Academic","ZoneNumber":"Z02","latitude":"19.132837° N","longitude":"72.915187° E","Count":"311","botanical_name":"Polyscias fruticosa / Aralia sp.","comman_name":"Fern-Leaf Aralia / Ming Aralia","Plant_id":"311","schema_name":"21-02-2026 Parcel 59,58 Morning?JI_20260521075642_0005_D","Geo-Cordinates":"19.132837° N, 72.915187° E","type":"Plant"},"geometry":{"type":"Point","coordinates":[72.9151869207339,19.13283744541771]}},{"type":"Feature","properties":{"Parcel":"Parcel 59","Frame_No":"9_10","Zone_name":"Academic","ZoneNumber":"Z02","latitude":"19.132829° N","longitude":"72.915189° E","Count":"312","botanical_name":"Polyscias fruticosa / Aralia sp.","comman_name":"Fern-Leaf Aralia / Ming Aralia","Plant_id":"312","schema_name":"21-02-2026 Parcel 59,58 Morning?JI_20260521075642_0005_D","Geo-Cordinates":"19.132829° N, 72.915189° E","type":"Plant"},"geometry":{"type":"Point","coordinates":[72.91518867613449,19.132828968974955]}},{"type":"Feature","properties":{"Parcel":"Parcel 59","Frame_No":"10_1","Zone_name":"Academic","ZoneNumber":"Z02","latitude":"19.132823° N","longitude":"72.915189° E","Count":"313","botanical_name":"Polyscias fruticosa / Aralia sp.","comman_name":"Fern-Leaf Aralia / Ming Aralia","Plant_id":"313","schema_name":"21-02-2026 Parcel 59,58 Morning?JI_20260521075642_0005_D","Geo-Cordinates":"19.132823° N, 72.915189° E","type":"Plant"},"geometry":{"type":"Point","coordinates":[72.91518926126801,19.132823256589376]}},{"type":"Feature","properties":{"Parcel":"Parcel 59","Frame_No":"10_2","Zone_name":"Academic","ZoneNumber":"Z02","latitude":"19.132817° N","longitude":"72.91519° E","Count":"314","botanical_name":"Polyscias fruticosa / Aralia sp.","comman_name":"Fern-Leaf Aralia / Ming Aralia","Plant_id":"314","schema_name":"21-02-2026 Parcel 59,58 Morning?JI_20260521075642_0005_D","Geo-Cordinates":"19.132817° N, 72.91519° E","type":"Plant"},"geometry":{"type":"Point","coordinates":[72.91519043153508,19.132816991392062]}},{"type":"Feature","properties":{"Parcel":"Parcel 59","Frame_No":"10_3","Zone_name":"Academic","ZoneNumber":"Z02","latitude":"19.13281° N","longitude":"72.915193° E","Count":"315","botanical_name":"Polyscias fruticosa / Aralia sp.","comman_name":"Fern-Leaf Aralia / Ming Aralia","Plant_id":"315","schema_name":"21-02-2026 Parcel 59,58 Morning?JI_20260521075642_0005_D","Geo-Cordinates":"19.13281° N, 72.915193° E","type":"Plant"},"geometry":{"type":"Point","coordinates":[72.9151927720692,19.132810357653472]}},{"type":"Feature","properties":{"Parcel":"Parcel 59","Frame_No":"10_4","Zone_name":"Academic","ZoneNumber":"Z02","latitude":"19.132803° N","longitude":"72.915194° E","Count":"316","botanical_name":"Polyscias fruticosa / Aralia sp.","comman_name":"Fern-Leaf Aralia / Ming Aralia","Plant_id":"316","schema_name":"21-02-2026 Parcel 59,58 Morning?JI_20260521075642_0005_D","Geo-Cordinates":"19.132803° N, 72.915194° E","type":"Plant"},"geometry":{"type":"Point","coordinates":[72.91519394233627,19.132803355373564]}},{"type":"Feature","properties":{"Parcel":"Parcel 59","Frame_No":"10_5","Zone_name":"Academic","ZoneNumber":"Z02","latitude":"19.132797° N","longitude":"72.915196° E","Count":"317","botanical_name":"Polyscias fruticosa / Aralia sp.","comman_name":"Fern-Leaf Aralia / Ming Aralia","Plant_id":"317","schema_name":"21-02-2026 Parcel 59,58 Morning?JI_20260521075642_0005_D","Geo-Cordinates":"19.132797° N, 72.915196° E","type":"Plant"},"geometry":{"type":"Point","coordinates":[72.91519589278137,19.132797090175497]}},{"type":"Feature","properties":{"Parcel":"Parcel 59","Frame_No":"10_6","Zone_name":"Academic","ZoneNumber":"Z02","latitude":"19.132791° N","longitude":"72.915197° E","Count":"318","botanical_name":"Polyscias fruticosa / Aralia sp.","comman_name":"Fern-Leaf Aralia / Ming Aralia","Plant_id":"318","schema_name":"21-02-2026 Parcel 59,58 Morning?JI_20260521075642_0005_D","Geo-Cordinates":"19.132791° N, 72.915197° E","type":"Plant"},"geometry":{"type":"Point","coordinates":[72.91519667295941,19.132790824977192]}},{"type":"Feature","properties":{"Parcel":"Parcel 59","Frame_No":"10_7","Zone_name":"Academic","ZoneNumber":"Z02","latitude":"19.132791° N","longitude":"72.915203° E","Count":"319","botanical_name":"Polyscias fruticosa / Aralia sp.","comman_name":"Fern-Leaf Aralia / Ming Aralia","Plant_id":"319","schema_name":"21-02-2026 Parcel 59,58 Morning?JI_20260521075642_0005_D","Geo-Cordinates":"19.132791° N, 72.915203° E","type":"Plant"},"geometry":{"type":"Point","coordinates":[72.91520291438376,19.132790824977192]}},{"type":"Feature","properties":{"Parcel":"Parcel 59","Frame_No":"10_8","Zone_name":"Academic","ZoneNumber":"Z02","latitude":"19.132791° N","longitude":"72.915207° E","Count":"320","botanical_name":"Polyscias fruticosa / Aralia sp.","comman_name":"Fern-Leaf Aralia / Ming Aralia","Plant_id":"320","schema_name":"21-02-2026 Parcel 59,58 Morning?JI_20260521075642_0005_D","Geo-Cordinates":"19.132791° N, 72.915207° E","type":"Plant"},"geometry":{"type":"Point","coordinates":[72.9152067177517,19.132790917112462]}},{"type":"Feature","properties":{"Parcel":"Parcel 59","Frame_No":"10_9","Zone_name":"Academic","ZoneNumber":"Z02","latitude":"19.132791° N","longitude":"72.915212° E","Count":"321","botanical_name":"Polyscias fruticosa / Aralia sp.","comman_name":"Fern-Leaf Aralia / Ming Aralia","Plant_id":"321","schema_name":"21-02-2026 Parcel 59,58 Morning?JI_20260521075642_0005_D","Geo-Cordinates":"19.132791° N, 72.915212° E","type":"Plant"},"geometry":{"type":"Point","coordinates":[72.91521178890896,19.13279137778882]}},{"type":"Feature","properties":{"Parcel":"Parcel 59","Frame_No":"10_10","Zone_name":"Academic","ZoneNumber":"Z02","latitude":"19.132793° N","longitude":"72.915217° E","Count":"322","botanical_name":"Polyscias fruticosa / Aralia sp.","comman_name":"Fern-Leaf Aralia / Ming Aralia","Plant_id":"322","schema_name":"21-02-2026 Parcel 59,58 Morning?JI_20260521075642_0005_D","Geo-Cordinates":"19.132793° N, 72.915217° E","type":"Plant"},"geometry":{"type":"Point","coordinates":[72.9152169575885,19.13279303622368]}},{"type":"Feature","properties":{"Parcel":"Parcel 59","Frame_No":"11_1","Zone_name":"Academic","ZoneNumber":"Z02","latitude":"19.1328° N","longitude":"72.915211° E","Count":"323","botanical_name":"Heliconia psittacorum / Canna sp.","comman_name":"Parakeet Flower / False Bird of Paradise","Plant_id":"323","schema_name":"21-02-2026 Parcel 59,58 Morning?JI_20260521075642_0005_D","Geo-Cordinates":"19.1328° N, 72.915211° E","type":"Plant"},"geometry":{"type":"Point","coordinates":[72.9152107161642,19.132799577827704]}},{"type":"Feature","properties":{"Parcel":"Parcel 59","Frame_No":"11_2","Zone_name":"Academic","ZoneNumber":"Z02","latitude":"19.132813° N","longitude":"72.91521° E","Count":"324","botanical_name":"Heliconia psittacorum / Canna sp.","comman_name":"Parakeet Flower / False Bird of Paradise","Plant_id":"324","schema_name":"21-02-2026 Parcel 59,58 Morning?JI_20260521075642_0005_D","Geo-Cordinates":"19.132813° N, 72.91521° E","type":"Plant"},"geometry":{"type":"Point","coordinates":[72.91520954589714,19.132813029575992]}},{"type":"Feature","properties":{"Parcel":"Parcel 59","Frame_No":"11_3","Zone_name":"Academic","ZoneNumber":"Z02","latitude":"19.132828° N","longitude":"72.915208° E","Count":"325","botanical_name":"Heliconia psittacorum / Canna sp.","comman_name":"Parakeet Flower / False Bird of Paradise","Plant_id":"325","schema_name":"21-02-2026 Parcel 59,58 Morning?JI_20260521075642_0005_D","Geo-Cordinates":"19.132828° N, 72.915208° E","type":"Plant"},"geometry":{"type":"Point","coordinates":[72.91520837563007,19.13282795548721]}},{"type":"Feature","properties":{"Parcel":"Parcel 59","Frame_No":"11_4","Zone_name":"Academic","ZoneNumber":"Z02","latitude":"19.132848° N","longitude":"72.915207° E","Count":"326","botanical_name":"Heliconia psittacorum / Canna sp.","comman_name":"Parakeet Flower / False Bird of Paradise","Plant_id":"326","schema_name":"21-02-2026 Parcel 59,58 Morning?JI_20260521075642_0005_D","Geo-Cordinates":"19.132848° N, 72.915207° E","type":"Plant"},"geometry":{"type":"Point","coordinates":[72.91520681527399,19.132847856700053]}},{"type":"Feature","properties":{"Parcel":"Parcel 59","Frame_No":"11_5","Zone_name":"Academic","ZoneNumber":"Z02","latitude":"19.132867° N","longitude":"72.915206° E","Count":"327","botanical_name":"Heliconia psittacorum / Canna sp.","comman_name":"Parakeet Flower / False Bird of Paradise","Plant_id":"327","schema_name":"21-02-2026 Parcel 59,58 Morning?JI_20260521075642_0005_D","Geo-Cordinates":"19.132867° N, 72.915206° E","type":"Plant"},"geometry":{"type":"Point","coordinates":[72.91520603509595,19.132866836558218]}},{"type":"Feature","properties":{"Parcel":"Parcel 59","Frame_No":"13","Zone_name":"Academic","ZoneNumber":"Z02","latitude":"19.132868° N","longitude":"72.915225° E","Count":"328","botanical_name":"Epipremnum aureum","comman_name":"Golden Pothos / Neon Pothos","Plant_id":"328","schema_name":"21-02-2026 Parcel 59,58 Morning?JI_20260521075642_0005_D","Geo-Cordinates":"19.132868° N, 72.915225° E","type":"Plant"},"geometry":{"type":"Point","coordinates":[72.91522534450247,19.132868494992323]}},{"type":"Feature","properties":{"Parcel":"Parcel 59","Frame_No":"14","Zone_name":"Academic","ZoneNumber":"Z02","latitude":"19.132771° N","longitude":"72.915207° E","Count":"329","botanical_name":"Cordyline fruticosa","comman_name":"Ti Plant / Red Cordyline","Plant_id":"329","schema_name":"21-02-2026 Parcel 59,58 Morning?JI_20260521075642_0005_D","Geo-Cordinates":"19.132771° N, 72.915207° E","type":"Plant"},"geometry":{"type":"Point","coordinates":[72.91520691279628,19.132771200163287]}},{"type":"Feature","properties":{"Parcel":"Parcel 59","Frame_No":"15_1","Zone_name":"Academic","ZoneNumber":"Z02","latitude":"19.132768° N","longitude":"72.91514° E","Count":"330","botanical_name":"Heliconia psittacorum","comman_name":"Parakeet Flower / Golden Torch","Plant_id":"330","schema_name":"21-02-2026 Parcel 59,58 Morning?JI_20260521075642_0005_D","Geo-Cordinates":"19.132768° N, 72.91514° E","type":"Plant"},"geometry":{"type":"Point","coordinates":[72.91514030509596,19.132767883293138]}},{"type":"Feature","properties":{"Parcel":"Parcel 59","Frame_No":"15_2","Zone_name":"Academic","ZoneNumber":"Z02","latitude":"19.132754° N","longitude":"72.91513° E","Count":"331","botanical_name":"Heliconia psittacorum","comman_name":"Parakeet Flower / Golden Torch","Plant_id":"331","schema_name":"21-02-2026 Parcel 59,58 Morning?JI_20260521075642_0005_D","Geo-Cordinates":"19.132754° N, 72.91513° E","type":"Plant"},"geometry":{"type":"Point","coordinates":[72.9151304553482,19.13275351018822]}},{"type":"Feature","properties":{"Parcel":"Parcel 59","Frame_No":"15_3","Zone_name":"Academic","ZoneNumber":"Z02","latitude":"19.132741° N","longitude":"72.915123° E","Count":"332","botanical_name":"Heliconia psittacorum","comman_name":"Parakeet Flower / Golden Torch","Plant_id":"332","schema_name":"21-02-2026 Parcel 59,58 Morning?JI_20260521075642_0005_D","Geo-Cordinates":"19.132741° N, 72.915123° E","type":"Plant"},"geometry":{"type":"Point","coordinates":[72.91512265356778,19.13274079551747]}},{"type":"Feature","properties":{"Parcel":"Parcel 59","Frame_No":"15_4","Zone_name":"Academic","ZoneNumber":"Z02","latitude":"19.13273° N","longitude":"72.915117° E","Count":"333","botanical_name":"Heliconia psittacorum","comman_name":"Parakeet Flower / Golden Torch","Plant_id":"333","schema_name":"21-02-2026 Parcel 59,58 Morning?JI_20260521075642_0005_D","Geo-Cordinates":"19.13273° N, 72.915117° E","type":"Plant"},"geometry":{"type":"Point","coordinates":[72.91511699727698,19.13272992355185]}},{"type":"Feature","properties":{"Parcel":"Parcel 59","Frame_No":"15_5","Zone_name":"Academic","ZoneNumber":"Z02","latitude":"19.132718° N","longitude":"72.915108° E","Count":"334","botanical_name":"Heliconia psittacorum","comman_name":"Parakeet Flower / Golden Torch","Plant_id":"334","schema_name":"21-02-2026 Parcel 59,58 Morning?JI_20260521075642_0005_D","Geo-Cordinates":"19.132718° N, 72.915108° E","type":"Plant"},"geometry":{"type":"Point","coordinates":[72.91510802522951,19.132717761691154]}},{"type":"Feature","properties":{"Parcel":"Parcel 59","Frame_No":"15_6","Zone_name":"Academic","ZoneNumber":"Z02","latitude":"19.132709° N","longitude":"72.915103° E","Count":"335","botanical_name":"Heliconia psittacorum","comman_name":"Parakeet Flower / Golden Torch","Plant_id":"335","schema_name":"21-02-2026 Parcel 59,58 Morning?JI_20260521075642_0005_D","Geo-Cordinates":"19.132709° N, 72.915103° E","type":"Plant"},"geometry":{"type":"Point","coordinates":[72.91510295407225,19.132709285242267]}},{"type":"Feature","properties":{"Parcel":"Parcel 59","Frame_No":"15_7","Zone_name":"Academic","ZoneNumber":"Z02","latitude":"19.132702° N","longitude":"72.915097° E","Count":"336","botanical_name":"Heliconia psittacorum","comman_name":"Parakeet Flower / Golden Torch","Plant_id":"336","schema_name":"21-02-2026 Parcel 59,58 Morning?JI_20260521075642_0005_D","Geo-Cordinates":"19.132702° N, 72.915097° E","type":"Plant"},"geometry":{"type":"Point","coordinates":[72.91509749282595,19.132702098687428]}},{"type":"Feature","properties":{"Parcel":"Parcel 59","Frame_No":"15_8","Zone_name":"Academic","ZoneNumber":"Z02","latitude":"19.132694° N","longitude":"72.915092° E","Count":"337","botanical_name":"Heliconia psittacorum","comman_name":"Parakeet Flower / Golden Torch","Plant_id":"337","schema_name":"21-02-2026 Parcel 59,58 Morning?JI_20260521075642_0005_D","Geo-Cordinates":"19.132694° N, 72.915092° E","type":"Plant"},"geometry":{"type":"Point","coordinates":[72.91509222662418,19.13269417504968]}},{"type":"Feature","properties":{"Parcel":"Parcel 59","Frame_No":"15_9","Zone_name":"Academic","ZoneNumber":"Z02","latitude":"19.132688° N","longitude":"72.915088° E","Count":"338","botanical_name":"Heliconia psittacorum","comman_name":"Parakeet Flower / Golden Torch","Plant_id":"338","schema_name":"21-02-2026 Parcel 59,58 Morning?JI_20260521075642_0005_D","Geo-Cordinates":"19.132688° N, 72.915088° E","type":"Plant"},"geometry":{"type":"Point","coordinates":[72.91508793564495,19.132688094118134]}},{"type":"Feature","properties":{"Parcel":"Parcel 59","Frame_No":"15_10","Zone_name":"Academic","ZoneNumber":"Z02","latitude":"19.132681° N","longitude":"72.915084° E","Count":"339","botanical_name":"Heliconia psittacorum","comman_name":"Parakeet Flower / Golden Torch","Plant_id":"339","schema_name":"21-02-2026 Parcel 59,58 Morning?JI_20260521075642_0005_D","Geo-Cordinates":"19.132681° N, 72.915084° E","type":"Plant"},"geometry":{"type":"Point","coordinates":[72.91508383971023,19.132681460374368]}},{"type":"Feature","properties":{"Parcel":"Parcel 59","Frame_No":"16_1","Zone_name":"Academic","ZoneNumber":"Z02","latitude":"19.132676° N","longitude":"72.915081° E","Count":"340","botanical_name":"Heliconia psittacorum","comman_name":"Parakeet Flower / Golden Torch","Plant_id":"340","schema_name":"21-02-2026 Parcel 59,58 Morning?JI_20260521075642_0005_D","Geo-Cordinates":"19.132676° N, 72.915081° E","type":"Plant"},"geometry":{"type":"Point","coordinates":[72.91508071899806,19.132676485066366]}},{"type":"Feature","properties":{"Parcel":"Parcel 59","Frame_No":"16_2","Zone_name":"Academic","ZoneNumber":"Z02","latitude":"19.13267° N","longitude":"72.915077° E","Count":"341","botanical_name":"Heliconia psittacorum","comman_name":"Parakeet Flower / Golden Torch","Plant_id":"341","schema_name":"21-02-2026 Parcel 59,58 Morning?JI_20260521075642_0005_D","Geo-Cordinates":"19.13267° N, 72.915077° E","type":"Plant"},"geometry":{"type":"Point","coordinates":[72.91507701315234,19.132669667051456]}},{"type":"Feature","properties":{"Parcel":"Parcel 59","Frame_No":"16_3","Zone_name":"Academic","ZoneNumber":"Z02","latitude":"19.132664° N","longitude":"72.915071° E","Count":"342","botanical_name":"Heliconia psittacorum","comman_name":"Parakeet Flower / Golden Torch","Plant_id":"342","schema_name":"21-02-2026 Parcel 59,58 Morning?JI_20260521075642_0005_D","Geo-Cordinates":"19.132664° N, 72.915071° E","type":"Plant"},"geometry":{"type":"Point","coordinates":[72.91507135686155,19.132663586119]}},{"type":"Feature","properties":{"Parcel":"Parcel 59","Frame_No":"16_4","Zone_name":"Academic","ZoneNumber":"Z02","latitude":"19.132656° N","longitude":"72.915067° E","Count":"343","botanical_name":"Heliconia psittacorum","comman_name":"Parakeet Flower / Golden Torch","Plant_id":"343","schema_name":"21-02-2026 Parcel 59,58 Morning?JI_20260521075642_0005_D","Geo-Cordinates":"19.132656° N, 72.915067° E","type":"Plant"},"geometry":{"type":"Point","coordinates":[72.91506687083782,19.132656215291487]}},{"type":"Feature","properties":{"Parcel":"Parcel 59","Frame_No":"16_5","Zone_name":"Academic","ZoneNumber":"Z02","latitude":"19.132649° N","longitude":"72.915061° E","Count":"344","botanical_name":"Heliconia psittacorum","comman_name":"Parakeet Flower / Golden Torch","Plant_id":"344","schema_name":"21-02-2026 Parcel 59,58 Morning?JI_20260521075642_0005_D","Geo-Cordinates":"19.132649° N, 72.915061° E","type":"Plant"},"geometry":{"type":"Point","coordinates":[72.91506082445801,19.132649397275745]}},{"type":"Feature","properties":{"Parcel":"Parcel 59","Frame_No":"16_6","Zone_name":"Academic","ZoneNumber":"Z02","latitude":"19.132642° N","longitude":"72.915055° E","Count":"345","botanical_name":"Heliconia psittacorum","comman_name":"Parakeet Flower / Golden Torch","Plant_id":"345","schema_name":"21-02-2026 Parcel 59,58 Morning?JI_20260521075642_0005_D","Geo-Cordinates":"19.132642° N, 72.915055° E","type":"Plant"},"geometry":{"type":"Point","coordinates":[72.9150551681672,19.132641842176884]}},{"type":"Feature","properties":{"Parcel":"Parcel 59","Frame_No":"16_7","Zone_name":"Academic","ZoneNumber":"Z02","latitude":"19.132634° N","longitude":"72.915051° E","Count":"346","botanical_name":"Heliconia psittacorum","comman_name":"Parakeet Flower / Golden Torch","Plant_id":"346","schema_name":"21-02-2026 Parcel 59,58 Morning?JI_20260521075642_0005_D","Geo-Cordinates":"19.132634° N, 72.915051° E","type":"Plant"},"geometry":{"type":"Point","coordinates":[72.9150514623215,19.1326344713484]}},{"type":"Feature","properties":{"Parcel":"Parcel 59","Frame_No":"16_8","Zone_name":"Academic","ZoneNumber":"Z02","latitude":"19.132627° N","longitude":"72.915046° E","Count":"347","botanical_name":"Heliconia psittacorum","comman_name":"Parakeet Flower / Golden Torch","Plant_id":"347","schema_name":"21-02-2026 Parcel 59,58 Morning?JI_20260521075642_0005_D","Geo-Cordinates":"19.132627° N, 72.915046° E","type":"Plant"},"geometry":{"type":"Point","coordinates":[72.91504639116422,19.132626916248856]}},{"type":"Feature","properties":{"Parcel":"Parcel 59","Frame_No":"16_9","Zone_name":"Academic","ZoneNumber":"Z02","latitude":"19.132621° N","longitude":"72.915042° E","Count":"348","botanical_name":"Heliconia psittacorum","comman_name":"Parakeet Flower / Golden Torch","Plant_id":"348","schema_name":"21-02-2026 Parcel 59,58 Morning?JI_20260521075642_0005_D","Geo-Cordinates":"19.132621° N, 72.915042° E","type":"Plant"},"geometry":{"type":"Point","coordinates":[72.915042100185,19.132620651044096]}},{"type":"Feature","properties":{"Parcel":"Parcel 59","Frame_No":"16_10","Zone_name":"Academic","ZoneNumber":"Z02","latitude":"19.132615° N","longitude":"72.915039° E","Count":"349","botanical_name":"Heliconia psittacorum","comman_name":"Parakeet Flower / Golden Torch","Plant_id":"349","schema_name":"21-02-2026 Parcel 59,58 Morning?JI_20260521075642_0005_D","Geo-Cordinates":"19.132615° N, 72.915039° E","type":"Plant"},"geometry":{"type":"Point","coordinates":[72.91503858938383,19.132614754380576]}},{"type":"Feature","properties":{"Parcel":"Parcel 59","Frame_No":"17_1","Zone_name":"Academic","ZoneNumber":"Z02","latitude":"19.132609° N","longitude":"72.915035° E","Count":"350","botanical_name":"Heliconia psittacorum","comman_name":"Parakeet Flower / Golden Torch","Plant_id":"350","schema_name":"21-02-2026 Parcel 59,58 Morning?JI_20260521075642_0005_D","Geo-Cordinates":"19.132609° N, 72.915035° E","type":"Plant"},"geometry":{"type":"Point","coordinates":[72.91503468849362,19.13260922625834]}},{"type":"Feature","properties":{"Parcel":"Parcel 59","Frame_No":"17_2","Zone_name":"Academic","ZoneNumber":"Z02","latitude":"19.132605° N","longitude":"72.915031° E","Count":"351","botanical_name":"Heliconia psittacorum","comman_name":"Parakeet Flower / Golden Torch","Plant_id":"351","schema_name":"21-02-2026 Parcel 59,58 Morning?JI_20260521075642_0005_D","Geo-Cordinates":"19.132605° N, 72.915031° E","type":"Plant"},"geometry":{"type":"Point","coordinates":[72.91503078760341,19.132605172301904]}},{"type":"Feature","properties":{"Parcel":"Parcel 59","Frame_No":"17_3","Zone_name":"Academic","ZoneNumber":"Z02","latitude":"19.132599° N","longitude":"72.915027° E","Count":"352","botanical_name":"Heliconia psittacorum","comman_name":"Parakeet Flower / Golden Torch","Plant_id":"352","schema_name":"21-02-2026 Parcel 59,58 Morning?JI_20260521075642_0005_D","Geo-Cordinates":"19.132599° N, 72.915027° E","type":"Plant"},"geometry":{"type":"Point","coordinates":[72.91502688671318,19.13259853855481]}},{"type":"Feature","properties":{"Parcel":"Parcel 59","Frame_No":"17_4","Zone_name":"Academic","ZoneNumber":"Z02","latitude":"19.132591° N","longitude":"72.915022° E","Count":"353","botanical_name":"Heliconia psittacorum","comman_name":"Parakeet Flower / Golden Torch","Plant_id":"353","schema_name":"21-02-2026 Parcel 59,58 Morning?JI_20260521075642_0005_D","Geo-Cordinates":"19.132591° N, 72.915022° E","type":"Plant"},"geometry":{"type":"Point","coordinates":[72.91502201060044,19.13259116772439]}},{"type":"Feature","properties":{"Parcel":"Parcel 59","Frame_No":"17_5","Zone_name":"Academic","ZoneNumber":"Z02","latitude":"19.132585° N","longitude":"72.915018° E","Count":"354","botanical_name":"Heliconia psittacorum","comman_name":"Parakeet Flower / Golden Torch","Plant_id":"354","schema_name":"21-02-2026 Parcel 59,58 Morning?JI_20260521075642_0005_D","Geo-Cordinates":"19.132585° N, 72.915018° E","type":"Plant"},"geometry":{"type":"Point","coordinates":[72.91501830475474,19.132584902518275]}},{"type":"Feature","properties":{"Parcel":"Parcel 59","Frame_No":"17_6","Zone_name":"Academic","ZoneNumber":"Z02","latitude":"19.132579° N","longitude":"72.915014° E","Count":"355","botanical_name":"Heliconia psittacorum","comman_name":"Parakeet Flower / Golden Torch","Plant_id":"355","schema_name":"21-02-2026 Parcel 59,58 Morning?JI_20260521075642_0005_D","Geo-Cordinates":"19.132579° N, 72.915014° E","type":"Plant"},"geometry":{"type":"Point","coordinates":[72.91501420882001,19.132579374395032]}},{"type":"Feature","properties":{"Parcel":"Parcel 59","Frame_No":"17_7","Zone_name":"Academic","ZoneNumber":"Z02","latitude":"19.132575° N","longitude":"72.91501° E","Count":"356","botanical_name":"Heliconia psittacorum","comman_name":"Parakeet Flower / Golden Torch","Plant_id":"356","schema_name":"21-02-2026 Parcel 59,58 Morning?JI_20260521075642_0005_D","Geo-Cordinates":"19.132575° N, 72.91501° E","type":"Plant"},"geometry":{"type":"Point","coordinates":[72.91500991784079,19.132574767625524]}},{"type":"Feature","properties":{"Parcel":"Parcel 59","Frame_No":"17_8","Zone_name":"Academic","ZoneNumber":"Z02","latitude":"19.132569° N","longitude":"72.915005° E","Count":"357","botanical_name":"Heliconia psittacorum","comman_name":"Parakeet Flower / Golden Torch","Plant_id":"357","schema_name":"21-02-2026 Parcel 59,58 Morning?JI_20260521075642_0005_D","Geo-Cordinates":"19.132569° N, 72.915005° E","type":"Plant"},"geometry":{"type":"Point","coordinates":[72.91500543181705,19.132568870960366]}},{"type":"Feature","properties":{"Parcel":"Parcel 59","Frame_No":"17_9","Zone_name":"Academic","ZoneNumber":"Z02","latitude":"19.132562° N","longitude":"72.915001° E","Count":"358","botanical_name":"Heliconia psittacorum","comman_name":"Parakeet Flower / Golden Torch","Plant_id":"358","schema_name":"21-02-2026 Parcel 59,58 Morning?JI_20260521075642_0005_D","Geo-Cordinates":"19.132562° N, 72.915001° E","type":"Plant"},"geometry":{"type":"Point","coordinates":[72.91500055570431,19.132561684399416]}},{"type":"Feature","properties":{"Parcel":"Parcel 59","Frame_No":"17_10","Zone_name":"Academic","ZoneNumber":"Z02","latitude":"19.132555° N","longitude":"72.914996° E","Count":"359","botanical_name":"Heliconia psittacorum","comman_name":"Parakeet Flower / Golden Torch","Plant_id":"359","schema_name":"21-02-2026 Parcel 59,58 Morning?JI_20260521075642_0005_D","Geo-Cordinates":"19.132555° N, 72.914996° E","type":"Plant"},"geometry":{"type":"Point","coordinates":[72.91499606968056,19.132554682108964]}},{"type":"Feature","properties":{"Parcel":"Parcel 59","Frame_No":"18_1","Zone_name":"Academic","ZoneNumber":"Z02","latitude":"19.132546° N","longitude":"72.914992° E","Count":"360","botanical_name":"Heliconia psittacorum","comman_name":"Parakeet Flower / Golden Torch","Plant_id":"360","schema_name":"21-02-2026 Parcel 59,58 Morning?JI_20260521075642_0005_D","Geo-Cordinates":"19.132546° N, 72.914992° E","type":"Plant"},"geometry":{"type":"Point","coordinates":[72.91499246135712,19.132545560703836]}},{"type":"Feature","properties":{"Parcel":"Parcel 59","Frame_No":"18_2","Zone_name":"Academic","ZoneNumber":"Z02","latitude":"19.132536° N","longitude":"72.914985° E","Count":"361","botanical_name":"Heliconia psittacorum","comman_name":"Parakeet Flower / Golden Torch","Plant_id":"361","schema_name":"21-02-2026 Parcel 59,58 Morning?JI_20260521075642_0005_D","Geo-Cordinates":"19.132536° N, 72.914985° E","type":"Plant"},"geometry":{"type":"Point","coordinates":[72.91498514718798,19.13253616289198]}},{"type":"Feature","properties":{"Parcel":"Parcel 59","Frame_No":"18_3","Zone_name":"Academic","ZoneNumber":"Z02","latitude":"19.132528° N","longitude":"72.914978° E","Count":"362","botanical_name":"Heliconia psittacorum","comman_name":"Parakeet Flower / Golden Torch","Plant_id":"362","schema_name":"21-02-2026 Parcel 59,58 Morning?JI_20260521075642_0005_D","Geo-Cordinates":"19.132528° N, 72.914978° E","type":"Plant"},"geometry":{"type":"Point","coordinates":[72.9149781255856,19.132528147110857]}},{"type":"Feature","properties":{"Parcel":"Parcel 59","Frame_No":"18_4","Zone_name":"Academic","ZoneNumber":"Z02","latitude":"19.132517° N","longitude":"72.91497° E","Count":"363","botanical_name":"Heliconia psittacorum","comman_name":"Parakeet Flower / Golden Torch","Plant_id":"363","schema_name":"21-02-2026 Parcel 59,58 Morning?JI_20260521075642_0005_D","Geo-Cordinates":"19.132517° N, 72.91497° E","type":"Plant"},"geometry":{"type":"Point","coordinates":[72.91496993371618,19.132516814454117]}},{"type":"Feature","properties":{"Parcel":"Parcel 59","Frame_No":"18_5","Zone_name":"Academic","ZoneNumber":"Z02","latitude":"19.132509° N","longitude":"72.914963° E","Count":"364","botanical_name":"Heliconia psittacorum","comman_name":"Parakeet Flower / Golden Torch","Plant_id":"364","schema_name":"21-02-2026 Parcel 59,58 Morning?JI_20260521075642_0005_D","Geo-Cordinates":"19.132509° N, 72.914963° E","type":"Plant"},"geometry":{"type":"Point","coordinates":[72.91496261954704,19.132509351484625]}},{"type":"Feature","properties":{"Parcel":"Parcel 59","Frame_No":"18_6","Zone_name":"Academic","ZoneNumber":"Z02","latitude":"19.132499° N","longitude":"72.914954° E","Count":"365","botanical_name":"Heliconia psittacorum","comman_name":"Parakeet Flower / Golden Torch","Plant_id":"365","schema_name":"21-02-2026 Parcel 59,58 Morning?JI_20260521075642_0005_D","Geo-Cordinates":"19.132499° N, 72.914954° E","type":"Plant"},"geometry":{"type":"Point","coordinates":[72.91495413511083,19.132498848045504]}},{"type":"Feature","properties":{"Parcel":"Parcel 59","Frame_No":"18_7","Zone_name":"Academic","ZoneNumber":"Z02","latitude":"19.132483° N","longitude":"72.914941° E","Count":"366","botanical_name":"Heliconia psittacorum","comman_name":"Parakeet Flower / Golden Torch","Plant_id":"366","schema_name":"21-02-2026 Parcel 59,58 Morning?JI_20260521075642_0005_D","Geo-Cordinates":"19.132483° N, 72.914941° E","type":"Plant"},"geometry":{"type":"Point","coordinates":[72.91494126217314,19.132483369291897]}},{"type":"Feature","properties":{"Parcel":"Parcel 59","Frame_No":"18_8","Zone_name":"Academic","ZoneNumber":"Z02","latitude":"19.13246° N","longitude":"72.914937° E","Count":"367","botanical_name":"Heliconia psittacorum","comman_name":"Parakeet Flower / Golden Torch","Plant_id":"367","schema_name":"21-02-2026 Parcel 59,58 Morning?JI_20260521075642_0005_D","Geo-Cordinates":"19.13246° N, 72.914937° E","type":"Plant"},"geometry":{"type":"Point","coordinates":[72.91493687367166,19.13246015115877]}},{"type":"Feature","properties":{"Parcel":"Parcel 59","Frame_No":"18_9","Zone_name":"Academic","ZoneNumber":"Z02","latitude":"19.132447° N","longitude":"72.914935° E","Count":"368","botanical_name":"Heliconia psittacorum","comman_name":"Parakeet Flower / Golden Torch","Plant_id":"368","schema_name":"21-02-2026 Parcel 59,58 Morning?JI_20260521075642_0005_D","Geo-Cordinates":"19.132447° N, 72.914935° E","type":"Plant"},"geometry":{"type":"Point","coordinates":[72.91493541083784,19.132447436465434]}},{"type":"Feature","properties":{"Parcel":"Parcel 59","Frame_No":"18_10","Zone_name":"Academic","ZoneNumber":"Z02","latitude":"19.132429° N","longitude":"72.914934° E","Count":"369","botanical_name":"Heliconia psittacorum","comman_name":"Parakeet Flower / Golden Torch","Plant_id":"369","schema_name":"21-02-2026 Parcel 59,58 Morning?JI_20260521075642_0005_D","Geo-Cordinates":"19.132429° N, 72.914934° E","type":"Plant"},"geometry":{"type":"Point","coordinates":[72.91493424057079,19.132429193642853]}},{"type":"Feature","properties":{"Parcel":"Parcel 59","Frame_No":"19_1","Zone_name":"Academic","ZoneNumber":"Z02","latitude":"19.132442° N","longitude":"72.914925° E","Count":"370","botanical_name":"Ixora coccinea / Rubiaceae","comman_name":"Jungle Flame / Flame of the Woods","Plant_id":"370","schema_name":"21-02-2026 Parcel 59,58 Morning?JI_20260521075642_0005_D","Geo-Cordinates":"19.132442° N, 72.914925° E","type":"Plant"},"geometry":{"type":"Point","coordinates":[72.91492458586754,19.132442461150383]}},{"type":"Feature","properties":{"Parcel":"Parcel 59","Frame_No":"19_2","Zone_name":"Academic","ZoneNumber":"Z02","latitude":"19.132481° N","longitude":"72.914922° E","Count":"371","botanical_name":"Ixora coccinea / Rubiaceae","comman_name":"Jungle Flame / Flame of the Woods","Plant_id":"371","schema_name":"21-02-2026 Parcel 59,58 Morning?JI_20260521075642_0005_D","Geo-Cordinates":"19.132481° N, 72.914922° E","type":"Plant"},"geometry":{"type":"Point","coordinates":[72.91492166019988,19.13248143444759]}},{"type":"Feature","properties":{"Parcel":"Parcel 59","Frame_No":"19_3","Zone_name":"Academic","ZoneNumber":"Z02","latitude":"19.132533° N","longitude":"72.914957° E","Count":"372","botanical_name":"Ixora coccinea / Rubiaceae","comman_name":"Jungle Flame / Flame of the Woods","Plant_id":"372","schema_name":"21-02-2026 Parcel 59,58 Morning?JI_20260521075642_0005_D","Geo-Cordinates":"19.132533° N, 72.914957° E","type":"Plant"},"geometry":{"type":"Point","coordinates":[72.9149570607785,19.132532846017078]}},{"type":"Feature","properties":{"Parcel":"Parcel 59","Frame_No":"19_4","Zone_name":"Academic","ZoneNumber":"Z02","latitude":"19.132569° N","longitude":"72.914983° E","Count":"373","botanical_name":"Ixora coccinea / Rubiaceae","comman_name":"Jungle Flame / Flame of the Woods","Plant_id":"373","schema_name":"21-02-2026 Parcel 59,58 Morning?JI_20260521075642_0005_D","Geo-Cordinates":"19.132569° N, 72.914983° E","type":"Plant"},"geometry":{"type":"Point","coordinates":[72.91498339178742,19.132569331637324]}},{"type":"Feature","properties":{"Parcel":"Parcel 59","Frame_No":"19_5","Zone_name":"Academic","ZoneNumber":"Z02","latitude":"19.132617° N","longitude":"72.915014° E","Count":"374","botanical_name":"Ixora coccinea / Rubiaceae","comman_name":"Jungle Flame / Flame of the Woods","Plant_id":"374","schema_name":"21-02-2026 Parcel 59,58 Morning?JI_20260521075642_0005_D","Geo-Cordinates":"19.132617° N, 72.915014° E","type":"Plant"},"geometry":{"type":"Point","coordinates":[72.91501352616426,19.132617242035522]}},{"type":"Feature","properties":{"Parcel":"Parcel 59","Frame_No":"19_6","Zone_name":"Academic","ZoneNumber":"Z02","latitude":"19.132661° N","longitude":"72.915041° E","Count":"375","botanical_name":"Ixora coccinea / Rubiaceae","comman_name":"Jungle Flame / Flame of the Woods","Plant_id":"375","schema_name":"21-02-2026 Parcel 59,58 Morning?JI_20260521075642_0005_D","Geo-Cordinates":"19.132661° N, 72.915041° E","type":"Plant"},"geometry":{"type":"Point","coordinates":[72.9150408323957,19.132660545652683]}},{"type":"Feature","properties":{"Parcel":"Parcel 59","Frame_No":"19_7","Zone_name":"Academic","ZoneNumber":"Z02","latitude":"19.132719° N","longitude":"72.915071° E","Count":"376","botanical_name":"Ixora coccinea / Rubiaceae","comman_name":"Jungle Flame / Flame of the Woods","Plant_id":"376","schema_name":"21-02-2026 Parcel 59,58 Morning?JI_20260521075642_0005_D","Geo-Cordinates":"19.132719° N, 72.915071° E","type":"Plant"},"geometry":{"type":"Point","coordinates":[72.91507086925031,19.13271914372082]}},{"type":"Feature","properties":{"Parcel":"Parcel 59","Frame_No":"19_8","Zone_name":"Academic","ZoneNumber":"Z02","latitude":"19.132751° N","longitude":"72.915084° E","Count":"377","botanical_name":"Ixora coccinea / Rubiaceae","comman_name":"Jungle Flame / Flame of the Woods","Plant_id":"377","schema_name":"21-02-2026 Parcel 59,58 Morning?JI_20260521075642_0005_D","Geo-Cordinates":"19.132751° N, 72.915084° E","type":"Plant"},"geometry":{"type":"Point","coordinates":[72.91508432732152,19.132750653994144]}},{"type":"Feature","properties":{"Parcel":"Parcel 59","Frame_No":"19_9","Zone_name":"Academic","ZoneNumber":"Z02","latitude":"19.132782° N","longitude":"72.91509° E","Count":"378","botanical_name":"Ixora coccinea / Rubiaceae","comman_name":"Jungle Flame / Flame of the Woods","Plant_id":"378","schema_name":"21-02-2026 Parcel 59,58 Morning?JI_20260521075642_0005_D","Geo-Cordinates":"19.132782° N, 72.91509° E","type":"Plant"},"geometry":{"type":"Point","coordinates":[72.91509047122358,19.132781887855632]}},{"type":"Feature","properties":{"Parcel":"Parcel 59","Frame_No":"19_10","Zone_name":"Academic","ZoneNumber":"Z02","latitude":"19.132686° N","longitude":"72.915057° E","Count":"379","botanical_name":"Ixora coccinea / Rubiaceae","comman_name":"Jungle Flame / Flame of the Woods","Plant_id":"379","schema_name":"21-02-2026 Parcel 59,58 Morning?JI_20260521075642_0005_D","Geo-Cordinates":"19.132686° N, 72.915057° E","type":"Plant"},"geometry":{"type":"Point","coordinates":[72.91505682604556,19.132685975005565]}},{"type":"Feature","properties":{"Parcel":"Parcel 59","Frame_No":"1_1","Zone_name":"Academic","ZoneNumber":"Z02","latitude":"19.132597° N","longitude":"72.914892° E","Count":"380","botanical_name":"Codiaeum variegatum","comman_name":"Garden Croton (Gold Dust)","Plant_id":"380","schema_name":"21-02-2026 Parcel 59,58 Morning?JI_20260521080550_0006_D","Geo-Cordinates":"19.132597° N, 72.914892° E","type":"Plant"},"geometry":{"type":"Point","coordinates":[72.9148920459416,19.132597371506737]}},{"type":"Feature","properties":{"Parcel":"Parcel 59","Frame_No":"1_2","Zone_name":"Academic","ZoneNumber":"Z02","latitude":"19.132594° N","longitude":"72.914893° E","Count":"381","botanical_name":"Codiaeum variegatum","comman_name":"Garden Croton (Gold Dust)","Plant_id":"381","schema_name":"21-02-2026 Parcel 59,58 Morning?JI_20260521080550_0006_D","Geo-Cordinates":"19.132594° N, 72.914893° E","type":"Plant"},"geometry":{"type":"Point","coordinates":[72.91489295614932,19.132594177480247]}},{"type":"Feature","properties":{"Parcel":"Parcel 59","Frame_No":"1_3","Zone_name":"Academic","ZoneNumber":"Z02","latitude":"19.132591° N","longitude":"72.914892° E","Count":"382","botanical_name":"Codiaeum variegatum","comman_name":"Garden Croton (Gold Dust)","Plant_id":"382","schema_name":"21-02-2026 Parcel 59,58 Morning?JI_20260521080550_0006_D","Geo-Cordinates":"19.132591° N, 72.914892° E","type":"Plant"},"geometry":{"type":"Point","coordinates":[72.91489230600095,19.13259061491215]}},{"type":"Feature","properties":{"Parcel":"Parcel 59","Frame_No":"1_4","Zone_name":"Academic","ZoneNumber":"Z02","latitude":"19.132588° N","longitude":"72.914891° E","Count":"383","botanical_name":"Codiaeum variegatum","comman_name":"Garden Croton (Gold Dust)","Plant_id":"383","schema_name":"21-02-2026 Parcel 59,58 Morning?JI_20260521080550_0006_D","Geo-Cordinates":"19.132588° N, 72.914891° E","type":"Plant"},"geometry":{"type":"Point","coordinates":[72.9148910057042,19.132587912274236]}},{"type":"Feature","properties":{"Parcel":"Parcel 59","Frame_No":"1_5","Zone_name":"Academic","ZoneNumber":"Z02","latitude":"19.132585° N","longitude":"72.91489° E","Count":"384","botanical_name":"Codiaeum variegatum","comman_name":"Garden Croton (Gold Dust)","Plant_id":"384","schema_name":"21-02-2026 Parcel 59,58 Morning?JI_20260521080550_0006_D","Geo-Cordinates":"19.132585° N, 72.91489° E","type":"Plant"},"geometry":{"type":"Point","coordinates":[72.91488983543715,19.132585209636286]}},{"type":"Feature","properties":{"Parcel":"Parcel 59","Frame_No":"1_6","Zone_name":"Academic","ZoneNumber":"Z02","latitude":"19.132583° N","longitude":"72.914889° E","Count":"385","botanical_name":"Codiaeum variegatum","comman_name":"Garden Croton (Gold Dust)","Plant_id":"385","schema_name":"21-02-2026 Parcel 59,58 Morning?JI_20260521080550_0006_D","Geo-Cordinates":"19.132583° N, 72.914889° E","type":"Plant"},"geometry":{"type":"Point","coordinates":[72.91488853514042,19.13258324408138]}},{"type":"Feature","properties":{"Parcel":"Parcel 59","Frame_No":"1_7","Zone_name":"Academic","ZoneNumber":"Z02","latitude":"19.13258° N","longitude":"72.914887° E","Count":"386","botanical_name":"Codiaeum variegatum","comman_name":"Garden Croton (Gold Dust)","Plant_id":"386","schema_name":"21-02-2026 Parcel 59,58 Morning?JI_20260521080550_0006_D","Geo-Cordinates":"19.13258° N, 72.914887° E","type":"Plant"},"geometry":{"type":"Point","coordinates":[72.91488684475465,19.132580050054607]}},{"type":"Feature","properties":{"Parcel":"Parcel 59","Frame_No":"2_1","Zone_name":"Academic","ZoneNumber":"Z02","latitude":"19.132594° N","longitude":"72.914889° E","Count":"387","botanical_name":"Tradescantia spathacea","comman_name":"Boat Lily / Oyster Plant","Plant_id":"387","schema_name":"21-02-2026 Parcel 59,58 Morning?JI_20260521080550_0006_D","Geo-Cordinates":"19.132594° N, 72.914889° E","type":"Plant"},"geometry":{"type":"Point","coordinates":[72.91488853514039,19.13259368609154]}},{"type":"Feature","properties":{"Parcel":"Parcel 59","Frame_No":"2_2","Zone_name":"Academic","ZoneNumber":"Z02","latitude":"19.132588° N","longitude":"72.914887° E","Count":"388","botanical_name":"Tradescantia spathacea","comman_name":"Boat Lily / Oyster Plant","Plant_id":"388","schema_name":"21-02-2026 Parcel 59,58 Morning?JI_20260521080550_0006_D","Geo-Cordinates":"19.132588° N, 72.914887° E","type":"Plant"},"geometry":{"type":"Point","coordinates":[72.91488671472496,19.13258828081577]}},{"type":"Feature","properties":{"Parcel":"Parcel 59","Frame_No":"2_3","Zone_name":"Academic","ZoneNumber":"Z02","latitude":"19.132582° N","longitude":"72.914884° E","Count":"389","botanical_name":"Tradescantia spathacea","comman_name":"Boat Lily / Oyster Plant","Plant_id":"389","schema_name":"21-02-2026 Parcel 59,58 Morning?JI_20260521080550_0006_D","Geo-Cordinates":"19.132582° N, 72.914884° E","type":"Plant"},"geometry":{"type":"Point","coordinates":[72.91488437419083,19.132581892762364]}},{"type":"Feature","properties":{"Parcel":"Parcel 59","Frame_No":"3_1","Zone_name":"Academic","ZoneNumber":"Z02","latitude":"19.132595° N","longitude":"72.914895° E","Count":"390","botanical_name":"Ixora coccinea / Rubiaceae","comman_name":"Jungle Flame / Flame of the Woods","Plant_id":"390","schema_name":"21-02-2026 Parcel 59,58 Morning?JI_20260521080550_0006_D","Geo-Cordinates":"19.132595° N, 72.914895° E","type":"Plant"},"geometry":{"type":"Point","coordinates":[72.9148949065944,19.132595037410457]}},{"type":"Feature","properties":{"Parcel":"Parcel 59","Frame_No":"3_2","Zone_name":"Academic","ZoneNumber":"Z02","latitude":"19.132591° N","longitude":"72.914895° E","Count":"391","botanical_name":"Ixora coccinea / Rubiaceae","comman_name":"Jungle Flame / Flame of the Woods","Plant_id":"391","schema_name":"21-02-2026 Parcel 59,58 Morning?JI_20260521080550_0006_D","Geo-Cordinates":"19.132591° N, 72.914895° E","type":"Plant"},"geometry":{"type":"Point","coordinates":[72.91489477656472,19.132590614912147]}},{"type":"Feature","properties":{"Parcel":"Parcel 59","Frame_No":"3_3","Zone_name":"Academic","ZoneNumber":"Z02","latitude":"19.132587° N","longitude":"72.914893° E","Count":"392","botanical_name":"Ixora coccinea / Rubiaceae","comman_name":"Jungle Flame / Flame of the Woods","Plant_id":"392","schema_name":"21-02-2026 Parcel 59,58 Morning?JI_20260521080550_0006_D","Geo-Cordinates":"19.132587° N, 72.914893° E","type":"Plant"},"geometry":{"type":"Point","coordinates":[72.91489269608994,19.13258656095526]}},{"type":"Feature","properties":{"Parcel":"Parcel 59","Frame_No":"3_4","Zone_name":"Academic","ZoneNumber":"Z02","latitude":"19.132583° N","longitude":"72.914892° E","Count":"393","botanical_name":"Ixora coccinea / Rubiaceae","comman_name":"Jungle Flame / Flame of the Woods","Plant_id":"393","schema_name":"21-02-2026 Parcel 59,58 Morning?JI_20260521080550_0006_D","Geo-Cordinates":"19.132583° N, 72.914892° E","type":"Plant"},"geometry":{"type":"Point","coordinates":[72.91489165585256,19.132582629845462]}},{"type":"Feature","properties":{"Parcel":"Parcel 59","Frame_No":"3_5","Zone_name":"Academic","ZoneNumber":"Z02","latitude":"19.132579° N","longitude":"72.91489° E","Count":"394","botanical_name":"Ixora coccinea / Rubiaceae","comman_name":"Jungle Flame / Flame of the Woods","Plant_id":"394","schema_name":"21-02-2026 Parcel 59,58 Morning?JI_20260521080550_0006_D","Geo-Cordinates":"19.132579° N, 72.91489° E","type":"Plant"},"geometry":{"type":"Point","coordinates":[72.91488970540745,19.13257882158275]}},{"type":"Feature","properties":{"Parcel":"Parcel 59","Frame_No":"4_1","Zone_name":"Academic","ZoneNumber":"Z02","latitude":"19.132571° N","longitude":"72.914885° E","Count":"395","botanical_name":"Polyscias fruticosa / Aralia sp.","comman_name":"Fern-Leaf Aralia / Ming Aralia","Plant_id":"395","schema_name":"21-02-2026 Parcel 59,58 Morning?JI_20260521080550_0006_D","Geo-Cordinates":"19.132571° N, 72.914885° E","type":"Plant"},"geometry":{"type":"Point","coordinates":[72.9148845042205,19.132570959362685]}},{"type":"Feature","properties":{"Parcel":"Parcel 59","Frame_No":"4_2","Zone_name":"Academic","ZoneNumber":"Z02","latitude":"19.132569° N","longitude":"72.914883° E","Count":"396","botanical_name":"Polyscias fruticosa / Aralia sp.","comman_name":"Fern-Leaf Aralia / Ming Aralia","Plant_id":"396","schema_name":"21-02-2026 Parcel 59,58 Morning?JI_20260521080550_0006_D","Geo-Cordinates":"19.132569° N, 72.914883° E","type":"Plant"},"geometry":{"type":"Point","coordinates":[72.91488281383475,19.13256887096042]}},{"type":"Feature","properties":{"Parcel":"Parcel 59","Frame_No":"4_3","Zone_name":"Academic","ZoneNumber":"Z02","latitude":"19.132566° N","longitude":"72.91488° E","Count":"397","botanical_name":"Polyscias fruticosa / Aralia sp.","comman_name":"Fern-Leaf Aralia / Ming Aralia","Plant_id":"397","schema_name":"21-02-2026 Parcel 59,58 Morning?JI_20260521080550_0006_D","Geo-Cordinates":"19.132566° N, 72.91488° E","type":"Plant"},"geometry":{"type":"Point","coordinates":[72.91487982315226,19.13256641401654]}},{"type":"Feature","properties":{"Parcel":"Parcel 59","Frame_No":"4_4","Zone_name":"Academic","ZoneNumber":"Z02","latitude":"19.132565° N","longitude":"72.914877° E","Count":"398","botanical_name":"Polyscias fruticosa / Aralia sp.","comman_name":"Fern-Leaf Aralia / Ming Aralia","Plant_id":"398","schema_name":"21-02-2026 Parcel 59,58 Morning?JI_20260521080550_0006_D","Geo-Cordinates":"19.132565° N, 72.914877° E","type":"Plant"},"geometry":{"type":"Point","coordinates":[72.91487657241042,19.13256506269739]}},{"type":"Feature","properties":{"Parcel":"Parcel 59","Frame_No":"4_5","Zone_name":"Academic","ZoneNumber":"Z02","latitude":"19.132564° N","longitude":"72.914873° E","Count":"399","botanical_name":"Polyscias fruticosa / Aralia sp.","comman_name":"Fern-Leaf Aralia / Ming Aralia","Plant_id":"399","schema_name":"21-02-2026 Parcel 59,58 Morning?JI_20260521080550_0006_D","Geo-Cordinates":"19.132564° N, 72.914873° E","type":"Plant"},"geometry":{"type":"Point","coordinates":[72.91487254149054,19.132564448461412]}},{"type":"Feature","properties":{"Parcel":"Parcel 59","Frame_No":"4_6","Zone_name":"Academic","ZoneNumber":"Z02","latitude":"19.132565° N","longitude":"72.914868° E","Count":"400","botanical_name":"Polyscias fruticosa / Aralia sp.","comman_name":"Fern-Leaf Aralia / Ming Aralia","Plant_id":"400","schema_name":"21-02-2026 Parcel 59,58 Morning?JI_20260521080550_0006_D","Geo-Cordinates":"19.132565° N, 72.914868° E","type":"Plant"},"geometry":{"type":"Point","coordinates":[72.91486812048164,19.13256506269739]}},{"type":"Feature","properties":{"Parcel":"Parcel 59","Frame_No":"4_7","Zone_name":"Academic","ZoneNumber":"Z02","latitude":"19.132566° N","longitude":"72.914864° E","Count":"401","botanical_name":"Polyscias fruticosa / Aralia sp.","comman_name":"Fern-Leaf Aralia / Ming Aralia","Plant_id":"401","schema_name":"21-02-2026 Parcel 59,58 Morning?JI_20260521080550_0006_D","Geo-Cordinates":"19.132566° N, 72.914864° E","type":"Plant"},"geometry":{"type":"Point","coordinates":[72.91486395953208,19.132566045474956]}},{"type":"Feature","properties":{"Parcel":"Parcel 59","Frame_No":"4_8","Zone_name":"Academic","ZoneNumber":"Z02","latitude":"19.132568° N","longitude":"72.914858° E","Count":"402","botanical_name":"Polyscias fruticosa / Aralia sp.","comman_name":"Fern-Leaf Aralia / Ming Aralia","Plant_id":"402","schema_name":"21-02-2026 Parcel 59,58 Morning?JI_20260521080550_0006_D","Geo-Cordinates":"19.132568° N, 72.914858° E","type":"Plant"},"geometry":{"type":"Point","coordinates":[72.91485771810775,19.132568133877264]}},{"type":"Feature","properties":{"Parcel":"Parcel 59","Frame_No":"4_9","Zone_name":"Academic","ZoneNumber":"Z02","latitude":"19.132572° N","longitude":"72.914853° E","Count":"403","botanical_name":"Polyscias fruticosa / Aralia sp.","comman_name":"Fern-Leaf Aralia / Ming Aralia","Plant_id":"403","schema_name":"21-02-2026 Parcel 59,58 Morning?JI_20260521080550_0006_D","Geo-Cordinates":"19.132572° N, 72.914853° E","type":"Plant"},"geometry":{"type":"Point","coordinates":[72.91485251692083,19.132572433528978]}},{"type":"Feature","properties":{"Parcel":"Parcel 59","Frame_No":"4_10","Zone_name":"Academic","ZoneNumber":"Z02","latitude":"19.13257° N","longitude":"72.914855° E","Count":"404","botanical_name":"Polyscias fruticosa / Aralia sp.","comman_name":"Fern-Leaf Aralia / Ming Aralia","Plant_id":"404","schema_name":"21-02-2026 Parcel 59,58 Morning?JI_20260521080550_0006_D","Geo-Cordinates":"19.13257° N, 72.914855° E","type":"Plant"},"geometry":{"type":"Point","coordinates":[72.91485524754397,19.132570099432346]}},{"type":"Feature","properties":{"Parcel":"Parcel 59","Frame_No":"4_11","Zone_name":"Academic","ZoneNumber":"Z02","latitude":"19.132574° N","longitude":"72.91485° E","Count":"405","botanical_name":"Polyscias fruticosa / Aralia sp.","comman_name":"Fern-Leaf Aralia / Ming Aralia","Plant_id":"405","schema_name":"21-02-2026 Parcel 59,58 Morning?JI_20260521080550_0006_D","Geo-Cordinates":"19.132574° N, 72.91485° E","type":"Plant"},"geometry":{"type":"Point","coordinates":[72.91484978629768,19.132574276236824]}},{"type":"Feature","properties":{"Parcel":"Parcel 59","Frame_No":"4_12","Zone_name":"Academic","ZoneNumber":"Z02","latitude":"19.132577° N","longitude":"72.914848° E","Count":"406","botanical_name":"Polyscias fruticosa / Aralia sp.","comman_name":"Fern-Leaf Aralia / Ming Aralia","Plant_id":"406","schema_name":"21-02-2026 Parcel 59,58 Morning?JI_20260521080550_0006_D","Geo-Cordinates":"19.132577° N, 72.914848° E","type":"Plant"},"geometry":{"type":"Point","coordinates":[72.91484796588225,19.13257685602777]}},{"type":"Feature","properties":{"Parcel":"Parcel 59","Frame_No":"4_13","Zone_name":"Academic","ZoneNumber":"Z02","latitude":"19.13258° N","longitude":"72.914847° E","Count":"407","botanical_name":"Polyscias fruticosa / Aralia sp.","comman_name":"Fern-Leaf Aralia / Ming Aralia","Plant_id":"407","schema_name":"21-02-2026 Parcel 59,58 Morning?JI_20260521080550_0006_D","Geo-Cordinates":"19.13258° N, 72.914847° E","type":"Plant"},"geometry":{"type":"Point","coordinates":[72.91484731573388,19.132580050054607]}},{"type":"Feature","properties":{"Parcel":"Parcel 59","Frame_No":"4_14","Zone_name":"Academic","ZoneNumber":"Z02","latitude":"19.132584° N","longitude":"72.914847° E","Count":"408","botanical_name":"Polyscias fruticosa / Aralia sp.","comman_name":"Fern-Leaf Aralia / Ming Aralia","Plant_id":"408","schema_name":"21-02-2026 Parcel 59,58 Morning?JI_20260521080550_0006_D","Geo-Cordinates":"19.132584° N, 72.914847° E","type":"Plant"},"geometry":{"type":"Point","coordinates":[72.91484705567453,19.13258373547011]}},{"type":"Feature","properties":{"Parcel":"Parcel 59","Frame_No":"4_15","Zone_name":"Academic","ZoneNumber":"Z02","latitude":"19.132587° N","longitude":"72.914847° E","Count":"409","botanical_name":"Polyscias fruticosa / Aralia sp.","comman_name":"Fern-Leaf Aralia / Ming Aralia","Plant_id":"409","schema_name":"21-02-2026 Parcel 59,58 Morning?JI_20260521080550_0006_D","Geo-Cordinates":"19.132587° N, 72.914847° E","type":"Plant"},"geometry":{"type":"Point","coordinates":[72.91484731573388,19.132586683802447]}},{"type":"Feature","properties":{"Parcel":"Parcel 59","Frame_No":"4_16","Zone_name":"Academic","ZoneNumber":"Z02","latitude":"19.132591° N","longitude":"72.914848° E","Count":"410","botanical_name":"Polyscias fruticosa / Aralia sp.","comman_name":"Fern-Leaf Aralia / Ming Aralia","Plant_id":"410","schema_name":"21-02-2026 Parcel 59,58 Morning?JI_20260521080550_0006_D","Geo-Cordinates":"19.132591° N, 72.914848° E","type":"Plant"},"geometry":{"type":"Point","coordinates":[72.91484822594158,19.132591106300854]}},{"type":"Feature","properties":{"Parcel":"Parcel 59","Frame_No":"4_7","Zone_name":"Academic","ZoneNumber":"Z02","latitude":"19.132594° N","longitude":"72.91485° E","Count":"411","botanical_name":"Polyscias fruticosa / Aralia sp.","comman_name":"Fern-Leaf Aralia / Ming Aralia","Plant_id":"411","schema_name":"21-02-2026 Parcel 59,58 Morning?JI_20260521080550_0006_D","Geo-Cordinates":"19.132594° N, 72.91485° E","type":"Plant"},"geometry":{"type":"Point","coordinates":[72.91484978629767,19.13259417748024]}},{"type":"Feature","properties":{"Parcel":"Parcel 59","Frame_No":"4_18","Zone_name":"Academic","ZoneNumber":"Z02","latitude":"19.132597° N","longitude":"72.91485° E","Count":"412","botanical_name":"Polyscias fruticosa / Aralia sp.","comman_name":"Fern-Leaf Aralia / Ming Aralia","Plant_id":"412","schema_name":"21-02-2026 Parcel 59,58 Morning?JI_20260521080550_0006_D","Geo-Cordinates":"19.132597° N, 72.91485° E","type":"Plant"},"geometry":{"type":"Point","coordinates":[72.91485030641637,19.132596880118047]}},{"type":"Feature","properties":{"Parcel":"Parcel 59","Frame_No":"4_19","Zone_name":"Academic","ZoneNumber":"Z02","latitude":"19.132599° N","longitude":"72.91485° E","Count":"413","botanical_name":"Polyscias fruticosa / Aralia sp.","comman_name":"Fern-Leaf Aralia / Ming Aralia","Plant_id":"413","schema_name":"21-02-2026 Parcel 59,58 Morning?JI_20260521080550_0006_D","Geo-Cordinates":"19.132599° N, 72.91485° E","type":"Plant"},"geometry":{"type":"Point","coordinates":[72.91485043644603,19.132598845672792]}},{"type":"Feature","properties":{"Parcel":"Parcel 59","Frame_No":"4_20","Zone_name":"Academic","ZoneNumber":"Z02","latitude":"19.1326° N","longitude":"72.914847° E","Count":"414","botanical_name":"Polyscias fruticosa / Aralia sp.","comman_name":"Fern-Leaf Aralia / Ming Aralia","Plant_id":"414","schema_name":"21-02-2026 Parcel 59,58 Morning?JI_20260521080550_0006_D","Geo-Cordinates":"19.1326° N, 72.914847° E","type":"Plant"},"geometry":{"type":"Point","coordinates":[72.91484705567453,19.132599582755812]}},{"type":"Feature","properties":{"Parcel":"Parcel 59","Frame_No":"5_1","Zone_name":"Academic","ZoneNumber":"Z02","latitude":"19.132615° N","longitude":"72.914838° E","Count":"415","botanical_name":"Cordyline fruticosa","comman_name":"Black Magic Ti Plant / Dark-Leaf Cordyline","Plant_id":"415","schema_name":"21-02-2026 Parcel 59,58 Morning?JI_20260521080550_0006_D","Geo-Cordinates":"19.132615° N, 72.914838° E","type":"Plant"},"geometry":{"type":"Point","coordinates":[72.91483756350836,19.13261506149853]}},{"type":"Feature","properties":{"Parcel":"Parcel 59","Frame_No":"5_2","Zone_name":"Academic","ZoneNumber":"Z02","latitude":"19.132623° N","longitude":"72.914828° E","Count":"416","botanical_name":"Cordyline fruticosa","comman_name":"Black Magic Ti Plant / Dark-Leaf Cordyline","Plant_id":"416","schema_name":"21-02-2026 Parcel 59,58 Morning?JI_20260521080550_0006_D","Geo-Cordinates":"19.132623° N, 72.914828° E","type":"Plant"},"geometry":{"type":"Point","coordinates":[72.91482794131252,19.132622800869342]}},{"type":"Feature","properties":{"Parcel":"Parcel 59","Frame_No":"5_3","Zone_name":"Academic","ZoneNumber":"Z02","latitude":"19.132631° N","longitude":"72.914817° E","Count":"417","botanical_name":"Cordyline fruticosa","comman_name":"Black Magic Ti Plant / Dark-Leaf Cordyline","Plant_id":"417","schema_name":"21-02-2026 Parcel 59,58 Morning?JI_20260521080550_0006_D","Geo-Cordinates":"19.132631° N, 72.914817° E","type":"Plant"},"geometry":{"type":"Point","coordinates":[72.91481675876058,19.13263090878123]}},{"type":"Feature","properties":{"Parcel":"Parcel 59","Frame_No":"5_4","Zone_name":"Academic","ZoneNumber":"Z02","latitude":"19.132642° N","longitude":"72.914803° E","Count":"418","botanical_name":"Cordyline fruticosa","comman_name":"Black Magic Ti Plant / Dark-Leaf Cordyline","Plant_id":"418","schema_name":"21-02-2026 Parcel 59,58 Morning?JI_20260521080550_0006_D","Geo-Cordinates":"19.132642° N, 72.914803° E","type":"Plant"},"geometry":{"type":"Point","coordinates":[72.91480349573388,19.132642210718355]}},{"type":"Feature","properties":{"Parcel":"Parcel 59","Frame_No":"6","Zone_name":"Academic","ZoneNumber":"Z02","latitude":"19.132627° N","longitude":"72.914823° E","Count":"419","botanical_name":"Polyalthia longifolia / Monoon longifolium","comman_name":"Mast Tree / False Ashoka","Plant_id":"419","schema_name":"21-02-2026 Parcel 59,58 Morning?JI_20260521080550_0006_D","Geo-Cordinates":"19.132627° N, 72.914823° E","type":"Plant"},"geometry":{"type":"Point","coordinates":[72.9148226100959,19.132626731978185]}},{"type":"Feature","properties":{"Parcel":"Parcel 59","Frame_No":"7","Zone_name":"Academic","ZoneNumber":"Z02","latitude":"19.132635° N","longitude":"72.914813° E","Count":"420","botanical_name":"Tabernaemontana divaricata / Ervatamia sp.","comman_name":"Crape Jasmine / Pinwheel Flower","Plant_id":"420","schema_name":"21-02-2026 Parcel 59,58 Morning?JI_20260521080550_0006_D","Geo-Cordinates":"19.132635° N, 72.914813° E","type":"Plant"},"geometry":{"type":"Point","coordinates":[72.91481259781102,19.13263471704274]}},{"type":"Feature","properties":{"Parcel":"Parcel 59","Frame_No":"8_1","Zone_name":"Academic","ZoneNumber":"Z02","latitude":"19.132616° N","longitude":"72.914834° E","Count":"421","botanical_name":"Ixora coccinea / Rubiaceae","comman_name":"Jungle Flame / Flame of the Woods","Plant_id":"421","schema_name":"21-02-2026 Parcel 59,58 Morning?JI_20260521080550_0006_D","Geo-Cordinates":"19.132616° N, 72.914834° E","type":"Plant"},"geometry":{"type":"Point","coordinates":[72.91483392267749,19.132616167122954]}},{"type":"Feature","properties":{"Parcel":"Parcel 59","Frame_No":"8_2","Zone_name":"Academic","ZoneNumber":"Z02","latitude":"19.132619° N","longitude":"72.91483° E","Count":"422","botanical_name":"Ixora coccinea / Rubiaceae","comman_name":"Jungle Flame / Flame of the Woods","Plant_id":"422","schema_name":"21-02-2026 Parcel 59,58 Morning?JI_20260521080550_0006_D","Geo-Cordinates":"19.132619° N, 72.91483° E","type":"Plant"},"geometry":{"type":"Point","coordinates":[72.91482976172794,19.13261862406609]}},{"type":"Feature","properties":{"Parcel":"Parcel 59","Frame_No":"8_3","Zone_name":"Academic","ZoneNumber":"Z02","latitude":"19.132621° N","longitude":"72.914825° E","Count":"423","botanical_name":"Ixora coccinea / Rubiaceae","comman_name":"Jungle Flame / Flame of the Woods","Plant_id":"423","schema_name":"21-02-2026 Parcel 59,58 Morning?JI_20260521080550_0006_D","Geo-Cordinates":"19.132621° N, 72.914825° E","type":"Plant"},"geometry":{"type":"Point","coordinates":[72.91482547074871,19.132621203856345]}},{"type":"Feature","properties":{"Parcel":"Parcel 59","Frame_No":"8_4","Zone_name":"Academic","ZoneNumber":"Z02","latitude":"19.132624° N","longitude":"72.914821° E","Count":"424","botanical_name":"Ixora coccinea / Rubiaceae","comman_name":"Jungle Flame / Flame of the Woods","Plant_id":"424","schema_name":"21-02-2026 Parcel 59,58 Morning?JI_20260521080550_0006_D","Geo-Cordinates":"19.132624° N, 72.914821° E","type":"Plant"},"geometry":{"type":"Point","coordinates":[72.91482130979912,19.132624275035173]}},{"type":"Feature","properties":{"Parcel":"Parcel 59","Frame_No":"8_5","Zone_name":"Academic","ZoneNumber":"Z02","latitude":"19.132628° N","longitude":"72.914816° E","Count":"425","botanical_name":"Ixora coccinea / Rubiaceae","comman_name":"Jungle Flame / Flame of the Woods","Plant_id":"425","schema_name":"21-02-2026 Parcel 59,58 Morning?JI_20260521080550_0006_D","Geo-Cordinates":"19.132628° N, 72.914816° E","type":"Plant"},"geometry":{"type":"Point","coordinates":[72.9148164987012,19.132627714755383]}},{"type":"Feature","properties":{"Parcel":"Parcel 59","Frame_No":"8_6","Zone_name":"Academic","ZoneNumber":"Z02","latitude":"19.132632° N","longitude":"72.914812° E","Count":"426","botanical_name":"Ixora coccinea / Rubiaceae","comman_name":"Jungle Flame / Flame of the Woods","Plant_id":"426","schema_name":"21-02-2026 Parcel 59,58 Morning?JI_20260521080550_0006_D","Geo-Cordinates":"19.132632° N, 72.914812° E","type":"Plant"},"geometry":{"type":"Point","coordinates":[72.91481207769232,19.132631891558404]}},{"type":"Feature","properties":{"Parcel":"Parcel 59","Frame_No":"8_7","Zone_name":"Academic","ZoneNumber":"Z02","latitude":"19.132635° N","longitude":"72.914808° E","Count":"427","botanical_name":"Ixora coccinea / Rubiaceae","comman_name":"Jungle Flame / Flame of the Woods","Plant_id":"427","schema_name":"21-02-2026 Parcel 59,58 Morning?JI_20260521080550_0006_D","Geo-Cordinates":"19.132635° N, 72.914808° E","type":"Plant"},"geometry":{"type":"Point","coordinates":[72.91480765668341,19.13263533127846]}},{"type":"Feature","properties":{"Parcel":"Parcel 59","Frame_No":"8_8","Zone_name":"Academic","ZoneNumber":"Z02","latitude":"19.132639° N","longitude":"72.914803° E","Count":"428","botanical_name":"Ixora coccinea / Rubiaceae","comman_name":"Jungle Flame / Flame of the Woods","Plant_id":"428","schema_name":"21-02-2026 Parcel 59,58 Morning?JI_20260521080550_0006_D","Geo-Cordinates":"19.132639° N, 72.914803° E","type":"Plant"},"geometry":{"type":"Point","coordinates":[72.91480297561515,19.132639262387006]}},{"type":"Feature","properties":{"Parcel":"Parcel 59","Frame_No":"8_9","Zone_name":"Academic","ZoneNumber":"Z02","latitude":"19.132644° N","longitude":"72.914798° E","Count":"429","botanical_name":"Ixora coccinea / Rubiaceae","comman_name":"Jungle Flame / Flame of the Woods","Plant_id":"429","schema_name":"21-02-2026 Parcel 59,58 Morning?JI_20260521080550_0006_D","Geo-Cordinates":"19.132644° N, 72.914798° E","type":"Plant"},"geometry":{"type":"Point","coordinates":[72.91479777442821,19.132644176272557]}},{"type":"Feature","properties":{"Parcel":"Parcel 59","Frame_No":"8_10","Zone_name":"Academic","ZoneNumber":"Z02","latitude":"19.132648° N","longitude":"72.914794° E","Count":"430","botanical_name":"Ixora coccinea / Rubiaceae","comman_name":"Jungle Flame / Flame of the Woods","Plant_id":"430","schema_name":"21-02-2026 Parcel 59,58 Morning?JI_20260521080550_0006_D","Geo-Cordinates":"19.132648° N, 72.914794° E","type":"Plant"},"geometry":{"type":"Point","coordinates":[72.91479413359734,19.13264823022803]}},{"type":"Feature","properties":{"Parcel":"Parcel 59","Frame_No":"8_11","Zone_name":"Academic","ZoneNumber":"Z02","latitude":"19.132652° N","longitude":"72.91479° E","Count":"431","botanical_name":"Ixora coccinea / Rubiaceae","comman_name":"Jungle Flame / Flame of the Woods","Plant_id":"431","schema_name":"21-02-2026 Parcel 59,58 Morning?JI_20260521080550_0006_D","Geo-Cordinates":"19.132652° N, 72.91479° E","type":"Plant"},"geometry":{"type":"Point","coordinates":[72.9147899726478,19.132651547100615]}},{"type":"Feature","properties":{"Parcel":"Parcel 59","Frame_No":"9","Zone_name":"Academic","ZoneNumber":"Z02","latitude":"19.132658° N","longitude":"72.91478° E","Count":"432","botanical_name":"Carmona retusa / Fukien tea","comman_name":"Fukien Tea Tree / Philippine Tea","Plant_id":"432","schema_name":"21-02-2026 Parcel 59,58 Morning?JI_20260521080550_0006_D","Geo-Cordinates":"19.132658° N, 72.91478° E","type":"Plant"},"geometry":{"type":"Point","coordinates":[72.91478048048161,19.132657812304203]}},{"type":"Feature","properties":{"Parcel":"Parcel 59","Frame_No":"10_1","Zone_name":"Academic","ZoneNumber":"Z02","latitude":"19.132596° N","longitude":"72.914827° E","Count":"433","botanical_name":"Ixora coccinea / Rubiaceae","comman_name":"Jungle Flame / Dwarf Ixora","Plant_id":"433","schema_name":"21-02-2026 Parcel 59,58 Morning?JI_20260521080550_0006_D","Geo-Cordinates":"19.132596° N, 72.914827° E","type":"Plant"},"geometry":{"type":"Point","coordinates":[72.91482729116412,19.1325957744935]}},{"type":"Feature","properties":{"Parcel":"Parcel 59","Frame_No":"10_2","Zone_name":"Academic","ZoneNumber":"Z02","latitude":"19.132599° N","longitude":"72.914834° E","Count":"434","botanical_name":"Ixora coccinea / Rubiaceae","comman_name":"Jungle Flame / Dwarf Ixora","Plant_id":"434","schema_name":"21-02-2026 Parcel 59,58 Morning?JI_20260521080550_0006_D","Geo-Cordinates":"19.132599° N, 72.914834° E","type":"Plant"},"geometry":{"type":"Point","coordinates":[72.91483405270714,19.132599337061475]}},{"type":"Feature","properties":{"Parcel":"Parcel 59","Frame_No":"10_3","Zone_name":"Academic","ZoneNumber":"Z02","latitude":"19.132597° N","longitude":"72.914831° E","Count":"435","botanical_name":"Ixora coccinea / Rubiaceae","comman_name":"Jungle Flame / Dwarf Ixora","Plant_id":"435","schema_name":"21-02-2026 Parcel 59,58 Morning?JI_20260521080550_0006_D","Geo-Cordinates":"19.132597° N, 72.914831° E","type":"Plant"},"geometry":{"type":"Point","coordinates":[72.91483145211366,19.132596511576534]}},{"type":"Feature","properties":{"Parcel":"Parcel 59","Frame_No":"10_4","Zone_name":"Academic","ZoneNumber":"Z02","latitude":"19.1326° N","longitude":"72.914822° E","Count":"436","botanical_name":"Ixora coccinea / Rubiaceae","comman_name":"Jungle Flame / Dwarf Ixora","Plant_id":"436","schema_name":"21-02-2026 Parcel 59,58 Morning?JI_20260521080550_0006_D","Geo-Cordinates":"19.1326° N, 72.914822° E","type":"Plant"},"geometry":{"type":"Point","coordinates":[72.91482169988815,19.132599828450157]}},{"type":"Feature","properties":{"Parcel":"Parcel 59","Frame_No":"10_5","Zone_name":"Academic","ZoneNumber":"Z02","latitude":"19.132604° N","longitude":"72.914816° E","Count":"437","botanical_name":"Ixora coccinea / Rubiaceae","comman_name":"Jungle Flame / Dwarf Ixora","Plant_id":"437","schema_name":"21-02-2026 Parcel 59,58 Morning?JI_20260521080550_0006_D","Geo-Cordinates":"19.132604° N, 72.914816° E","type":"Plant"},"geometry":{"type":"Point","coordinates":[72.91481584855283,19.132604373795377]}},{"type":"Feature","properties":{"Parcel":"Parcel 59","Frame_No":"10_6","Zone_name":"Academic","ZoneNumber":"Z02","latitude":"19.13261° N","longitude":"72.914809° E","Count":"438","botanical_name":"Ixora coccinea / Rubiaceae","comman_name":"Jungle Flame / Dwarf Ixora","Plant_id":"438","schema_name":"21-02-2026 Parcel 59,58 Morning?JI_20260521080550_0006_D","Geo-Cordinates":"19.13261° N, 72.914809° E","type":"Plant"},"geometry":{"type":"Point","coordinates":[72.91480921703949,19.132609656223458]}},{"type":"Feature","properties":{"Parcel":"Parcel 59","Frame_No":"10_7","Zone_name":"Academic","ZoneNumber":"Z02","latitude":"19.132613° N","longitude":"72.914805° E","Count":"439","botanical_name":"Ixora coccinea / Rubiaceae","comman_name":"Jungle Flame / Dwarf Ixora","Plant_id":"439","schema_name":"21-02-2026 Parcel 59,58 Morning?JI_20260521080550_0006_D","Geo-Cordinates":"19.132613° N, 72.914805° E","type":"Plant"},"geometry":{"type":"Point","coordinates":[72.91480492606026,19.13261309594398]}},{"type":"Feature","properties":{"Parcel":"Parcel 59","Frame_No":"10_8","Zone_name":"Academic","ZoneNumber":"Z02","latitude":"19.132616° N","longitude":"72.914801° E","Count":"440","botanical_name":"Ixora coccinea / Rubiaceae","comman_name":"Jungle Flame / Dwarf Ixora","Plant_id":"440","schema_name":"21-02-2026 Parcel 59,58 Morning?JI_20260521080550_0006_D","Geo-Cordinates":"19.132616° N, 72.914801° E","type":"Plant"},"geometry":{"type":"Point","coordinates":[72.9148007651107,19.132616289970112]}},{"type":"Feature","properties":{"Parcel":"Parcel 59","Frame_No":"10_9","Zone_name":"Academic","ZoneNumber":"Z02","latitude":"19.13262° N","longitude":"72.914795° E","Count":"441","botanical_name":"Ixora coccinea / Rubiaceae","comman_name":"Jungle Flame / Dwarf Ixora","Plant_id":"441","schema_name":"21-02-2026 Parcel 59,58 Morning?JI_20260521080550_0006_D","Geo-Cordinates":"19.13262° N, 72.914795° E","type":"Plant"},"geometry":{"type":"Point","coordinates":[72.91479517383473,19.1326199753848]}},{"type":"Feature","properties":{"Parcel":"Parcel 59","Frame_No":"10_10","Zone_name":"Academic","ZoneNumber":"Z02","latitude":"19.132624° N","longitude":"72.914791° E","Count":"442","botanical_name":"Ixora coccinea / Rubiaceae","comman_name":"Jungle Flame / Dwarf Ixora","Plant_id":"442","schema_name":"21-02-2026 Parcel 59,58 Morning?JI_20260521080550_0006_D","Geo-Cordinates":"19.132624° N, 72.914791° E","type":"Plant"},"geometry":{"type":"Point","coordinates":[72.91479127294454,19.13262366079941]}},{"type":"Feature","properties":{"Parcel":"Parcel 59","Frame_No":"11","Zone_name":"Academic","ZoneNumber":"Z02","latitude":"19.132617° N","longitude":"72.914829° E","Count":"443","botanical_name":"Polyscias fruticosa / Aralia sp.","comman_name":"Fern-Leaf Aralia / Ming Aralia","Plant_id":"443","schema_name":"21-02-2026 Parcel 59,58 Morning?JI_20260521080550_0006_D","Geo-Cordinates":"19.132617° N, 72.914829° E","type":"Plant"},"geometry":{"type":"Point","coordinates":[72.91482865647566,19.13261678135874]}},{"type":"Feature","properties":{"Parcel":"Parcel 59","Frame_No":"12_1","Zone_name":"Academic","ZoneNumber":"Z02","latitude":"19.132615° N","longitude":"72.914831° E","Count":"444","botanical_name":"Chlorophytum comosum","comman_name":"Spider Plant / Variegated Spider Plant","Plant_id":"444","schema_name":"21-02-2026 Parcel 59,58 Morning?JI_20260521080550_0006_D","Geo-Cordinates":"19.132615° N, 72.914831° E","type":"Plant"},"geometry":{"type":"Point","coordinates":[72.91483073695045,19.1326151229221]}},{"type":"Feature","properties":{"Parcel":"Parcel 59","Frame_No":"12_2","Zone_name":"Academic","ZoneNumber":"Z02","latitude":"19.132613° N","longitude":"72.914832° E","Count":"445","botanical_name":"Chlorophytum comosum","comman_name":"Spider Plant / Variegated Spider Plant","Plant_id":"445","schema_name":"21-02-2026 Parcel 59,58 Morning?JI_20260521080550_0006_D","Geo-Cordinates":"19.132613° N, 72.914832° E","type":"Plant"},"geometry":{"type":"Point","coordinates":[72.91483203724718,19.132613464485456]}},{"type":"Feature","properties":{"Parcel":"Parcel 59","Frame_No":"12_3","Zone_name":"Academic","ZoneNumber":"Z02","latitude":"19.132611° N","longitude":"72.914832° E","Count":"446","botanical_name":"Chlorophytum comosum","comman_name":"Spider Plant / Variegated Spider Plant","Plant_id":"446","schema_name":"21-02-2026 Parcel 59,58 Morning?JI_20260521080550_0006_D","Geo-Cordinates":"19.132611° N, 72.914832° E","type":"Plant"},"geometry":{"type":"Point","coordinates":[72.91483223229169,19.13261094611866]}},{"type":"Feature","properties":{"Parcel":"Parcel 59","Frame_No":"12_4","Zone_name":"Academic","ZoneNumber":"Z02","latitude":"19.13261° N","longitude":"72.914831° E","Count":"447","botanical_name":"Chlorophytum comosum","comman_name":"Spider Plant / Variegated Spider Plant","Plant_id":"447","schema_name":"21-02-2026 Parcel 59,58 Morning?JI_20260521080550_0006_D","Geo-Cordinates":"19.13261° N, 72.914831° E","type":"Plant"},"geometry":{"type":"Point","coordinates":[72.91483086698011,19.132609779070624]}},{"type":"Feature","properties":{"Parcel":"Parcel 59","Frame_No":"12_5","Zone_name":"Academic","ZoneNumber":"Z02","latitude":"19.132611° N","longitude":"72.914828° E","Count":"448","botanical_name":"Chlorophytum comosum","comman_name":"Spider Plant / Variegated Spider Plant","Plant_id":"448","schema_name":"21-02-2026 Parcel 59,58 Morning?JI_20260521080550_0006_D","Geo-Cordinates":"19.132611° N, 72.914828° E","type":"Plant"},"geometry":{"type":"Point","coordinates":[72.91482774626796,19.132611130389407]}},{"type":"Feature","properties":{"Parcel":"Parcel 59","Frame_No":"12_6","Zone_name":"Academic","ZoneNumber":"Z02","latitude":"19.132613° N","longitude":"72.914824° E","Count":"449","botanical_name":"Chlorophytum comosum","comman_name":"Spider Plant / Variegated Spider Plant","Plant_id":"449","schema_name":"21-02-2026 Parcel 59,58 Morning?JI_20260521080550_0006_D","Geo-Cordinates":"19.132613° N, 72.914824° E","type":"Plant"},"geometry":{"type":"Point","coordinates":[72.91482417045192,19.132612788826076]}},{"type":"Feature","properties":{"Parcel":"Parcel 59","Frame_No":"13_1","Zone_name":"Academic","ZoneNumber":"Z02","latitude":"19.132612° N","longitude":"72.914826° E","Count":"450","botanical_name":"Barleria repens / Asystasia sp.","comman_name":"Coral Creeper / Creeping Foxglove","Plant_id":"450","schema_name":"21-02-2026 Parcel 59,58 Morning?JI_20260521080550_0006_D","Geo-Cordinates":"19.132612° N, 72.914826° E","type":"Plant"},"geometry":{"type":"Point","coordinates":[72.9148260558822,19.13261180604879]}},{"type":"Feature","properties":{"Parcel":"Parcel 59","Frame_No":"13_2","Zone_name":"Academic","ZoneNumber":"Z02","latitude":"19.13261° N","longitude":"72.914829° E","Count":"451","botanical_name":"Barleria repens / Asystasia sp.","comman_name":"Coral Creeper / Creeping Foxglove","Plant_id":"451","schema_name":"21-02-2026 Parcel 59,58 Morning?JI_20260521080550_0006_D","Geo-Cordinates":"19.13261° N, 72.914829° E","type":"Plant"},"geometry":{"type":"Point","coordinates":[72.91482943665372,19.132609963341366]}},{"type":"Feature","properties":{"Parcel":"Parcel 59","Frame_No":"13_3","Zone_name":"Academic","ZoneNumber":"Z02","latitude":"19.132614° N","longitude":"72.914824° E","Count":"452","botanical_name":"Barleria repens / Asystasia sp.","comman_name":"Coral Creeper / Creeping Foxglove","Plant_id":"452","schema_name":"21-02-2026 Parcel 59,58 Morning?JI_20260521080550_0006_D","Geo-Cordinates":"19.132614° N, 72.914824° E","type":"Plant"},"geometry":{"type":"Point","coordinates":[72.91482397540743,19.132614140144835]}},{"type":"Feature","properties":{"Parcel":"Parcel 59","Frame_No":"13_4","Zone_name":"Academic","ZoneNumber":"Z02","latitude":"19.132616° N","longitude":"72.914824° E","Count":"453","botanical_name":"Barleria repens / Asystasia sp.","comman_name":"Coral Creeper / Creeping Foxglove","Plant_id":"453","schema_name":"21-02-2026 Parcel 59,58 Morning?JI_20260521080550_0006_D","Geo-Cordinates":"19.132616° N, 72.914824° E","type":"Plant"},"geometry":{"type":"Point","coordinates":[72.9148244955261,19.13261598285222]}},{"type":"Feature","properties":{"Parcel":"Parcel 59","Frame_No":"14_1","Zone_name":"Academic","ZoneNumber":"Z02","latitude":"19.132617° N","longitude":"72.914826° E","Count":"454","botanical_name":"Barleria repens / Justicia sp.","comman_name":"Coral Creeper / Bush Violet","Plant_id":"454","schema_name":"21-02-2026 Parcel 59,58 Morning?JI_20260521080550_0006_D","Geo-Cordinates":"19.132617° N, 72.914826° E","type":"Plant"},"geometry":{"type":"Point","coordinates":[72.91482586083768,19.13261702705305]}},{"type":"Feature","properties":{"Parcel":"Parcel 59","Frame_No":"14_2","Zone_name":"Academic","ZoneNumber":"Z02","latitude":"19.132617° N","longitude":"72.914828° E","Count":"455","botanical_name":"Barleria repens / Justicia sp.","comman_name":"Coral Creeper / Bush Violet","Plant_id":"455","schema_name":"21-02-2026 Parcel 59,58 Morning?JI_20260521080550_0006_D","Geo-Cordinates":"19.132617° N, 72.914828° E","type":"Plant"},"geometry":{"type":"Point","coordinates":[72.91482755122344,19.13261702705305]}},{"type":"Feature","properties":{"Parcel":"Parcel 59","Frame_No":"14_3","Zone_name":"Academic","ZoneNumber":"Z02","latitude":"19.132616° N","longitude":"72.91483° E","Count":"456","botanical_name":"Barleria repens / Justicia sp.","comman_name":"Coral Creeper / Bush Violet","Plant_id":"456","schema_name":"21-02-2026 Parcel 59,58 Morning?JI_20260521080550_0006_D","Geo-Cordinates":"19.132616° N, 72.91483° E","type":"Plant"},"geometry":{"type":"Point","coordinates":[72.91482969671306,19.132615860005053]}},{"type":"Feature","properties":{"Parcel":"Parcel 59","Frame_No":"14_4","Zone_name":"Academic","ZoneNumber":"Z02","latitude":"19.132612° N","longitude":"72.914825° E","Count":"457","botanical_name":"Barleria repens / Justicia sp.","comman_name":"Coral Creeper / Bush Violet","Plant_id":"457","schema_name":"21-02-2026 Parcel 59,58 Morning?JI_20260521080550_0006_D","Geo-Cordinates":"19.132612° N, 72.914825° E","type":"Plant"},"geometry":{"type":"Point","coordinates":[72.91482508065964,19.132612236013852]}},{"type":"Feature","properties":{"Parcel":"Parcel 59","Frame_No":"15_1","Zone_name":"Academic","ZoneNumber":"Z02","latitude":"19.13264° N","longitude":"72.914809° E","Count":"458","botanical_name":"Hibiscus rosa-sinensis","comman_name":"Hibiscus / Chinese Hibiscus","Plant_id":"458","schema_name":"21-02-2026 Parcel 59,58 Morning?JI_20260521080550_0006_D","Geo-Cordinates":"19.13264° N, 72.914809° E","type":"Plant"},"geometry":{"type":"Point","coordinates":[72.91480921703949,19.132639508081283]}},{"type":"Feature","properties":{"Parcel":"Parcel 59","Frame_No":"15_2","Zone_name":"Academic","ZoneNumber":"Z02","latitude":"19.132645° N","longitude":"72.914802° E","Count":"459","botanical_name":"Hibiscus rosa-sinensis","comman_name":"Hibiscus / Chinese Hibiscus","Plant_id":"459","schema_name":"21-02-2026 Parcel 59,58 Morning?JI_20260521080550_0006_D","Geo-Cordinates":"19.132645° N, 72.914802° E","type":"Plant"},"geometry":{"type":"Point","coordinates":[72.91480245549646,19.13264491335538]}},{"type":"Feature","properties":{"Parcel":"Parcel 59","Frame_No":"15_3","Zone_name":"Academic","ZoneNumber":"Z02","latitude":"19.132651° N","longitude":"72.914795° E","Count":"460","botanical_name":"Hibiscus rosa-sinensis","comman_name":"Hibiscus / Chinese Hibiscus","Plant_id":"460","schema_name":"21-02-2026 Parcel 59,58 Morning?JI_20260521080550_0006_D","Geo-Cordinates":"19.132651° N, 72.914795° E","type":"Plant"},"geometry":{"type":"Point","coordinates":[72.91479491377538,19.132650932864955]}},{"type":"Feature","properties":{"Parcel":"Parcel 59","Frame_No":"15_4","Zone_name":"Academic","ZoneNumber":"Z02","latitude":"19.132656° N","longitude":"72.914789° E","Count":"461","botanical_name":"Hibiscus rosa-sinensis","comman_name":"Hibiscus / Chinese Hibiscus","Plant_id":"461","schema_name":"21-02-2026 Parcel 59,58 Morning?JI_20260521080550_0006_D","Geo-Cordinates":"19.132656° N, 72.914789° E","type":"Plant"},"geometry":{"type":"Point","coordinates":[72.91478880238074,19.13265584675016]}},{"type":"Feature","properties":{"Parcel":"Parcel 59","Frame_No":"16_1","Zone_name":"Academic","ZoneNumber":"Z02","latitude":"19.132662° N","longitude":"72.914758° E","Count":"462","botanical_name":"Cordyline fruticosa / Dracaena sp.","comman_name":"Green Ti Plant / Variegated Cordyline","Plant_id":"462","schema_name":"21-02-2026 Parcel 59,58 Morning?JI_20260521080550_0006_D","Geo-Cordinates":"19.132662° N, 72.914758° E","type":"Plant"},"geometry":{"type":"Point","coordinates":[72.91475759525908,19.13266174341221]}},{"type":"Feature","properties":{"Parcel":"Parcel 59","Frame_No":"16_2","Zone_name":"Academic","ZoneNumber":"Z02","latitude":"19.132662° N","longitude":"72.914765° E","Count":"463","botanical_name":"Cordyline fruticosa / Dracaena sp.","comman_name":"Green Ti Plant / Variegated Cordyline","Plant_id":"463","schema_name":"21-02-2026 Parcel 59,58 Morning?JI_20260521080550_0006_D","Geo-Cordinates":"19.132662° N, 72.914765° E","type":"Plant"},"geometry":{"type":"Point","coordinates":[72.91476500695046,19.132661989106456]}},{"type":"Feature","properties":{"Parcel":"Parcel 59","Frame_No":"16_3","Zone_name":"Academic","ZoneNumber":"Z02","latitude":"19.132661° N","longitude":"72.914773° E","Count":"464","botanical_name":"Cordyline fruticosa / Dracaena sp.","comman_name":"Green Ti Plant / Variegated Cordyline","Plant_id":"464","schema_name":"21-02-2026 Parcel 59,58 Morning?JI_20260521080550_0006_D","Geo-Cordinates":"19.132661° N, 72.914773° E","type":"Plant"},"geometry":{"type":"Point","coordinates":[72.9147726787012,19.13266076063522]}},{"type":"Feature","properties":{"Parcel":"Parcel 59","Frame_No":"16_4","Zone_name":"Academic","ZoneNumber":"Z02","latitude":"19.13266° N","longitude":"72.914778° E","Count":"465","botanical_name":"Cordyline fruticosa / Dracaena sp.","comman_name":"Green Ti Plant / Variegated Cordyline","Plant_id":"465","schema_name":"21-02-2026 Parcel 59,58 Morning?JI_20260521080550_0006_D","Geo-Cordinates":"19.13266° N, 72.914778° E","type":"Plant"},"geometry":{"type":"Point","coordinates":[72.9147781399475,19.132660269246717]}},{"type":"Feature","properties":{"Parcel":"Parcel 59","Frame_No":"17_1","Zone_name":"Academic","ZoneNumber":"Z02","latitude":"19.132641° N","longitude":"72.914799° E","Count":"466","botanical_name":"Ixora coccinea / Rubiaceae","comman_name":"Jungle Flame / Dwarf Ixora","Plant_id":"466","schema_name":"21-02-2026 Parcel 59,58 Morning?JI_20260521080550_0006_D","Geo-Cordinates":"19.132641° N, 72.914799° E","type":"Plant"},"geometry":{"type":"Point","coordinates":[72.91479881466559,19.132641105094105]}},{"type":"Feature","properties":{"Parcel":"Parcel 59","Frame_No":"17_2","Zone_name":"Academic","ZoneNumber":"Z02","latitude":"19.132644° N","longitude":"72.914795° E","Count":"467","botanical_name":"Ixora coccinea / Rubiaceae","comman_name":"Jungle Flame / Dwarf Ixora","Plant_id":"467","schema_name":"21-02-2026 Parcel 59,58 Morning?JI_20260521080550_0006_D","Geo-Cordinates":"19.132644° N, 72.914795° E","type":"Plant"},"geometry":{"type":"Point","coordinates":[72.91479452368637,19.132643930578283]}},{"type":"Feature","properties":{"Parcel":"Parcel 59","Frame_No":"17_3","Zone_name":"Academic","ZoneNumber":"Z02","latitude":"19.132647° N","longitude":"72.914791° E","Count":"468","botanical_name":"Ixora coccinea / Rubiaceae","comman_name":"Jungle Flame / Dwarf Ixora","Plant_id":"468","schema_name":"21-02-2026 Parcel 59,58 Morning?JI_20260521080550_0006_D","Geo-Cordinates":"19.132647° N, 72.914791° E","type":"Plant"},"geometry":{"type":"Point","coordinates":[72.91479127294453,19.132647001756684]}},{"type":"Feature","properties":{"Parcel":"Parcel 59","Frame_No":"17_4","Zone_name":"Academic","ZoneNumber":"Z02","latitude":"19.13265° N","longitude":"72.914788° E","Count":"469","botanical_name":"Ixora coccinea / Rubiaceae","comman_name":"Jungle Flame / Dwarf Ixora","Plant_id":"469","schema_name":"21-02-2026 Parcel 59,58 Morning?JI_20260521080550_0006_D","Geo-Cordinates":"19.13265° N, 72.914788° E","type":"Plant"},"geometry":{"type":"Point","coordinates":[72.91478776214335,19.132650318629288]}},{"type":"Feature","properties":{"Parcel":"Parcel 59","Frame_No":"17_5","Zone_name":"Academic","ZoneNumber":"Z02","latitude":"19.132654° N","longitude":"72.914784° E","Count":"470","botanical_name":"Ixora coccinea / Rubiaceae","comman_name":"Jungle Flame / Dwarf Ixora","Plant_id":"470","schema_name":"21-02-2026 Parcel 59,58 Morning?JI_20260521080550_0006_D","Geo-Cordinates":"19.132654° N, 72.914784° E","type":"Plant"},"geometry":{"type":"Point","coordinates":[72.91478373122347,19.13265375834896]}},{"type":"Feature","properties":{"Parcel":"Parcel 59","Frame_No":"17_6","Zone_name":"Academic","ZoneNumber":"Z02","latitude":"19.132656° N","longitude":"72.91478° E","Count":"471","botanical_name":"Ixora coccinea / Rubiaceae","comman_name":"Jungle Flame / Dwarf Ixora","Plant_id":"471","schema_name":"21-02-2026 Parcel 59,58 Morning?JI_20260521080550_0006_D","Geo-Cordinates":"19.132656° N, 72.91478° E","type":"Plant"},"geometry":{"type":"Point","coordinates":[72.91477957027391,19.13265621529154]}},{"type":"Feature","properties":{"Parcel":"Parcel 59","Frame_No":"17_7","Zone_name":"Academic","ZoneNumber":"Z02","latitude":"19.132659° N","longitude":"72.914776° E","Count":"472","botanical_name":"Ixora coccinea / Rubiaceae","comman_name":"Jungle Flame / Dwarf Ixora","Plant_id":"472","schema_name":"21-02-2026 Parcel 59,58 Morning?JI_20260521080550_0006_D","Geo-Cordinates":"19.132659° N, 72.914776° E","type":"Plant"},"geometry":{"type":"Point","coordinates":[72.91477553935403,19.13265891792834]}},{"type":"Feature","properties":{"Parcel":"Parcel 59","Frame_No":"18_1","Zone_name":"Academic","ZoneNumber":"Z02","latitude":"19.132648° N","longitude":"72.914799° E","Count":"473","botanical_name":"Cordyline fruticosa","comman_name":"Black Magic Ti Plant / Red Cordyline","Plant_id":"473","schema_name":"21-02-2026 Parcel 59,58 Morning?JI_20260521080550_0006_D","Geo-Cordinates":"19.132648° N, 72.914799° E","type":"Plant"},"geometry":{"type":"Point","coordinates":[72.91479933478428,19.13264798453376]}},{"type":"Feature","properties":{"Parcel":"Parcel 59","Frame_No":"18_2","Zone_name":"Academic","ZoneNumber":"Z02","latitude":"19.132652° N","longitude":"72.914794° E","Count":"474","botanical_name":"Cordyline fruticosa","comman_name":"Black Magic Ti Plant / Red Cordyline","Plant_id":"474","schema_name":"21-02-2026 Parcel 59,58 Morning?JI_20260521080550_0006_D","Geo-Cordinates":"19.132652° N, 72.914794° E","type":"Plant"},"geometry":{"type":"Point","coordinates":[72.91479361347865,19.13265240703053]}},{"type":"Feature","properties":{"Parcel":"Parcel 59","Frame_No":"18_3","Zone_name":"Academic","ZoneNumber":"Z02","latitude":"19.132654° N","longitude":"72.914791° E","Count":"475","botanical_name":"Cordyline fruticosa","comman_name":"Black Magic Ti Plant / Red Cordyline","Plant_id":"475","schema_name":"21-02-2026 Parcel 59,58 Morning?JI_20260521080550_0006_D","Geo-Cordinates":"19.132654° N, 72.914791° E","type":"Plant"},"geometry":{"type":"Point","coordinates":[72.91479101288519,19.13265437258461]}},{"type":"Feature","properties":{"Parcel":"Parcel 59","Frame_No":"18_4","Zone_name":"Academic","ZoneNumber":"Z02","latitude":"19.132658° N","longitude":"72.914784° E","Count":"476","botanical_name":"Cordyline fruticosa","comman_name":"Black Magic Ti Plant / Red Cordyline","Plant_id":"476","schema_name":"21-02-2026 Parcel 59,58 Morning?JI_20260521080550_0006_D","Geo-Cordinates":"19.132658° N, 72.914784° E","type":"Plant"},"geometry":{"type":"Point","coordinates":[72.91478412131248,19.132658303692708]}},{"type":"Feature","properties":{"Parcel":"Parcel 59","Frame_No":"18_5","Zone_name":"Academic","ZoneNumber":"Z02","latitude":"19.13266° N","longitude":"72.914781° E","Count":"477","botanical_name":"Cordyline fruticosa","comman_name":"Black Magic Ti Plant / Red Cordyline","Plant_id":"477","schema_name":"21-02-2026 Parcel 59,58 Morning?JI_20260521080550_0006_D","Geo-Cordinates":"19.13266° N, 72.914781° E","type":"Plant"},"geometry":{"type":"Point","coordinates":[72.91478126065967,19.13266014639959]}},{"type":"Feature","properties":{"Parcel":"Parcel 59","Frame_No":"18_6","Zone_name":"Academic","ZoneNumber":"Z02","latitude":"19.132662° N","longitude":"72.91477° E","Count":"478","botanical_name":"Cordyline fruticosa","comman_name":"Black Magic Ti Plant / Red Cordyline","Plant_id":"478","schema_name":"21-02-2026 Parcel 59,58 Morning?JI_20260521080550_0006_D","Geo-Cordinates":"19.132662° N, 72.91477° E","type":"Plant"},"geometry":{"type":"Point","coordinates":[72.91477020813741,19.13266174341221]}},{"type":"Feature","properties":{"Parcel":"Parcel 59","Frame_No":"18_7","Zone_name":"Academic","ZoneNumber":"Z02","latitude":"19.132662° N","longitude":"72.914761° E","Count":"479","botanical_name":"Cordyline fruticosa","comman_name":"Black Magic Ti Plant / Red Cordyline","Plant_id":"479","schema_name":"21-02-2026 Parcel 59,58 Morning?JI_20260521080550_0006_D","Geo-Cordinates":"19.132662° N, 72.914761° E","type":"Plant"},"geometry":{"type":"Point","coordinates":[72.91476058594156,19.13266174341221]}},{"type":"Feature","properties":{"Parcel":"Parcel 59","Frame_No":"19","Zone_name":"Academic","ZoneNumber":"Z02","latitude":"19.132661° N","longitude":"72.914751° E","Count":"480","botanical_name":"Carmona retusa / Barleria sp.","comman_name":"Fukien Tea / Bush Violet","Plant_id":"480","schema_name":"21-02-2026 Parcel 59,58 Morning?JI_20260521080550_0006_D","Geo-Cordinates":"19.132661° N, 72.914751° E","type":"Plant"},"geometry":{"type":"Point","coordinates":[72.9147514838644,19.132661252023713]}},{"type":"Feature","properties":{"Parcel":"Parcel 59","Frame_No":"20_1","Zone_name":"Academic","ZoneNumber":"Z02","latitude":"19.13266° N","longitude":"72.914743° E","Count":"481","botanical_name":"Carmona retusa / Fukien tea","comman_name":"Fukien Tea Tree / Philippine Tea","Plant_id":"481","schema_name":"21-02-2026 Parcel 59,58 Morning?JI_20260521080550_0006_D","Geo-Cordinates":"19.13266° N, 72.914743° E","type":"Plant"},"geometry":{"type":"Point","coordinates":[72.91474264184662,19.132659777858223]}},{"type":"Feature","properties":{"Parcel":"Parcel 59","Frame_No":"20_2","Zone_name":"Academic","ZoneNumber":"Z02","latitude":"19.132647° N","longitude":"72.91476° E","Count":"482","botanical_name":"Carmona retusa / Fukien tea","comman_name":"Fukien Tea Tree / Philippine Tea","Plant_id":"482","schema_name":"21-02-2026 Parcel 59,58 Morning?JI_20260521080550_0006_D","Geo-Cordinates":"19.132647° N, 72.91476° E","type":"Plant"},"geometry":{"type":"Point","coordinates":[72.91476032588221,19.13264651036814]}},{"type":"Feature","properties":{"Parcel":"Parcel 59","Frame_No":"20_3","Zone_name":"Academic","ZoneNumber":"Z02","latitude":"19.132637° N","longitude":"72.914773° E","Count":"483","botanical_name":"Carmona retusa / Fukien tea","comman_name":"Fukien Tea Tree / Philippine Tea","Plant_id":"483","schema_name":"21-02-2026 Parcel 59,58 Morning?JI_20260521080550_0006_D","Geo-Cordinates":"19.132637° N, 72.914773° E","type":"Plant"},"geometry":{"type":"Point","coordinates":[72.91477319881989,19.132637051138463]}},{"type":"Feature","properties":{"Parcel":"Parcel 59","Frame_No":"20_4","Zone_name":"Academic","ZoneNumber":"Z02","latitude":"19.132626° N","longitude":"72.914787° E","Count":"484","botanical_name":"Carmona retusa / Fukien tea","comman_name":"Fukien Tea Tree / Philippine Tea","Plant_id":"484","schema_name":"21-02-2026 Parcel 59,58 Morning?JI_20260521080550_0006_D","Geo-Cordinates":"19.132626° N, 72.914787° E","type":"Plant"},"geometry":{"type":"Point","coordinates":[72.91478724202464,19.132625626353832]}},{"type":"Feature","properties":{"Parcel":"Parcel 59","Frame_No":"1_1","Zone_name":"Academic","ZoneNumber":"Z02","latitude":"19.132415° N","longitude":"72.914966° E","Count":"485","botanical_name":"Carmona retusa / Barleria repens","comman_name":"Fukien Tea / Coral Creeper","Plant_id":"485","schema_name":"21-02-2026 Parcel 59,58 Morning?JI_20260521080954_0007_D","Geo-Cordinates":"19.132415° N, 72.914966° E","type":"Plant"},"geometry":{"type":"Point","coordinates":[72.91496642291486,19.13241518905049]}},{"type":"Feature","properties":{"Parcel":"Parcel 59","Frame_No":"1_10","Zone_name":"Academic","ZoneNumber":"Z02","latitude":"19.132147° N","longitude":"72.915152° E","Count":"486","botanical_name":"Carmona retusa / Barleria repens","comman_name":"Fukien Tea / Coral Creeper","Plant_id":"486","schema_name":"21-02-2026 Parcel 59,58 Morning?JI_20260521080954_0007_D","Geo-Cordinates":"19.132147° N, 72.915152° E","type":"Plant"},"geometry":{"type":"Point","coordinates":[72.91515210528873,19.132146890313447]}},{"type":"Feature","properties":{"Parcel":"Parcel 59","Frame_No":"1_5","Zone_name":"Academic","ZoneNumber":"Z02","latitude":"19.132287° N","longitude":"72.915069° E","Count":"487","botanical_name":"Carmona retusa / Barleria repens","comman_name":"Fukien Tea / Coral Creeper","Plant_id":"487","schema_name":"21-02-2026 Parcel 59,58 Morning?JI_20260521080954_0007_D","Geo-Cordinates":"19.132287° N, 72.915069° E","type":"Plant"},"geometry":{"type":"Point","coordinates":[72.91506888629765,19.132287427801504]}},{"type":"Feature","properties":{"Parcel":"Parcel 59","Frame_No":"1_2","Zone_name":"Academic","ZoneNumber":"Z02","latitude":"19.132382° N","longitude":"72.914996° E","Count":"488","botanical_name":"Carmona retusa / Barleria repens","comman_name":"Fukien Tea / Coral Creeper","Plant_id":"488","schema_name":"21-02-2026 Parcel 59,58 Morning?JI_20260521080954_0007_D","Geo-Cordinates":"19.132382° N, 72.914996° E","type":"Plant"},"geometry":{"type":"Point","coordinates":[72.91499606968046,19.13238177457955]}},{"type":"Feature","properties":{"Parcel":"Parcel 59","Frame_No":"1_3","Zone_name":"Academic","ZoneNumber":"Z02","latitude":"19.132344° N","longitude":"72.915026° E","Count":"489","botanical_name":"Carmona retusa / Barleria repens","comman_name":"Fukien Tea / Coral Creeper","Plant_id":"489","schema_name":"21-02-2026 Parcel 59,58 Morning?JI_20260521080954_0007_D","Geo-Cordinates":"19.132344° N, 72.915026° E","type":"Plant"},"geometry":{"type":"Point","coordinates":[72.91502623656473,19.13234442898635]}},{"type":"Feature","properties":{"Parcel":"Parcel 59","Frame_No":"1_4","Zone_name":"Academic","ZoneNumber":"Z02","latitude":"19.132208° N","longitude":"72.915115° E","Count":"490","botanical_name":"Carmona retusa / Barleria repens","comman_name":"Fukien Tea / Coral Creeper","Plant_id":"490","schema_name":"21-02-2026 Parcel 59,58 Morning?JI_20260521080954_0007_D","Geo-Cordinates":"19.132208° N, 72.915115° E","type":"Plant"},"geometry":{"type":"Point","coordinates":[72.91511465674276,19.13220782266561]}},{"type":"Feature","properties":{"Parcel":"Parcel 59","Frame_No":"1_6","Zone_name":"Academic","ZoneNumber":"Z02","latitude":"19.132099° N","longitude":"72.915176° E","Count":"491","botanical_name":"Carmona retusa / Barleria repens","comman_name":"Fukien Tea / Coral Creeper","Plant_id":"491","schema_name":"21-02-2026 Parcel 59,58 Morning?JI_20260521080954_0007_D","Geo-Cordinates":"19.132099° N, 72.915176° E","type":"Plant"},"geometry":{"type":"Point","coordinates":[72.91517603074865,19.13209873408373]}},{"type":"Feature","properties":{"Parcel":"Parcel 59","Frame_No":"1_7","Zone_name":"Academic","ZoneNumber":"Z02","latitude":"19.132038° N","longitude":"72.915207° E","Count":"492","botanical_name":"Carmona retusa / Barleria repens","comman_name":"Fukien Tea / Coral Creeper","Plant_id":"492","schema_name":"21-02-2026 Parcel 59,58 Morning?JI_20260521080954_0007_D","Geo-Cordinates":"19.132038° N, 72.915207° E","type":"Plant"},"geometry":{"type":"Point","coordinates":[72.9152072378703,19.132037801691318]}},{"type":"Feature","properties":{"Parcel":"Parcel 59","Frame_No":"1_8","Zone_name":"Academic","ZoneNumber":"Z02","latitude":"19.131985° N","longitude":"72.915242° E","Count":"493","botanical_name":"Carmona retusa / Barleria repens","comman_name":"Fukien Tea / Coral Creeper","Plant_id":"493","schema_name":"21-02-2026 Parcel 59,58 Morning?JI_20260521080954_0007_D","Geo-Cordinates":"19.131985° N, 72.915242° E","type":"Plant"},"geometry":{"type":"Point","coordinates":[72.91524156570414,19.131984731524774]}},{"type":"Feature","properties":{"Parcel":"Parcel 59","Frame_No":"1_9","Zone_name":"Academic","ZoneNumber":"Z02","latitude":"19.13192° N","longitude":"72.915284° E","Count":"494","botanical_name":"Carmona retusa / Barleria repens","comman_name":"Fukien Tea / Coral Creeper","Plant_id":"494","schema_name":"21-02-2026 Parcel 59,58 Morning?JI_20260521080954_0007_D","Geo-Cordinates":"19.13192° N, 72.915284° E","type":"Plant"},"geometry":{"type":"Point","coordinates":[72.91528421543707,19.131919867964733]}},{"type":"Feature","properties":{"Parcel":"Parcel 59","Frame_No":"1_11","Zone_name":"Academic","ZoneNumber":"Z02","latitude":"19.132396° N","longitude":"72.914982° E","Count":"495","botanical_name":"Carmona retusa / Barleria repens","comman_name":"Fukien Tea / Coral Creeper","Plant_id":"495","schema_name":"21-02-2026 Parcel 59,58 Morning?JI_20260521080954_0007_D","Geo-Cordinates":"19.132396° N, 72.914982° E","type":"Plant"},"geometry":{"type":"Point","coordinates":[72.91498228653506,19.132395902022132]}},{"type":"Feature","properties":{"Parcel":"Parcel 59","Frame_No":"1_12","Zone_name":"Academic","ZoneNumber":"Z02","latitude":"19.132362° N","longitude":"72.91501° E","Count":"496","botanical_name":"Carmona retusa / Barleria repens","comman_name":"Fukien Tea / Coral Creeper","Plant_id":"496","schema_name":"21-02-2026 Parcel 59,58 Morning?JI_20260521080954_0007_D","Geo-Cordinates":"19.132362° N, 72.91501° E","type":"Plant"},"geometry":{"type":"Point","coordinates":[72.91501037294456,19.132362241852565]}},{"type":"Feature","properties":{"Parcel":"Parcel 59","Frame_No":"1_13","Zone_name":"Academic","ZoneNumber":"Z02","latitude":"19.132316° N","longitude":"72.91505° E","Count":"497","botanical_name":"Carmona retusa / Barleria repens","comman_name":"Fukien Tea / Coral Creeper","Plant_id":"497","schema_name":"21-02-2026 Parcel 59,58 Morning?JI_20260521080954_0007_D","Geo-Cordinates":"19.132316° N, 72.91505° E","type":"Plant"},"geometry":{"type":"Point","coordinates":[72.91505016202467,19.132316296938516]}},{"type":"Feature","properties":{"Parcel":"Parcel 59","Frame_No":"1_14","Zone_name":"Academic","ZoneNumber":"Z02","latitude":"19.132247° N","longitude":"72.915094° E","Count":"498","botanical_name":"Carmona retusa / Barleria repens","comman_name":"Fukien Tea / Coral Creeper","Plant_id":"498","schema_name":"21-02-2026 Parcel 59,58 Morning?JI_20260521080954_0007_D","Geo-Cordinates":"19.132247° N, 72.915094° E","type":"Plant"},"geometry":{"type":"Point","coordinates":[72.91509411205433,19.13224651961145]}},{"type":"Feature","properties":{"Parcel":"Parcel 59","Frame_No":"1_15","Zone_name":"Academic","ZoneNumber":"Z02","latitude":"19.132177° N","longitude":"72.915133° E","Count":"499","botanical_name":"Carmona retusa / Barleria repens","comman_name":"Fukien Tea / Coral Creeper","Plant_id":"499","schema_name":"21-02-2026 Parcel 59,58 Morning?JI_20260521080954_0007_D","Geo-Cordinates":"19.132177° N, 72.915133° E","type":"Plant"},"geometry":{"type":"Point","coordinates":[72.91513312095641,19.132177479339806]}},{"type":"Feature","properties":{"Parcel":"Parcel 59","Frame_No":"1_16","Zone_name":"Academic","ZoneNumber":"Z02","latitude":"19.132121° N","longitude":"72.915165° E","Count":"500","botanical_name":"Carmona retusa / Barleria repens","comman_name":"Fukien Tea / Coral Creeper","Plant_id":"500","schema_name":"21-02-2026 Parcel 59,58 Morning?JI_20260521080954_0007_D","Geo-Cordinates":"19.132121° N, 72.915165° E","type":"Plant"},"geometry":{"type":"Point","coordinates":[72.91516536831546,19.132120969487442]}},{"type":"Feature","properties":{"Parcel":"Parcel 59","Frame_No":"1_17","Zone_name":"Academic","ZoneNumber":"Z02","latitude":"19.13207° N","longitude":"72.915193° E","Count":"501","botanical_name":"Carmona retusa / Barleria repens","comman_name":"Fukien Tea / Coral Creeper","Plant_id":"501","schema_name":"21-02-2026 Parcel 59,58 Morning?JI_20260521080954_0007_D","Geo-Cordinates":"19.13207° N, 72.915193° E","type":"Plant"},"geometry":{"type":"Point","coordinates":[72.91519345472494,19.132070110603788]}},{"type":"Feature","properties":{"Parcel":"Parcel 59","Frame_No":"1_18","Zone_name":"Academic","ZoneNumber":"Z02","latitude":"19.132008° N","longitude":"72.915223° E","Count":"502","botanical_name":"Carmona retusa / Barleria repens","comman_name":"Fukien Tea / Coral Creeper","Plant_id":"502","schema_name":"21-02-2026 Parcel 59,58 Morning?JI_20260521080954_0007_D","Geo-Cordinates":"19.132008° N, 72.915223° E","type":"Plant"},"geometry":{"type":"Point","coordinates":[72.91522258137184,19.132007949724713]}},{"type":"Feature","properties":{"Parcel":"Parcel 59","Frame_No":"1_19","Zone_name":"Academic","ZoneNumber":"Z02","latitude":"19.131948° N","longitude":"72.915265° E","Count":"503","botanical_name":"Carmona retusa / Barleria repens","comman_name":"Fukien Tea / Coral Creeper","Plant_id":"503","schema_name":"21-02-2026 Parcel 59,58 Morning?JI_20260521080954_0007_D","Geo-Cordinates":"19.131948° N, 72.915265° E","type":"Plant"},"geometry":{"type":"Point","coordinates":[72.91526523110477,19.13194750868943]}},{"type":"Feature","properties":{"Parcel":"Parcel 59","Frame_No":"1_20","Zone_name":"Academic","ZoneNumber":"Z02","latitude":"19.13189° N","longitude":"72.915302° E","Count":"504","botanical_name":"Carmona retusa / Barleria repens","comman_name":"Fukien Tea / Coral Creeper","Plant_id":"504","schema_name":"21-02-2026 Parcel 59,58 Morning?JI_20260521080954_0007_D","Geo-Cordinates":"19.13189° N, 72.915302° E","type":"Plant"},"geometry":{"type":"Point","coordinates":[72.91530215953208,19.13188952458601]}},{"type":"Feature","properties":{"Parcel":"Parcel 59","Frame_No":"2_1","Zone_name":"Academic","ZoneNumber":"Z02","latitude":"19.132403° N","longitude":"72.914958° E","Count":"505","botanical_name":"Caesalpinia pulcherrima / Delonix regia","comman_name":"Peacock Flower / Pride of Barbados","Plant_id":"505","schema_name":"21-02-2026 Parcel 59,58 Morning?JI_20260521080954_0007_D","Geo-Cordinates":"19.132403° N, 72.914958° E","type":"Plant"},"geometry":{"type":"Point","coordinates":[72.91495836107516,19.13240339570859]}},{"type":"Feature","properties":{"Parcel":"Parcel 59","Frame_No":"2_2","Zone_name":"Academic","ZoneNumber":"Z02","latitude":"19.132402° N","longitude":"72.91496° E","Count":"506","botanical_name":"Caesalpinia pulcherrima / Delonix regia","comman_name":"Peacock Flower / Pride of Barbados","Plant_id":"506","schema_name":"21-02-2026 Parcel 59,58 Morning?JI_20260521080954_0007_D","Geo-Cordinates":"19.132402° N, 72.91496° E","type":"Plant"},"geometry":{"type":"Point","coordinates":[72.91495953134222,19.132402105811764]}},{"type":"Feature","properties":{"Parcel":"Parcel 59","Frame_No":"6_1","Zone_name":"Academic","ZoneNumber":"Z02","latitude":"19.132398° N","longitude":"72.914959° E","Count":"507","botanical_name":"Tradescantia zebrina","comman_name":"Silver Inch Plant / Wandering Jew","Plant_id":"507","schema_name":"21-02-2026 Parcel 59,58 Morning?JI_20260521080954_0007_D","Geo-Cordinates":"19.132398° N, 72.914959° E","type":"Plant"},"geometry":{"type":"Point","coordinates":[72.91495888119385,19.132398297544892]}},{"type":"Feature","properties":{"Parcel":"Parcel 59","Frame_No":"6_4","Zone_name":"Academic","ZoneNumber":"Z02","latitude":"19.132389° N","longitude":"72.914967° E","Count":"508","botanical_name":"Tradescantia zebrina","comman_name":"Silver Inch Plant / Wandering Jew","Plant_id":"508","schema_name":"21-02-2026 Parcel 59,58 Morning?JI_20260521080954_0007_D","Geo-Cordinates":"19.132389° N, 72.914967° E","type":"Plant"},"geometry":{"type":"Point","coordinates":[72.91496700804848,19.132389022571985]}},{"type":"Feature","properties":{"Parcel":"Parcel 59","Frame_No":"6_2","Zone_name":"Academic","ZoneNumber":"Z02","latitude":"19.132396° N","longitude":"72.914961° E","Count":"509","botanical_name":"Tradescantia zebrina","comman_name":"Silver Inch Plant / Wandering Jew","Plant_id":"509","schema_name":"21-02-2026 Parcel 59,58 Morning?JI_20260521080954_0007_D","Geo-Cordinates":"19.132396° N, 72.914961° E","type":"Plant"},"geometry":{"type":"Point","coordinates":[72.91496128674284,19.132395656327493]}},{"type":"Feature","properties":{"Parcel":"Parcel 59","Frame_No":"6_3","Zone_name":"Academic","ZoneNumber":"Z02","latitude":"19.132392° N","longitude":"72.914964° E","Count":"510","botanical_name":"Tradescantia zebrina","comman_name":"Silver Inch Plant / Wandering Jew","Plant_id":"510","schema_name":"21-02-2026 Parcel 59,58 Morning?JI_20260521080954_0007_D","Geo-Cordinates":"19.132392° N, 72.914964° E","type":"Plant"},"geometry":{"type":"Point","coordinates":[72.91496408238082,19.13239203233146]}},{"type":"Feature","properties":{"Parcel":"Parcel 59","Frame_No":"6_8","Zone_name":"Academic","ZoneNumber":"Z02","latitude":"19.132373° N","longitude":"72.914982° E","Count":"511","botanical_name":"Tradescantia zebrina","comman_name":"Silver Inch Plant / Wandering Jew","Plant_id":"511","schema_name":"21-02-2026 Parcel 59,58 Morning?JI_20260521080954_0007_D","Geo-Cordinates":"19.132373° N, 72.914982° E","type":"Plant"},"geometry":{"type":"Point","coordinates":[72.91498163638674,19.132373298113407]}},{"type":"Feature","properties":{"Parcel":"Parcel 59","Frame_No":"6_5","Zone_name":"Academic","ZoneNumber":"Z02","latitude":"19.132385° N","longitude":"72.914971° E","Count":"512","botanical_name":"Tradescantia zebrina","comman_name":"Silver Inch Plant / Wandering Jew","Plant_id":"512","schema_name":"21-02-2026 Parcel 59,58 Morning?JI_20260521080954_0007_D","Geo-Cordinates":"19.132385° N, 72.914971° E","type":"Plant"},"geometry":{"type":"Point","coordinates":[72.91497123401285,19.132384538644494]}},{"type":"Feature","properties":{"Parcel":"Parcel 59","Frame_No":"6_6","Zone_name":"Academic","ZoneNumber":"Z02","latitude":"19.132381° N","longitude":"72.914975° E","Count":"513","botanical_name":"Tradescantia zebrina","comman_name":"Silver Inch Plant / Wandering Jew","Plant_id":"513","schema_name":"21-02-2026 Parcel 59,58 Morning?JI_20260521080954_0007_D","Geo-Cordinates":"19.132381° N, 72.914975° E","type":"Plant"},"geometry":{"type":"Point","coordinates":[72.91497467979919,19.13238054610622]}},{"type":"Feature","properties":{"Parcel":"Parcel 59","Frame_No":"6_7","Zone_name":"Academic","ZoneNumber":"Z02","latitude":"19.132377° N","longitude":"72.914978° E","Count":"514","botanical_name":"Tradescantia zebrina","comman_name":"Silver Inch Plant / Wandering Jew","Plant_id":"514","schema_name":"21-02-2026 Parcel 59,58 Morning?JI_20260521080954_0007_D","Geo-Cordinates":"19.132377° N, 72.914978° E","type":"Plant"},"geometry":{"type":"Point","coordinates":[72.9149783856449,19.132376737838847]}},{"type":"Feature","properties":{"Parcel":"Parcel 59","Frame_No":"6_12","Zone_name":"Academic","ZoneNumber":"Z02","latitude":"19.132355° N","longitude":"72.914997° E","Count":"515","botanical_name":"Tradescantia zebrina","comman_name":"Silver Inch Plant / Wandering Jew","Plant_id":"515","schema_name":"21-02-2026 Parcel 59,58 Morning?JI_20260521080954_0007_D","Geo-Cordinates":"19.132355° N, 72.914997° E","type":"Plant"},"geometry":{"type":"Point","coordinates":[72.91499717493275,19.132355423824695]}},{"type":"Feature","properties":{"Parcel":"Parcel 59","Frame_No":"6_9","Zone_name":"Academic","ZoneNumber":"Z02","latitude":"19.132369° N","longitude":"72.914985° E","Count":"516","botanical_name":"Tradescantia zebrina","comman_name":"Silver Inch Plant / Wandering Jew","Plant_id":"516","schema_name":"21-02-2026 Parcel 59,58 Morning?JI_20260521080954_0007_D","Geo-Cordinates":"19.132369° N, 72.914985° E","type":"Plant"},"geometry":{"type":"Point","coordinates":[72.9149848871286,19.13236918272752]}},{"type":"Feature","properties":{"Parcel":"Parcel 59","Frame_No":"6_10","Zone_name":"Academic","ZoneNumber":"Z02","latitude":"19.132364° N","longitude":"72.91499° E","Count":"517","botanical_name":"Tradescantia zebrina","comman_name":"Silver Inch Plant / Wandering Jew","Plant_id":"517","schema_name":"21-02-2026 Parcel 59,58 Morning?JI_20260521080954_0007_D","Geo-Cordinates":"19.132364° N, 72.91499° E","type":"Plant"},"geometry":{"type":"Point","coordinates":[72.91499015333038,19.132363654597057]}},{"type":"Feature","properties":{"Parcel":"Parcel 59","Frame_No":"6_11","Zone_name":"Academic","ZoneNumber":"Z02","latitude":"19.132359° N","longitude":"72.914994° E","Count":"518","botanical_name":"Tradescantia zebrina","comman_name":"Silver Inch Plant / Wandering Jew","Plant_id":"518","schema_name":"21-02-2026 Parcel 59,58 Morning?JI_20260521080954_0007_D","Geo-Cordinates":"19.132359° N, 72.914994° E","type":"Plant"},"geometry":{"type":"Point","coordinates":[72.91499398920574,19.13235917066888]}},{"type":"Feature","properties":{"Parcel":"Parcel 59","Frame_No":"6_16","Zone_name":"Academic","ZoneNumber":"Z02","latitude":"19.132337° N","longitude":"72.915012° E","Count":"519","botanical_name":"Tradescantia zebrina","comman_name":"Silver Inch Plant / Wandering Jew","Plant_id":"519","schema_name":"21-02-2026 Parcel 59,58 Morning?JI_20260521080954_0007_D","Geo-Cordinates":"19.132337° N, 72.915012° E","type":"Plant"},"geometry":{"type":"Point","coordinates":[72.91501206333037,19.13233675102617]}},{"type":"Feature","properties":{"Parcel":"Parcel 59","Frame_No":"6_20","Zone_name":"Academic","ZoneNumber":"Z02","latitude":"19.132307° N","longitude":"72.915033° E","Count":"520","botanical_name":"Tradescantia zebrina","comman_name":"Silver Inch Plant / Wandering Jew","Plant_id":"520","schema_name":"21-02-2026 Parcel 59,58 Morning?JI_20260521080954_0007_D","Geo-Cordinates":"19.132307° N, 72.915033° E","type":"Plant"},"geometry":{"type":"Point","coordinates":[72.91503267303365,19.132307329079474]}},{"type":"Feature","properties":{"Parcel":"Parcel 59","Frame_No":"6_24","Zone_name":"Academic","ZoneNumber":"Z02","latitude":"19.13228° N","longitude":"72.915052° E","Count":"521","botanical_name":"Tradescantia zebrina","comman_name":"Silver Inch Plant / Wandering Jew","Plant_id":"521","schema_name":"21-02-2026 Parcel 59,58 Morning?JI_20260521080954_0007_D","Geo-Cordinates":"19.13228° N, 72.915052° E","type":"Plant"},"geometry":{"type":"Point","coordinates":[72.91505178739565,19.13227956556756]}},{"type":"Feature","properties":{"Parcel":"Parcel 59","Frame_No":"6_28","Zone_name":"Academic","ZoneNumber":"Z02","latitude":"19.13224° N","longitude":"72.915077° E","Count":"522","botanical_name":"Tradescantia zebrina","comman_name":"Silver Inch Plant / Wandering Jew","Plant_id":"522","schema_name":"21-02-2026 Parcel 59,58 Morning?JI_20260521080954_0007_D","Geo-Cordinates":"19.13224° N, 72.915077° E","type":"Plant"},"geometry":{"type":"Point","coordinates":[72.9150766230633,19.132239885849955]}},{"type":"Feature","properties":{"Parcel":"Parcel 59","Frame_No":"6_32","Zone_name":"Academic","ZoneNumber":"Z02","latitude":"19.132201° N","longitude":"72.9151° E","Count":"523","botanical_name":"Tradescantia zebrina","comman_name":"Silver Inch Plant / Wandering Jew","Plant_id":"523","schema_name":"21-02-2026 Parcel 59,58 Morning?JI_20260521080954_0007_D","Geo-Cordinates":"19.132201° N, 72.9151° E","type":"Plant"},"geometry":{"type":"Point","coordinates":[72.91510002840455,19.132201066055078]}},{"type":"Feature","properties":{"Parcel":"Parcel 59","Frame_No":"6_36","Zone_name":"Academic","ZoneNumber":"Z02","latitude":"19.132171° N","longitude":"72.915115° E","Count":"524","botanical_name":"Tradescantia zebrina","comman_name":"Silver Inch Plant / Wandering Jew","Plant_id":"524","schema_name":"21-02-2026 Parcel 59,58 Morning?JI_20260521080954_0007_D","Geo-Cordinates":"19.132171° N, 72.915115° E","type":"Plant"},"geometry":{"type":"Point","coordinates":[72.91511537190603,19.132171214118003]}},{"type":"Feature","properties":{"Parcel":"Parcel 59","Frame_No":"6_40","Zone_name":"Academic","ZoneNumber":"Z02","latitude":"19.13214° N","longitude":"72.915133° E","Count":"525","botanical_name":"Tradescantia zebrina","comman_name":"Silver Inch Plant / Wandering Jew","Plant_id":"525","schema_name":"21-02-2026 Parcel 59,58 Morning?JI_20260521080954_0007_D","Geo-Cordinates":"19.13214° N, 72.915133° E","type":"Plant"},"geometry":{"type":"Point","coordinates":[72.91513305594162,19.132139519462854]}},{"type":"Feature","properties":{"Parcel":"Parcel 59","Frame_No":"6_44","Zone_name":"Academic","ZoneNumber":"Z02","latitude":"19.132111° N","longitude":"72.915147° E","Count":"526","botanical_name":"Tradescantia zebrina","comman_name":"Silver Inch Plant / Wandering Jew","Plant_id":"526","schema_name":"21-02-2026 Parcel 59,58 Morning?JI_20260521080954_0007_D","Geo-Cordinates":"19.132111° N, 72.915147° E","type":"Plant"},"geometry":{"type":"Point","coordinates":[72.91514683908703,19.132111264532604]}},{"type":"Feature","properties":{"Parcel":"Parcel 59","Frame_No":"6_48","Zone_name":"Academic","ZoneNumber":"Z02","latitude":"19.13209° N","longitude":"72.91516° E","Count":"527","botanical_name":"Tradescantia zebrina","comman_name":"Silver Inch Plant / Wandering Jew","Plant_id":"527","schema_name":"21-02-2026 Parcel 59,58 Morning?JI_20260521080954_0007_D","Geo-Cordinates":"19.13209° N, 72.91516° E","type":"Plant"},"geometry":{"type":"Point","coordinates":[72.91516010211373,19.132090380450606]}},{"type":"Feature","properties":{"Parcel":"Parcel 59","Frame_No":"6_52","Zone_name":"Academic","ZoneNumber":"Z02","latitude":"19.132063° N","longitude":"72.915176° E","Count":"528","botanical_name":"Tradescantia zebrina","comman_name":"Silver Inch Plant / Wandering Jew","Plant_id":"528","schema_name":"21-02-2026 Parcel 59,58 Morning?JI_20260521080954_0007_D","Geo-Cordinates":"19.132063° N, 72.915176° E","type":"Plant"},"geometry":{"type":"Point","coordinates":[72.91517609576357,19.13206286259736]}},{"type":"Feature","properties":{"Parcel":"Parcel 59","Frame_No":"6_56","Zone_name":"Academic","ZoneNumber":"Z02","latitude":"19.132032° N","longitude":"72.915188° E","Count":"529","botanical_name":"Tradescantia zebrina","comman_name":"Silver Inch Plant / Wandering Jew","Plant_id":"529","schema_name":"21-02-2026 Parcel 59,58 Morning?JI_20260521080954_0007_D","Geo-Cordinates":"19.132032° N, 72.915188° E","type":"Plant"},"geometry":{"type":"Point","coordinates":[72.91518818852323,19.13203215070216]}},{"type":"Feature","properties":{"Parcel":"Parcel 59","Frame_No":"6_60","Zone_name":"Academic","ZoneNumber":"Z02","latitude":"19.132001° N","longitude":"72.915205° E","Count":"530","botanical_name":"Tradescantia zebrina","comman_name":"Silver Inch Plant / Wandering Jew","Plant_id":"530","schema_name":"21-02-2026 Parcel 59,58 Morning?JI_20260521080954_0007_D","Geo-Cordinates":"19.132001° N, 72.915205° E","type":"Plant"},"geometry":{"type":"Point","coordinates":[72.91520522241046,19.13200143880125]}},{"type":"Feature","properties":{"Parcel":"Parcel 59","Frame_No":"6_64","Zone_name":"Academic","ZoneNumber":"Z02","latitude":"19.131972° N","longitude":"72.915223° E","Count":"531","botanical_name":"Tradescantia zebrina","comman_name":"Silver Inch Plant / Wandering Jew","Plant_id":"531","schema_name":"21-02-2026 Parcel 59,58 Morning?JI_20260521080954_0007_D","Geo-Cordinates":"19.131972° N, 72.915223° E","type":"Plant"},"geometry":{"type":"Point","coordinates":[72.9152232965351,19.131971832523373]}},{"type":"Feature","properties":{"Parcel":"Parcel 59","Frame_No":"6_68","Zone_name":"Academic","ZoneNumber":"Z02","latitude":"19.13194° N","longitude":"72.915245° E","Count":"532","botanical_name":"Tradescantia zebrina","comman_name":"Silver Inch Plant / Wandering Jew","Plant_id":"532","schema_name":"21-02-2026 Parcel 59,58 Morning?JI_20260521080954_0007_D","Geo-Cordinates":"19.13194° N, 72.915245° E","type":"Plant"},"geometry":{"type":"Point","coordinates":[72.91524514152026,19.131940137829964]}},{"type":"Feature","properties":{"Parcel":"Parcel 59","Frame_No":"6_72","Zone_name":"Academic","ZoneNumber":"Z02","latitude":"19.131911° N","longitude":"72.915261° E","Count":"533","botanical_name":"Tradescantia zebrina","comman_name":"Silver Inch Plant / Wandering Jew","Plant_id":"533","schema_name":"21-02-2026 Parcel 59,58 Morning?JI_20260521080954_0007_D","Geo-Cordinates":"19.131911° N, 72.915261° E","type":"Plant"},"geometry":{"type":"Point","coordinates":[72.91526074508108,19.131911391474873]}},{"type":"Feature","properties":{"Parcel":"Parcel 59","Frame_No":"6_76","Zone_name":"Academic","ZoneNumber":"Z02","latitude":"19.131882° N","longitude":"72.915278° E","Count":"534","botanical_name":"Tradescantia zebrina","comman_name":"Silver Inch Plant / Wandering Jew","Plant_id":"534","schema_name":"21-02-2026 Parcel 59,58 Morning?JI_20260521080954_0007_D","Geo-Cordinates":"19.131882° N, 72.915278° E","type":"Plant"},"geometry":{"type":"Point","coordinates":[72.91527764893866,19.131881785180845]}},{"type":"Feature","properties":{"Parcel":"Parcel 59","Frame_No":"6_13","Zone_name":"Academic","ZoneNumber":"Z02","latitude":"19.132351° N","longitude":"72.915° E","Count":"535","botanical_name":"Tradescantia zebrina","comman_name":"Silver Inch Plant / Wandering Jew","Plant_id":"535","schema_name":"21-02-2026 Parcel 59,58 Morning?JI_20260521080954_0007_D","Geo-Cordinates":"19.132351° N, 72.915° E","type":"Plant"},"geometry":{"type":"Point","coordinates":[72.91500042567456,19.132350817048938]}},{"type":"Feature","properties":{"Parcel":"Parcel 59","Frame_No":"6_14","Zone_name":"Academic","ZoneNumber":"Z02","latitude":"19.132346° N","longitude":"72.915004° E","Count":"536","botanical_name":"Tradescantia zebrina","comman_name":"Silver Inch Plant / Wandering Jew","Plant_id":"536","schema_name":"21-02-2026 Parcel 59,58 Morning?JI_20260521080954_0007_D","Geo-Cordinates":"19.132346° N, 72.915004° E","type":"Plant"},"geometry":{"type":"Point","coordinates":[72.91500406650543,19.132346394544093]}},{"type":"Feature","properties":{"Parcel":"Parcel 59","Frame_No":"6_15","Zone_name":"Academic","ZoneNumber":"Z02","latitude":"19.132341° N","longitude":"72.915008° E","Count":"537","botanical_name":"Tradescantia zebrina","comman_name":"Silver Inch Plant / Wandering Jew","Plant_id":"537","schema_name":"21-02-2026 Parcel 59,58 Morning?JI_20260521080954_0007_D","Geo-Cordinates":"19.132341° N, 72.915008° E","type":"Plant"},"geometry":{"type":"Point","coordinates":[72.91500796739564,19.13234123495496]}},{"type":"Feature","properties":{"Parcel":"Parcel 59","Frame_No":"6_17","Zone_name":"Academic","ZoneNumber":"Z02","latitude":"19.132331° N","longitude":"72.915016° E","Count":"538","botanical_name":"Tradescantia zebrina","comman_name":"Silver Inch Plant / Wandering Jew","Plant_id":"538","schema_name":"21-02-2026 Parcel 59,58 Morning?JI_20260521080954_0007_D","Geo-Cordinates":"19.132331° N, 72.915016° E","type":"Plant"},"geometry":{"type":"Point","coordinates":[72.91501615926508,19.13233079292883]}},{"type":"Feature","properties":{"Parcel":"Parcel 59","Frame_No":"6_18","Zone_name":"Academic","ZoneNumber":"Z02","latitude":"19.132324° N","longitude":"72.915022° E","Count":"539","botanical_name":"Tradescantia zebrina","comman_name":"Silver Inch Plant / Wandering Jew","Plant_id":"539","schema_name":"21-02-2026 Parcel 59,58 Morning?JI_20260521080954_0007_D","Geo-Cordinates":"19.132324° N, 72.915022° E","type":"Plant"},"geometry":{"type":"Point","coordinates":[72.91502162051137,19.132323544933833]}},{"type":"Feature","properties":{"Parcel":"Parcel 59","Frame_No":"6_19","Zone_name":"Academic","ZoneNumber":"Z02","latitude":"19.132315° N","longitude":"72.915028° E","Count":"540","botanical_name":"Tradescantia zebrina","comman_name":"Silver Inch Plant / Wandering Jew","Plant_id":"540","schema_name":"21-02-2026 Parcel 59,58 Morning?JI_20260521080954_0007_D","Geo-Cordinates":"19.132315° N, 72.915028° E","type":"Plant"},"geometry":{"type":"Point","coordinates":[72.91502760187635,19.132315314159474]}},{"type":"Feature","properties":{"Parcel":"Parcel 59","Frame_No":"6_21","Zone_name":"Academic","ZoneNumber":"Z02","latitude":"19.132301° N","longitude":"72.915036° E","Count":"541","botanical_name":"Tradescantia zebrina","comman_name":"Silver Inch Plant / Wandering Jew","Plant_id":"541","schema_name":"21-02-2026 Parcel 59,58 Morning?JI_20260521080954_0007_D","Geo-Cordinates":"19.132301° N, 72.915036° E","type":"Plant"},"geometry":{"type":"Point","coordinates":[72.91503644389415,19.13230118671]}},{"type":"Feature","properties":{"Parcel":"Parcel 59","Frame_No":"6_22","Zone_name":"Academic","ZoneNumber":"Z02","latitude":"19.132293° N","longitude":"72.915042° E","Count":"542","botanical_name":"Tradescantia zebrina","comman_name":"Silver Inch Plant / Wandering Jew","Plant_id":"542","schema_name":"21-02-2026 Parcel 59,58 Morning?JI_20260521080954_0007_D","Geo-Cordinates":"19.132293° N, 72.915042° E","type":"Plant"},"geometry":{"type":"Point","coordinates":[72.91504210018499,19.132293017358215]}},{"type":"Feature","properties":{"Parcel":"Parcel 59","Frame_No":"6_23","Zone_name":"Academic","ZoneNumber":"Z02","latitude":"19.132286° N","longitude":"72.915047° E","Count":"543","botanical_name":"Tradescantia zebrina","comman_name":"Silver Inch Plant / Wandering Jew","Plant_id":"543","schema_name":"21-02-2026 Parcel 59,58 Morning?JI_20260521080954_0007_D","Geo-Cordinates":"19.132286° N, 72.915047° E","type":"Plant"},"geometry":{"type":"Point","coordinates":[72.91504704131258,19.132286015056373]}},{"type":"Feature","properties":{"Parcel":"Parcel 59","Frame_No":"6_25","Zone_name":"Academic","ZoneNumber":"Z02","latitude":"19.132273° N","longitude":"72.915056° E","Count":"544","botanical_name":"Tradescantia zebrina","comman_name":"Silver Inch Plant / Wandering Jew","Plant_id":"544","schema_name":"21-02-2026 Parcel 59,58 Morning?JI_20260521080954_0007_D","Geo-Cordinates":"19.132273° N, 72.915056° E","type":"Plant"},"geometry":{"type":"Point","coordinates":[72.91505588333038,19.13227250184145]}},{"type":"Feature","properties":{"Parcel":"Parcel 59","Frame_No":"6_26","Zone_name":"Academic","ZoneNumber":"Z02","latitude":"19.132263° N","longitude":"72.915062° E","Count":"545","botanical_name":"Tradescantia zebrina","comman_name":"Silver Inch Plant / Wandering Jew","Plant_id":"545","schema_name":"21-02-2026 Parcel 59,58 Morning?JI_20260521080954_0007_D","Geo-Cordinates":"19.132263° N, 72.915062° E","type":"Plant"},"geometry":{"type":"Point","coordinates":[72.9150617346657,19.132263165437763]}},{"type":"Feature","properties":{"Parcel":"Parcel 59","Frame_No":"6_27","Zone_name":"Academic","ZoneNumber":"Z02","latitude":"19.132252° N","longitude":"72.915069° E","Count":"546","botanical_name":"Tradescantia zebrina","comman_name":"Silver Inch Plant / Wandering Jew","Plant_id":"546","schema_name":"21-02-2026 Parcel 59,58 Morning?JI_20260521080954_0007_D","Geo-Cordinates":"19.132252° N, 72.915069° E","type":"Plant"},"geometry":{"type":"Point","coordinates":[72.91506940641642,19.132251617779843]}},{"type":"Feature","properties":{"Parcel":"Parcel 59","Frame_No":"6_29","Zone_name":"Academic","ZoneNumber":"Z02","latitude":"19.132231° N","longitude":"72.915081° E","Count":"547","botanical_name":"Tradescantia zebrina","comman_name":"Silver Inch Plant / Wandering Jew","Plant_id":"547","schema_name":"21-02-2026 Parcel 59,58 Morning?JI_20260521080954_0007_D","Geo-Cordinates":"19.132231° N, 72.915081° E","type":"Plant"},"geometry":{"type":"Point","coordinates":[72.91508149917608,19.132231470800267]}},{"type":"Feature","properties":{"Parcel":"Parcel 59","Frame_No":"6_30","Zone_name":"Academic","ZoneNumber":"Z02","latitude":"19.132222° N","longitude":"72.915087° E","Count":"548","botanical_name":"Tradescantia zebrina","comman_name":"Silver Inch Plant / Wandering Jew","Plant_id":"548","schema_name":"21-02-2026 Parcel 59,58 Morning?JI_20260521080954_0007_D","Geo-Cordinates":"19.132222° N, 72.915087° E","type":"Plant"},"geometry":{"type":"Point","coordinates":[72.9150868303927,19.13222201154681]}},{"type":"Feature","properties":{"Parcel":"Parcel 59","Frame_No":"6_31","Zone_name":"Academic","ZoneNumber":"Z02","latitude":"19.132211° N","longitude":"72.915094° E","Count":"549","botanical_name":"Tradescantia zebrina","comman_name":"Silver Inch Plant / Wandering Jew","Plant_id":"549","schema_name":"21-02-2026 Parcel 59,58 Morning?JI_20260521080954_0007_D","Geo-Cordinates":"19.132211° N, 72.915094° E","type":"Plant"},"geometry":{"type":"Point","coordinates":[72.91509424208408,19.132210955275845]}},{"type":"Feature","properties":{"Parcel":"Parcel 59","Frame_No":"6_33","Zone_name":"Academic","ZoneNumber":"Z02","latitude":"19.132194° N","longitude":"72.915105° E","Count":"550","botanical_name":"Tradescantia zebrina","comman_name":"Silver Inch Plant / Wandering Jew","Plant_id":"550","schema_name":"21-02-2026 Parcel 59,58 Morning?JI_20260521080954_0007_D","Geo-Cordinates":"19.132194° N, 72.915105° E","type":"Plant"},"geometry":{"type":"Point","coordinates":[72.91510464445797,19.13219363378319]}},{"type":"Feature","properties":{"Parcel":"Parcel 59","Frame_No":"6_34","Zone_name":"Academic","ZoneNumber":"Z02","latitude":"19.132185° N","longitude":"72.915109° E","Count":"551","botanical_name":"Tradescantia zebrina","comman_name":"Silver Inch Plant / Wandering Jew","Plant_id":"551","schema_name":"21-02-2026 Parcel 59,58 Morning?JI_20260521080954_0007_D","Geo-Cordinates":"19.132185° N, 72.915109° E","type":"Plant"},"geometry":{"type":"Point","coordinates":[72.91510919549654,19.132185403002357]}},{"type":"Feature","properties":{"Parcel":"Parcel 59","Frame_No":"6_35","Zone_name":"Academic","ZoneNumber":"Z02","latitude":"19.132178° N","longitude":"72.915112° E","Count":"552","botanical_name":"Tradescantia zebrina","comman_name":"Silver Inch Plant / Wandering Jew","Plant_id":"552","schema_name":"21-02-2026 Parcel 59,58 Morning?JI_20260521080954_0007_D","Geo-Cordinates":"19.132178° N, 72.915112° E","type":"Plant"},"geometry":{"type":"Point","coordinates":[72.9151124462384,19.132177663611046]}},{"type":"Feature","properties":{"Parcel":"Parcel 59","Frame_No":"6_37","Zone_name":"Academic","ZoneNumber":"Z02","latitude":"19.132164° N","longitude":"72.91512° E","Count":"553","botanical_name":"Tradescantia zebrina","comman_name":"Silver Inch Plant / Wandering Jew","Plant_id":"553","schema_name":"21-02-2026 Parcel 59,58 Morning?JI_20260521080954_0007_D","Geo-Cordinates":"19.132164° N, 72.91512° E","type":"Plant"},"geometry":{"type":"Point","coordinates":[72.9151197279001,19.132164273234743]}},{"type":"Feature","properties":{"Parcel":"Parcel 59","Frame_No":"6_38","Zone_name":"Academic","ZoneNumber":"Z02","latitude":"19.132158° N","longitude":"72.915123° E","Count":"554","botanical_name":"Tradescantia zebrina","comman_name":"Silver Inch Plant / Wandering Jew","Plant_id":"554","schema_name":"21-02-2026 Parcel 59,58 Morning?JI_20260521080954_0007_D","Geo-Cordinates":"19.132158° N, 72.915123° E","type":"Plant"},"geometry":{"type":"Point","coordinates":[72.9151232387013,19.132157639469945]}},{"type":"Feature","properties":{"Parcel":"Parcel 59","Frame_No":"6_39","Zone_name":"Academic","ZoneNumber":"Z02","latitude":"19.132149° N","longitude":"72.915128° E","Count":"555","botanical_name":"Tradescantia zebrina","comman_name":"Silver Inch Plant / Wandering Jew","Plant_id":"555","schema_name":"21-02-2026 Parcel 59,58 Morning?JI_20260521080954_0007_D","Geo-Cordinates":"19.132149° N, 72.915128° E","type":"Plant"},"geometry":{"type":"Point","coordinates":[72.9151276597102,19.13214940868731]}},{"type":"Feature","properties":{"Parcel":"Parcel 59","Frame_No":"6_41","Zone_name":"Academic","ZoneNumber":"Z02","latitude":"19.132133° N","longitude":"72.915137° E","Count":"556","botanical_name":"Tradescantia zebrina","comman_name":"Silver Inch Plant / Wandering Jew","Plant_id":"556","schema_name":"21-02-2026 Parcel 59,58 Morning?JI_20260521080954_0007_D","Geo-Cordinates":"19.132133° N, 72.915137° E","type":"Plant"},"geometry":{"type":"Point","coordinates":[72.91513676178734,19.132133069968337]}},{"type":"Feature","properties":{"Parcel":"Parcel 59","Frame_No":"6_42","Zone_name":"Academic","ZoneNumber":"Z02","latitude":"19.132126° N","longitude":"72.91514° E","Count":"557","botanical_name":"Tradescantia zebrina","comman_name":"Silver Inch Plant / Wandering Jew","Plant_id":"557","schema_name":"21-02-2026 Parcel 59,58 Morning?JI_20260521080954_0007_D","Geo-Cordinates":"19.132126° N, 72.91514° E","type":"Plant"},"geometry":{"type":"Point","coordinates":[72.91514040261819,19.13212582196467]}},{"type":"Feature","properties":{"Parcel":"Parcel 59","Frame_No":"6_43","Zone_name":"Academic","ZoneNumber":"Z02","latitude":"19.132119° N","longitude":"72.915144° E","Count":"558","botanical_name":"Tradescantia zebrina","comman_name":"Silver Inch Plant / Wandering Jew","Plant_id":"558","schema_name":"21-02-2026 Parcel 59,58 Morning?JI_20260521080954_0007_D","Geo-Cordinates":"19.132119° N, 72.915144° E","type":"Plant"},"geometry":{"type":"Point","coordinates":[72.9151443035084,19.13211857396068]}},{"type":"Feature","properties":{"Parcel":"Parcel 59","Frame_No":"6_45","Zone_name":"Academic","ZoneNumber":"Z02","latitude":"19.132105° N","longitude":"72.91515° E","Count":"559","botanical_name":"Tradescantia zebrina","comman_name":"Silver Inch Plant / Wandering Jew","Plant_id":"559","schema_name":"21-02-2026 Parcel 59,58 Morning?JI_20260521080954_0007_D","Geo-Cordinates":"19.132105° N, 72.91515° E","type":"Plant"},"geometry":{"type":"Point","coordinates":[72.91515041490308,19.132105060732055]}},{"type":"Feature","properties":{"Parcel":"Parcel 59","Frame_No":"6_46","Zone_name":"Academic","ZoneNumber":"Z02","latitude":"19.132099° N","longitude":"72.915154° E","Count":"560","botanical_name":"Tradescantia zebrina","comman_name":"Silver Inch Plant / Wandering Jew","Plant_id":"560","schema_name":"21-02-2026 Parcel 59,58 Morning?JI_20260521080954_0007_D","Geo-Cordinates":"19.132099° N, 72.915154° E","type":"Plant"},"geometry":{"type":"Point","coordinates":[72.91515353561525,19.13209940974521]}},{"type":"Feature","properties":{"Parcel":"Parcel 59","Frame_No":"6_47","Zone_name":"Academic","ZoneNumber":"Z02","latitude":"19.132094° N","longitude":"72.915157° E","Count":"561","botanical_name":"Tradescantia zebrina","comman_name":"Silver Inch Plant / Wandering Jew","Plant_id":"561","schema_name":"21-02-2026 Parcel 59,58 Morning?JI_20260521080954_0007_D","Geo-Cordinates":"19.132094° N, 72.915157° E","type":"Plant"},"geometry":{"type":"Point","coordinates":[72.91515652629774,19.132094250148356]}},{"type":"Feature","properties":{"Parcel":"Parcel 59","Frame_No":"6_49","Zone_name":"Academic","ZoneNumber":"Z02","latitude":"19.132084° N","longitude":"72.915164° E","Count":"562","botanical_name":"Tradescantia zebrina","comman_name":"Silver Inch Plant / Wandering Jew","Plant_id":"562","schema_name":"21-02-2026 Parcel 59,58 Morning?JI_20260521080954_0007_D","Geo-Cordinates":"19.132084° N, 72.915164° E","type":"Plant"},"geometry":{"type":"Point","coordinates":[72.91516367792977,19.132083930954167]}},{"type":"Feature","properties":{"Parcel":"Parcel 59","Frame_No":"6_50","Zone_name":"Academic","ZoneNumber":"Z02","latitude":"19.132079° N","longitude":"72.915167° E","Count":"563","botanical_name":"Tradescantia zebrina","comman_name":"Silver Inch Plant / Wandering Jew","Plant_id":"563","schema_name":"21-02-2026 Parcel 59,58 Morning?JI_20260521080954_0007_D","Geo-Cordinates":"19.132079° N, 72.915167° E","type":"Plant"},"geometry":{"type":"Point","coordinates":[72.91516718873096,19.132078771356834]}},{"type":"Feature","properties":{"Parcel":"Parcel 59","Frame_No":"6_51","Zone_name":"Academic","ZoneNumber":"Z02","latitude":"19.132072° N","longitude":"72.915172° E","Count":"564","botanical_name":"Tradescantia zebrina","comman_name":"Silver Inch Plant / Wandering Jew","Plant_id":"564","schema_name":"21-02-2026 Parcel 59,58 Morning?JI_20260521080954_0007_D","Geo-Cordinates":"19.132072° N, 72.915172° E","type":"Plant"},"geometry":{"type":"Point","coordinates":[72.91517160973986,19.132071769045908]}},{"type":"Feature","properties":{"Parcel":"Parcel 59","Frame_No":"6_53","Zone_name":"Academic","ZoneNumber":"Z02","latitude":"19.132055° N","longitude":"72.91518° E","Count":"565","botanical_name":"Tradescantia zebrina","comman_name":"Silver Inch Plant / Wandering Jew","Plant_id":"565","schema_name":"21-02-2026 Parcel 59,58 Morning?JI_20260521080954_0007_D","Geo-Cordinates":"19.132055° N, 72.91518° E","type":"Plant"},"geometry":{"type":"Point","coordinates":[72.91517993163897,19.13205506177653]}},{"type":"Feature","properties":{"Parcel":"Parcel 59","Frame_No":"6_54","Zone_name":"Academic","ZoneNumber":"Z02","latitude":"19.132048° N","longitude":"72.915183° E","Count":"566","botanical_name":"Tradescantia zebrina","comman_name":"Silver Inch Plant / Wandering Jew","Plant_id":"566","schema_name":"21-02-2026 Parcel 59,58 Morning?JI_20260521080954_0007_D","Geo-Cordinates":"19.132048° N, 72.915183° E","type":"Plant"},"geometry":{"type":"Point","coordinates":[72.91518305235113,19.132047568074274]}},{"type":"Feature","properties":{"Parcel":"Parcel 59","Frame_No":"6_55","Zone_name":"Academic","ZoneNumber":"Z02","latitude":"19.13204° N","longitude":"72.915186° E","Count":"567","botanical_name":"Tradescantia zebrina","comman_name":"Silver Inch Plant / Wandering Jew","Plant_id":"567","schema_name":"21-02-2026 Parcel 59,58 Morning?JI_20260521080954_0007_D","Geo-Cordinates":"19.13204° N, 72.915186° E","type":"Plant"},"geometry":{"type":"Point","coordinates":[72.9151856529446,19.13204032006685]}},{"type":"Feature","properties":{"Parcel":"Parcel 59","Frame_No":"6_57","Zone_name":"Academic","ZoneNumber":"Z02","latitude":"19.132025° N","longitude":"72.915192° E","Count":"568","botanical_name":"Tradescantia zebrina","comman_name":"Silver Inch Plant / Wandering Jew","Plant_id":"568","schema_name":"21-02-2026 Parcel 59,58 Morning?JI_20260521080954_0007_D","Geo-Cordinates":"19.132025° N, 72.915192° E","type":"Plant"},"geometry":{"type":"Point","coordinates":[72.91519228445794,19.13202471842266]}},{"type":"Feature","properties":{"Parcel":"Parcel 59","Frame_No":"6_58","Zone_name":"Academic","ZoneNumber":"Z02","latitude":"19.132017° N","longitude":"72.915196° E","Count":"569","botanical_name":"Tradescantia zebrina","comman_name":"Silver Inch Plant / Wandering Jew","Plant_id":"569","schema_name":"21-02-2026 Parcel 59,58 Morning?JI_20260521080954_0007_D","Geo-Cordinates":"19.132017° N, 72.915196° E","type":"Plant"},"geometry":{"type":"Point","coordinates":[72.91519605531849,19.132017101871423]}},{"type":"Feature","properties":{"Parcel":"Parcel 59","Frame_No":"6_59","Zone_name":"Academic","ZoneNumber":"Z02","latitude":"19.132009° N","longitude":"72.9152° E","Count":"570","botanical_name":"Tradescantia zebrina","comman_name":"Silver Inch Plant / Wandering Jew","Plant_id":"570","schema_name":"21-02-2026 Parcel 59,58 Morning?JI_20260521080954_0007_D","Geo-Cordinates":"19.132009° N, 72.9152° E","type":"Plant"},"geometry":{"type":"Point","coordinates":[72.91520034629771,19.1320089939294]}},{"type":"Feature","properties":{"Parcel":"Parcel 59","Frame_No":"6_61","Zone_name":"Academic","ZoneNumber":"Z02","latitude":"19.131995° N","longitude":"72.915209° E","Count":"571","botanical_name":"Tradescantia zebrina","comman_name":"Silver Inch Plant / Wandering Jew","Plant_id":"571","schema_name":"21-02-2026 Parcel 59,58 Morning?JI_20260521080954_0007_D","Geo-Cordinates":"19.131995° N, 72.915209° E","type":"Plant"},"geometry":{"type":"Point","coordinates":[72.91520905828584,19.131994620758476]}},{"type":"Feature","properties":{"Parcel":"Parcel 59","Frame_No":"6_62","Zone_name":"Academic","ZoneNumber":"Z02","latitude":"19.131987° N","longitude":"72.915214° E","Count":"572","botanical_name":"Tradescantia zebrina","comman_name":"Silver Inch Plant / Wandering Jew","Plant_id":"572","schema_name":"21-02-2026 Parcel 59,58 Morning?JI_20260521080954_0007_D","Geo-Cordinates":"19.131987° N, 72.915214° E","type":"Plant"},"geometry":{"type":"Point","coordinates":[72.91521373935409,19.131987495596363]}},{"type":"Feature","properties":{"Parcel":"Parcel 59","Frame_No":"6_63","Zone_name":"Academic","ZoneNumber":"Z02","latitude":"19.13198° N","longitude":"72.915219° E","Count":"573","botanical_name":"Tradescantia zebrina","comman_name":"Silver Inch Plant / Wandering Jew","Plant_id":"573","schema_name":"21-02-2026 Parcel 59,58 Morning?JI_20260521080954_0007_D","Geo-Cordinates":"19.13198° N, 72.915219° E","type":"Plant"},"geometry":{"type":"Point","coordinates":[72.91521907057071,19.131979756195772]}},{"type":"Feature","properties":{"Parcel":"Parcel 59","Frame_No":"6_65","Zone_name":"Academic","ZoneNumber":"Z02","latitude":"19.131965° N","longitude":"72.915228° E","Count":"574","botanical_name":"Tradescantia zebrina","comman_name":"Silver Inch Plant / Wandering Jew","Plant_id":"574","schema_name":"21-02-2026 Parcel 59,58 Morning?JI_20260521080954_0007_D","Geo-Cordinates":"19.131965° N, 72.915228° E","type":"Plant"},"geometry":{"type":"Point","coordinates":[72.91522843270721,19.131964523088797]}},{"type":"Feature","properties":{"Parcel":"Parcel 59","Frame_No":"6_66","Zone_name":"Academic","ZoneNumber":"Z02","latitude":"19.131957° N","longitude":"72.915234° E","Count":"575","botanical_name":"Tradescantia zebrina","comman_name":"Silver Inch Plant / Wandering Jew","Plant_id":"575","schema_name":"21-02-2026 Parcel 59,58 Morning?JI_20260521080954_0007_D","Geo-Cordinates":"19.131957° N, 72.915234° E","type":"Plant"},"geometry":{"type":"Point","coordinates":[72.91523415401284,19.131956783687137]}},{"type":"Feature","properties":{"Parcel":"Parcel 59","Frame_No":"6_67","Zone_name":"Academic","ZoneNumber":"Z02","latitude":"19.131948° N","longitude":"72.91524° E","Count":"576","botanical_name":"Tradescantia zebrina","comman_name":"Silver Inch Plant / Wandering Jew","Plant_id":"576","schema_name":"21-02-2026 Parcel 59,58 Morning?JI_20260521080954_0007_D","Geo-Cordinates":"19.131948° N, 72.91524° E","type":"Plant"},"geometry":{"type":"Point","coordinates":[72.91524026540749,19.131948307199195]}},{"type":"Feature","properties":{"Parcel":"Parcel 59","Frame_No":"6_69","Zone_name":"Academic","ZoneNumber":"Z02","latitude":"19.131933° N","longitude":"72.91525° E","Count":"577","botanical_name":"Tradescantia zebrina","comman_name":"Silver Inch Plant / Wandering Jew","Plant_id":"577","schema_name":"21-02-2026 Parcel 59,58 Morning?JI_20260521080954_0007_D","Geo-Cordinates":"19.131933° N, 72.91525° E","type":"Plant"},"geometry":{"type":"Point","coordinates":[72.91524975757368,19.13193270554633]}},{"type":"Feature","properties":{"Parcel":"Parcel 59","Frame_No":"6_70","Zone_name":"Academic","ZoneNumber":"Z02","latitude":"19.131925° N","longitude":"72.915254° E","Count":"578","botanical_name":"Tradescantia zebrina","comman_name":"Silver Inch Plant / Wandering Jew","Plant_id":"578","schema_name":"21-02-2026 Parcel 59,58 Morning?JI_20260521080954_0007_D","Geo-Cordinates":"19.131925° N, 72.915254° E","type":"Plant"},"geometry":{"type":"Point","coordinates":[72.9152540485529,19.131925334686194]}},{"type":"Feature","properties":{"Parcel":"Parcel 59","Frame_No":"6_71","Zone_name":"Academic","ZoneNumber":"Z02","latitude":"19.131918° N","longitude":"72.915258° E","Count":"579","botanical_name":"Tradescantia zebrina","comman_name":"Silver Inch Plant / Wandering Jew","Plant_id":"579","schema_name":"21-02-2026 Parcel 59,58 Morning?JI_20260521080954_0007_D","Geo-Cordinates":"19.131918° N, 72.915258° E","type":"Plant"},"geometry":{"type":"Point","coordinates":[72.91525768938375,19.13191808667341]}},{"type":"Feature","properties":{"Parcel":"Parcel 59","Frame_No":"6_73","Zone_name":"Academic","ZoneNumber":"Z02","latitude":"19.131904° N","longitude":"72.915265° E","Count":"580","botanical_name":"Tradescantia zebrina","comman_name":"Silver Inch Plant / Wandering Jew","Plant_id":"580","schema_name":"21-02-2026 Parcel 59,58 Morning?JI_20260521080954_0007_D","Geo-Cordinates":"19.131904° N, 72.915265° E","type":"Plant"},"geometry":{"type":"Point","coordinates":[72.91526536113447,19.131903836342257]}},{"type":"Feature","properties":{"Parcel":"Parcel 59","Frame_No":"6_74","Zone_name":"Academic","ZoneNumber":"Z02","latitude":"19.131896° N","longitude":"72.915269° E","Count":"581","botanical_name":"Tradescantia zebrina","comman_name":"Silver Inch Plant / Wandering Jew","Plant_id":"581","schema_name":"21-02-2026 Parcel 59,58 Morning?JI_20260521080954_0007_D","Geo-Cordinates":"19.131896° N, 72.915269° E","type":"Plant"},"geometry":{"type":"Point","coordinates":[72.91526939205436,19.131896465480832]}},{"type":"Feature","properties":{"Parcel":"Parcel 59","Frame_No":"6_75","Zone_name":"Academic","ZoneNumber":"Z02","latitude":"19.131889° N","longitude":"72.915273° E","Count":"582","botanical_name":"Tradescantia zebrina","comman_name":"Silver Inch Plant / Wandering Jew","Plant_id":"582","schema_name":"21-02-2026 Parcel 59,58 Morning?JI_20260521080954_0007_D","Geo-Cordinates":"19.131889° N, 72.915273° E","type":"Plant"},"geometry":{"type":"Point","coordinates":[72.91527342297424,19.131888726075978]}},{"type":"Feature","properties":{"Parcel":"Parcel 59","Frame_No":"3","Zone_name":"Academic","ZoneNumber":"Z02","latitude":"19.1324° N","longitude":"72.914961° E","Count":"583","botanical_name":"Schefflera arboricola","comman_name":"Dwarf Umbrella Tree","Plant_id":"583","schema_name":"21-02-2026 Parcel 59,58 Morning?JI_20260521080954_0007_D","Geo-Cordinates":"19.1324° N, 72.914961° E","type":"Plant"},"geometry":{"type":"Point","coordinates":[72.91496122172798,19.132400017407353]}},{"type":"Feature","properties":{"Parcel":"Parcel 59","Frame_No":"4_1","Zone_name":"Academic","ZoneNumber":"Z02","latitude":"19.132398° N","longitude":"72.914963° E","Count":"584","botanical_name":"Cordyline fruticosa / Dracaena sp.","comman_name":"Green Ti Plant / Cordyline","Plant_id":"584","schema_name":"21-02-2026 Parcel 59,58 Morning?JI_20260521080954_0007_D","Geo-Cordinates":"19.132398° N, 72.914963° E","type":"Plant"},"geometry":{"type":"Point","coordinates":[72.9149628470989,19.132398420392203]}},{"type":"Feature","properties":{"Parcel":"Parcel 59","Frame_No":"4_2","Zone_name":"Academic","ZoneNumber":"Z02","latitude":"19.132397° N","longitude":"72.914964° E","Count":"585","botanical_name":"Cordyline fruticosa / Dracaena sp.","comman_name":"Green Ti Plant / Cordyline","Plant_id":"585","schema_name":"21-02-2026 Parcel 59,58 Morning?JI_20260521080954_0007_D","Geo-Cordinates":"19.132397° N, 72.914964° E","type":"Plant"},"geometry":{"type":"Point","coordinates":[72.91496401736597,19.132397191919004]}},{"type":"Feature","properties":{"Parcel":"Parcel 59","Frame_No":"4_3","Zone_name":"Academic","ZoneNumber":"Z02","latitude":"19.132395° N","longitude":"72.914966° E","Count":"586","botanical_name":"Cordyline fruticosa / Dracaena sp.","comman_name":"Green Ti Plant / Cordyline","Plant_id":"586","schema_name":"21-02-2026 Parcel 59,58 Morning?JI_20260521080954_0007_D","Geo-Cordinates":"19.132395° N, 72.914966° E","type":"Plant"},"geometry":{"type":"Point","coordinates":[72.91496564273689,19.13239528778552]}},{"type":"Feature","properties":{"Parcel":"Parcel 59","Frame_No":"5_1","Zone_name":"Academic","ZoneNumber":"Z02","latitude":"19.132394° N","longitude":"72.914967° E","Count":"587","botanical_name":"Cordyline fruticosa","comman_name":"Red Ti Plant / Broadleaf Cordyline","Plant_id":"587","schema_name":"21-02-2026 Parcel 59,58 Morning?JI_20260521080954_0007_D","Geo-Cordinates":"19.132394° N, 72.914967° E","type":"Plant"},"geometry":{"type":"Point","coordinates":[72.91496668297427,19.132393813617647]}},{"type":"Feature","properties":{"Parcel":"Parcel 59","Frame_No":"5_2","Zone_name":"Academic","ZoneNumber":"Z02","latitude":"19.132392° N","longitude":"72.914968° E","Count":"588","botanical_name":"Cordyline fruticosa","comman_name":"Red Ti Plant / Broadleaf Cordyline","Plant_id":"588","schema_name":"21-02-2026 Parcel 59,58 Morning?JI_20260521080954_0007_D","Geo-Cordinates":"19.132392° N, 72.914968° E","type":"Plant"},"geometry":{"type":"Point","coordinates":[72.91496798327101,19.13239221660244]}},{"type":"Feature","properties":{"Parcel":"Parcel 59","Frame_No":"7","Zone_name":"Academic","ZoneNumber":"Z02","latitude":"19.13239° N","longitude":"72.91497° E","Count":"589","botanical_name":"Caesalpinia pulcherrima","comman_name":"Peacock Flower / Pride of Barbados","Plant_id":"589","schema_name":"21-02-2026 Parcel 59,58 Morning?JI_20260521080954_0007_D","Geo-Cordinates":"19.13239° N, 72.91497° E","type":"Plant"},"geometry":{"type":"Point","coordinates":[72.91496960864194,19.132390496739887]}},{"type":"Feature","properties":{"Parcel":"Parcel 59","Frame_No":"8","Zone_name":"Academic","ZoneNumber":"Z02","latitude":"19.132389° N","longitude":"72.914971° E","Count":"590","botanical_name":"Wodyetia bifurcata / Arecaceae","comman_name":"Foxtail Palm / Royal Palm","Plant_id":"590","schema_name":"21-02-2026 Parcel 59,58 Morning?JI_20260521080954_0007_D","Geo-Cordinates":"19.132389° N, 72.914971° E","type":"Plant"},"geometry":{"type":"Point","coordinates":[72.9149709739535,19.13238865402999]}},{"type":"Feature","properties":{"Parcel":"Parcel 59","Frame_No":"9","Zone_name":"Academic","ZoneNumber":"Z02","latitude":"19.132388° N","longitude":"72.914972° E","Count":"591","botanical_name":"Cordyline fruticosa","comman_name":"Black Magic / Dark Purple Ti Plant","Plant_id":"591","schema_name":"21-02-2026 Parcel 59,58 Morning?JI_20260521080954_0007_D","Geo-Cordinates":"19.132388° N, 72.914972° E","type":"Plant"},"geometry":{"type":"Point","coordinates":[72.91497240427992,19.13238773267504]}},{"type":"Feature","properties":{"Parcel":"Parcel 59","Frame_No":"10_1","Zone_name":"Academic","ZoneNumber":"Z02","latitude":"19.132387° N","longitude":"72.914974° E","Count":"592","botanical_name":"Cordyline fruticosa / Dracaena sp.","comman_name":"Variegated Ti Plant","Plant_id":"592","schema_name":"21-02-2026 Parcel 59,58 Morning?JI_20260521080954_0007_D","Geo-Cordinates":"19.132387° N, 72.914974° E","type":"Plant"},"geometry":{"type":"Point","coordinates":[72.91497422469536,19.132387057014736]}},{"type":"Feature","properties":{"Parcel":"Parcel 59","Frame_No":"10_2","Zone_name":"Academic","ZoneNumber":"Z02","latitude":"19.132385° N","longitude":"72.914975° E","Count":"593","botanical_name":"Cordyline fruticosa / Dracaena sp.","comman_name":"Variegated Ti Plant","Plant_id":"593","schema_name":"21-02-2026 Parcel 59,58 Morning?JI_20260521080954_0007_D","Geo-Cordinates":"19.132385° N, 72.914975° E","type":"Plant"},"geometry":{"type":"Point","coordinates":[72.91497526493274,19.132385152881135]}},{"type":"Feature","properties":{"Parcel":"Parcel 59","Frame_No":"10_3","Zone_name":"Academic","ZoneNumber":"Z02","latitude":"19.132384° N","longitude":"72.914977° E","Count":"594","botanical_name":"Cordyline fruticosa / Dracaena sp.","comman_name":"Variegated Ti Plant","Plant_id":"594","schema_name":"21-02-2026 Parcel 59,58 Morning?JI_20260521080954_0007_D","Geo-Cordinates":"19.132384° N, 72.914977° E","type":"Plant"},"geometry":{"type":"Point","coordinates":[72.91497663024431,19.13238361728951]}},{"type":"Feature","properties":{"Parcel":"Parcel 59","Frame_No":"10_4","Zone_name":"Academic","ZoneNumber":"Z02","latitude":"19.132382° N","longitude":"72.914978° E","Count":"595","botanical_name":"Cordyline fruticosa / Dracaena sp.","comman_name":"Variegated Ti Plant","Plant_id":"595","schema_name":"21-02-2026 Parcel 59,58 Morning?JI_20260521080954_0007_D","Geo-Cordinates":"19.132382° N, 72.914978° E","type":"Plant"},"geometry":{"type":"Point","coordinates":[72.91497812558556,19.13238245023986]}},{"type":"Feature","properties":{"Parcel":"Parcel 59","Frame_No":"10_5","Zone_name":"Academic","ZoneNumber":"Z02","latitude":"19.132381° N","longitude":"72.91498° E","Count":"596","botanical_name":"Cordyline fruticosa / Dracaena sp.","comman_name":"Variegated Ti Plant","Plant_id":"596","schema_name":"21-02-2026 Parcel 59,58 Morning?JI_20260521080954_0007_D","Geo-Cordinates":"19.132381° N, 72.91498° E","type":"Plant"},"geometry":{"type":"Point","coordinates":[72.91497968594165,19.13238122176654]}},{"type":"Feature","properties":{"Parcel":"Parcel 59","Frame_No":"10_6","Zone_name":"Academic","ZoneNumber":"Z02","latitude":"19.13238° N","longitude":"72.914981° E","Count":"597","botanical_name":"Cordyline fruticosa / Dracaena sp.","comman_name":"Variegated Ti Plant","Plant_id":"597","schema_name":"21-02-2026 Parcel 59,58 Morning?JI_20260521080954_0007_D","Geo-Cordinates":"19.13238° N, 72.914981° E","type":"Plant"},"geometry":{"type":"Point","coordinates":[72.91498079119387,19.13237956332754]}},{"type":"Feature","properties":{"Parcel":"Parcel 59","Frame_No":"11_1","Zone_name":"Academic","ZoneNumber":"Z02","latitude":"19.132378° N","longitude":"72.914982° E","Count":"598","botanical_name":"Cordyline fruticosa","comman_name":"Red Ti Plant / Cordyline","Plant_id":"598","schema_name":"21-02-2026 Parcel 59,58 Morning?JI_20260521080954_0007_D","Geo-Cordinates":"19.132378° N, 72.914982° E","type":"Plant"},"geometry":{"type":"Point","coordinates":[72.91498215650543,19.132377597770187]}},{"type":"Feature","properties":{"Parcel":"Parcel 59","Frame_No":"11_2","Zone_name":"Academic","ZoneNumber":"Z02","latitude":"19.132376° N","longitude":"72.914984° E","Count":"599","botanical_name":"Cordyline fruticosa","comman_name":"Red Ti Plant / Cordyline","Plant_id":"599","schema_name":"21-02-2026 Parcel 59,58 Morning?JI_20260521080954_0007_D","Geo-Cordinates":"19.132376° N, 72.914984° E","type":"Plant"},"geometry":{"type":"Point","coordinates":[72.91498365184668,19.132375693636483]}},{"type":"Feature","properties":{"Parcel":"Parcel 59","Frame_No":"11_3","Zone_name":"Academic","ZoneNumber":"Z02","latitude":"19.132374° N","longitude":"72.914985° E","Count":"600","botanical_name":"Cordyline fruticosa","comman_name":"Red Ti Plant / Cordyline","Plant_id":"600","schema_name":"21-02-2026 Parcel 59,58 Morning?JI_20260521080954_0007_D","Geo-Cordinates":"19.132374° N, 72.914985° E","type":"Plant"},"geometry":{"type":"Point","coordinates":[72.91498475709889,19.13237434231577]}},{"type":"Feature","properties":{"Parcel":"Parcel 59","Frame_No":"11_4","Zone_name":"Academic","ZoneNumber":"Z02","latitude":"19.132373° N","longitude":"72.914987° E","Count":"601","botanical_name":"Cordyline fruticosa","comman_name":"Red Ti Plant / Cordyline","Plant_id":"601","schema_name":"21-02-2026 Parcel 59,58 Morning?JI_20260521080954_0007_D","Geo-Cordinates":"19.132373° N, 72.914987° E","type":"Plant"},"geometry":{"type":"Point","coordinates":[72.9149865124995,19.132372745300373]}},{"type":"Feature","properties":{"Parcel":"Parcel 59","Frame_No":"11_5","Zone_name":"Academic","ZoneNumber":"Z02","latitude":"19.132371° N","longitude":"72.914988° E","Count":"602","botanical_name":"Cordyline fruticosa","comman_name":"Red Ti Plant / Cordyline","Plant_id":"602","schema_name":"21-02-2026 Parcel 59,58 Morning?JI_20260521080954_0007_D","Geo-Cordinates":"19.132371° N, 72.914988° E","type":"Plant"},"geometry":{"type":"Point","coordinates":[72.91498807285558,19.13237077974294]}},{"type":"Feature","properties":{"Parcel":"Parcel 59","Frame_No":"12_1","Zone_name":"Academic","ZoneNumber":"Z02","latitude":"19.132369° N","longitude":"72.914989° E","Count":"603","botanical_name":"Cordyline fruticosa / Dracaena sp.","comman_name":"Green Variegated Ti Plant","Plant_id":"603","schema_name":"21-02-2026 Parcel 59,58 Morning?JI_20260521080954_0007_D","Geo-Cordinates":"19.132369° N, 72.914989° E","type":"Plant"},"geometry":{"type":"Point","coordinates":[72.91498940565977,19.132369305574848]}},{"type":"Feature","properties":{"Parcel":"Parcel 59","Frame_No":"12_2","Zone_name":"Academic","ZoneNumber":"Z02","latitude":"19.132368° N","longitude":"72.914991° E","Count":"604","botanical_name":"Cordyline fruticosa / Dracaena sp.","comman_name":"Green Variegated Ti Plant","Plant_id":"604","schema_name":"21-02-2026 Parcel 59,58 Morning?JI_20260521080954_0007_D","Geo-Cordinates":"19.132368° N, 72.914991° E","type":"Plant"},"geometry":{"type":"Point","coordinates":[72.91499120982148,19.132368384219784]}},{"type":"Feature","properties":{"Parcel":"Parcel 59","Frame_No":"13","Zone_name":"Academic","ZoneNumber":"Z02","latitude":"19.132363° N","longitude":"72.914995° E","Count":"605","botanical_name":"Sansevieria trifasciata / Dracaena trifasciata","comman_name":"Snake Plant / Mother-in-Law's Tongue","Plant_id":"605","schema_name":"21-02-2026 Parcel 59,58 Morning?JI_20260521080954_0007_D","Geo-Cordinates":"19.132363° N, 72.914995° E","type":"Plant"},"geometry":{"type":"Point","coordinates":[72.91499530575615,19.132362948224827]}},{"type":"Feature","properties":{"Parcel":"Parcel 59","Frame_No":"14","Zone_name":"Academic","ZoneNumber":"Z02","latitude":"19.13236° N","longitude":"72.914998° E","Count":"606","botanical_name":"Dracaena trifasciata / Sansevieria sp.","comman_name":"Snake Plant / African Spear","Plant_id":"606","schema_name":"21-02-2026 Parcel 59,58 Morning?JI_20260521080954_0007_D","Geo-Cordinates":"19.13236° N, 72.914998° E","type":"Plant"},"geometry":{"type":"Point","coordinates":[72.91499823142381,19.132359999888497]}},{"type":"Feature","properties":{"Parcel":"Parcel 59","Frame_No":"15_1","Zone_name":"Academic","ZoneNumber":"Z02","latitude":"19.132356° N","longitude":"72.915001° E","Count":"607","botanical_name":"Epipremnum aureum","comman_name":"Golden Pothos / Neon Pothos","Plant_id":"607","schema_name":"21-02-2026 Parcel 59,58 Morning?JI_20260521080954_0007_D","Geo-Cordinates":"19.132356° N, 72.915001° E","type":"Plant"},"geometry":{"type":"Point","coordinates":[72.91500076700244,19.132355945925944]}},{"type":"Feature","properties":{"Parcel":"Parcel 59","Frame_No":"15_2","Zone_name":"Academic","ZoneNumber":"Z02","latitude":"19.132351° N","longitude":"72.915004° E","Count":"608","botanical_name":"Epipremnum aureum","comman_name":"Golden Pothos / Neon Pothos","Plant_id":"608","schema_name":"21-02-2026 Parcel 59,58 Morning?JI_20260521080954_0007_D","Geo-Cordinates":"19.132351° N, 72.915004° E","type":"Plant"},"geometry":{"type":"Point","coordinates":[72.91500427780362,19.132351339150205]}},{"type":"Feature","properties":{"Parcel":"Parcel 59","Frame_No":"15_3","Zone_name":"Academic","ZoneNumber":"Z02","latitude":"19.132346° N","longitude":"72.915009° E","Count":"609","botanical_name":"Epipremnum aureum","comman_name":"Golden Pothos / Neon Pothos","Plant_id":"609","schema_name":"21-02-2026 Parcel 59,58 Morning?JI_20260521080954_0007_D","Geo-Cordinates":"19.132346° N, 72.915009° E","type":"Plant"},"geometry":{"type":"Point","coordinates":[72.91500856878285,19.13234599529019]}},{"type":"Feature","properties":{"Parcel":"Parcel 59","Frame_No":"17","Zone_name":"Academic","ZoneNumber":"Z02","latitude":"19.132341° N","longitude":"72.915012° E","Count":"610","botanical_name":"Schefflera arboricola","comman_name":"Dwarf Umbrella Tree","Plant_id":"610","schema_name":"21-02-2026 Parcel 59,58 Morning?JI_20260521080954_0007_D","Geo-Cordinates":"19.132341° N, 72.915012° E","type":"Plant"},"geometry":{"type":"Point","coordinates":[72.91501227462855,19.132341019972085]}},{"type":"Feature","properties":{"Parcel":"Parcel 59","Frame_No":"18","Zone_name":"Academic","ZoneNumber":"Z02","latitude":"19.132335° N","longitude":"72.915017° E","Count":"611","botanical_name":"Carmona retusa / Barleria sp.","comman_name":"Fukien Tea / Bush Violet","Plant_id":"611","schema_name":"21-02-2026 Parcel 59,58 Morning?JI_20260521080954_0007_D","Geo-Cordinates":"19.132335° N, 72.915017° E","type":"Plant"},"geometry":{"type":"Point","coordinates":[72.91501734578581,19.13233512329858]}},{"type":"Feature","properties":{"Parcel":"Parcel 59","Frame_No":"20","Zone_name":"Academic","ZoneNumber":"Z02","latitude":"19.132328° N","longitude":"72.915023° E","Count":"612","botanical_name":"Epipremnum aureum","comman_name":"Golden Pothos / Neon Pothos","Plant_id":"612","schema_name":"21-02-2026 Parcel 59,58 Morning?JI_20260521080954_0007_D","Geo-Cordinates":"19.132328° N, 72.915023° E","type":"Plant"},"geometry":{"type":"Point","coordinates":[72.91502280703212,19.132327752456405]}},{"type":"Feature","properties":{"Parcel":"Parcel 59","Frame_No":"21_1","Zone_name":"Academic","ZoneNumber":"Z02","latitude":"19.13232° N","longitude":"72.915027° E","Count":"613","botanical_name":"Schefflera arboricola","comman_name":"Dwarf Umbrella Tree","Plant_id":"613","schema_name":"21-02-2026 Parcel 59,58 Morning?JI_20260521080954_0007_D","Geo-Cordinates":"19.13232° N, 72.915027° E","type":"Plant"},"geometry":{"type":"Point","coordinates":[72.91502729305584,19.1323203816139]}},{"type":"Feature","properties":{"Parcel":"Parcel 59","Frame_No":"21_2","Zone_name":"Academic","ZoneNumber":"Z02","latitude":"19.132313° N","longitude":"72.915032° E","Count":"614","botanical_name":"Schefflera arboricola","comman_name":"Dwarf Umbrella Tree","Plant_id":"614","schema_name":"21-02-2026 Parcel 59,58 Morning?JI_20260521080954_0007_D","Geo-Cordinates":"19.132313° N, 72.915032° E","type":"Plant"},"geometry":{"type":"Point","coordinates":[72.91503236421312,19.132313010771067]}},{"type":"Feature","properties":{"Parcel":"Parcel 59","Frame_No":"21_3","Zone_name":"Academic","ZoneNumber":"Z02","latitude":"19.132306° N","longitude":"72.915037° E","Count":"615","botanical_name":"Schefflera arboricola","comman_name":"Dwarf Umbrella Tree","Plant_id":"615","schema_name":"21-02-2026 Parcel 59,58 Morning?JI_20260521080954_0007_D","Geo-Cordinates":"19.132306° N, 72.915037° E","type":"Plant"},"geometry":{"type":"Point","coordinates":[72.9150374353704,19.132305639927907]}},{"type":"Feature","properties":{"Parcel":"Parcel 59","Frame_No":"22","Zone_name":"Academic","ZoneNumber":"Z02","latitude":"19.132298° N","longitude":"72.915043° E","Count":"616","botanical_name":"Cordyline fruticosa","comman_name":"Black Magic Ti Plant / Red Cordyline","Plant_id":"616","schema_name":"21-02-2026 Parcel 59,58 Morning?JI_20260521080954_0007_D","Geo-Cordinates":"19.132298° N, 72.915043° E","type":"Plant"},"geometry":{"type":"Point","coordinates":[72.91504309166119,19.132297716271136]}},{"type":"Feature","properties":{"Parcel":"Parcel 59","Frame_No":"30","Zone_name":"Academic","ZoneNumber":"Z02","latitude":"19.132155° N","longitude":"72.915129° E","Count":"617","botanical_name":"Epipremnum aureum","comman_name":"Golden Pothos / Money Plant","Plant_id":"617","schema_name":"21-02-2026 Parcel 59,58 Morning?JI_20260521080954_0007_D","Geo-Cordinates":"19.132155° N, 72.915129° E","type":"Plant"},"geometry":{"type":"Point","coordinates":[72.91512891124576,19.132155090384316]}},{"type":"Feature","properties":{"Parcel":"Parcel 59","Frame_No":"24_1","Zone_name":"Academic","ZoneNumber":"Z02","latitude":"19.132277° N","longitude":"72.915059° E","Count":"618","botanical_name":"Cordyline fruticosa / Dracaena sp.","comman_name":"Green Ti Plant","Plant_id":"618","schema_name":"21-02-2026 Parcel 59,58 Morning?JI_20260521080954_0007_D","Geo-Cordinates":"19.132277° N, 72.915059° E","type":"Plant"},"geometry":{"type":"Point","coordinates":[72.91505908531103,19.13227744644977]}},{"type":"Feature","properties":{"Parcel":"Parcel 59","Frame_No":"24_2","Zone_name":"Academic","ZoneNumber":"Z02","latitude":"19.132285° N","longitude":"72.915052° E","Count":"619","botanical_name":"Cordyline fruticosa / Dracaena sp.","comman_name":"Green Ti Plant","Plant_id":"619","schema_name":"21-02-2026 Parcel 59,58 Morning?JI_20260521080954_0007_D","Geo-Cordinates":"19.132285° N, 72.915052° E","type":"Plant"},"geometry":{"type":"Point","coordinates":[72.91505206370866,19.132285185836402]}},{"type":"Feature","properties":{"Parcel":"Parcel 59","Frame_No":"24_3","Zone_name":"Academic","ZoneNumber":"Z02","latitude":"19.132267° N","longitude":"72.915065° E","Count":"620","botanical_name":"Cordyline fruticosa / Dracaena sp.","comman_name":"Green Ti Plant","Plant_id":"620","schema_name":"21-02-2026 Parcel 59,58 Morning?JI_20260521080954_0007_D","Geo-Cordinates":"19.132267° N, 72.915065° E","type":"Plant"},"geometry":{"type":"Point","coordinates":[72.91506454655732,19.132267495809284]}},{"type":"Feature","properties":{"Parcel":"Parcel 59","Frame_No":"25","Zone_name":"Academic","ZoneNumber":"Z02","latitude":"19.132257° N","longitude":"72.915071° E","Count":"621","botanical_name":"Schefflera arboricola","comman_name":"Dwarf Umbrella Tree","Plant_id":"621","schema_name":"21-02-2026 Parcel 59,58 Morning?JI_20260521080954_0007_D","Geo-Cordinates":"19.132257° N, 72.915071° E","type":"Plant"},"geometry":{"type":"Point","coordinates":[72.91507078798166,19.132257176625917]}},{"type":"Feature","properties":{"Parcel":"Parcel 59","Frame_No":"26_1","Zone_name":"Academic","ZoneNumber":"Z02","latitude":"19.132246° N","longitude":"72.915078° E","Count":"622","botanical_name":"Cordyline fruticosa","comman_name":"Red Ti Plant / Cordyline","Plant_id":"622","schema_name":"21-02-2026 Parcel 59,58 Morning?JI_20260521080954_0007_D","Geo-Cordinates":"19.132246° N, 72.915078° E","type":"Plant"},"geometry":{"type":"Point","coordinates":[72.91507780958403,19.132245751815013]}},{"type":"Feature","properties":{"Parcel":"Parcel 59","Frame_No":"26_2","Zone_name":"Academic","ZoneNumber":"Z02","latitude":"19.132236° N","longitude":"72.915083° E","Count":"623","botanical_name":"Cordyline fruticosa","comman_name":"Red Ti Plant / Cordyline","Plant_id":"623","schema_name":"21-02-2026 Parcel 59,58 Morning?JI_20260521080954_0007_D","Geo-Cordinates":"19.132236° N, 72.915083° E","type":"Plant"},"geometry":{"type":"Point","coordinates":[72.91508327083031,19.132236169714936]}},{"type":"Feature","properties":{"Parcel":"Parcel 59","Frame_No":"26_3","Zone_name":"Academic","ZoneNumber":"Z02","latitude":"19.132226° N","longitude":"72.915091° E","Count":"624","botanical_name":"Cordyline fruticosa","comman_name":"Red Ti Plant / Cordyline","Plant_id":"624","schema_name":"21-02-2026 Parcel 59,58 Morning?JI_20260521080954_0007_D","Geo-Cordinates":"19.132226° N, 72.915091° E","type":"Plant"},"geometry":{"type":"Point","coordinates":[72.91509068252171,19.132225850529615]}},{"type":"Feature","properties":{"Parcel":"Parcel 59","Frame_No":"26_4","Zone_name":"Academic","ZoneNumber":"Z02","latitude":"19.132217° N","longitude":"72.915095° E","Count":"625","botanical_name":"Cordyline fruticosa","comman_name":"Red Ti Plant / Cordyline","Plant_id":"625","schema_name":"21-02-2026 Parcel 59,58 Morning?JI_20260521080954_0007_D","Geo-Cordinates":"19.132217° N, 72.915095° E","type":"Plant"},"geometry":{"type":"Point","coordinates":[72.91509497350094,19.132216636970746]}},{"type":"Feature","properties":{"Parcel":"Parcel 59","Frame_No":"26_5","Zone_name":"Academic","ZoneNumber":"Z02","latitude":"19.132207° N","longitude":"72.9151° E","Count":"626","botanical_name":"Cordyline fruticosa","comman_name":"Red Ti Plant / Cordyline","Plant_id":"626","schema_name":"21-02-2026 Parcel 59,58 Morning?JI_20260521080954_0007_D","Geo-Cordinates":"19.132207° N, 72.9151° E","type":"Plant"},"geometry":{"type":"Point","coordinates":[72.91510043474723,19.13220668632659]}},{"type":"Feature","properties":{"Parcel":"Parcel 59","Frame_No":"26_6","Zone_name":"Academic","ZoneNumber":"Z02","latitude":"19.132197° N","longitude":"72.915106° E","Count":"627","botanical_name":"Cordyline fruticosa","comman_name":"Red Ti Plant / Cordyline","Plant_id":"627","schema_name":"21-02-2026 Parcel 59,58 Morning?JI_20260521080954_0007_D","Geo-Cordinates":"19.132197° N, 72.915106° E","type":"Plant"},"geometry":{"type":"Point","coordinates":[72.91510628608253,19.13219747276666]}},{"type":"Feature","properties":{"Parcel":"Parcel 59","Frame_No":"26_7","Zone_name":"Academic","ZoneNumber":"Z02","latitude":"19.132189° N","longitude":"72.915111° E","Count":"628","botanical_name":"Cordyline fruticosa","comman_name":"Red Ti Plant / Cordyline","Plant_id":"628","schema_name":"21-02-2026 Parcel 59,58 Morning?JI_20260521080954_0007_D","Geo-Cordinates":"19.132189° N, 72.915111° E","type":"Plant"},"geometry":{"type":"Point","coordinates":[72.91511096715078,19.132188627748633]}},{"type":"Feature","properties":{"Parcel":"Parcel 59","Frame_No":"26_8","Zone_name":"Academic","ZoneNumber":"Z02","latitude":"19.132179° N","longitude":"72.915118° E","Count":"629","botanical_name":"Cordyline fruticosa","comman_name":"Red Ti Plant / Cordyline","Plant_id":"629","schema_name":"21-02-2026 Parcel 59,58 Morning?JI_20260521080954_0007_D","Geo-Cordinates":"19.132179° N, 72.915118° E","type":"Plant"},"geometry":{"type":"Point","coordinates":[72.91511759866414,19.132178677102797]}},{"type":"Feature","properties":{"Parcel":"Parcel 59","Frame_No":"28","Zone_name":"Academic","ZoneNumber":"Z02","latitude":"19.132168° N","longitude":"72.915122° E","Count":"630","botanical_name":"Epipremnum aureum","comman_name":"Golden Pothos / Neon Pothos","Plant_id":"630","schema_name":"21-02-2026 Parcel 59,58 Morning?JI_20260521080954_0007_D","Geo-Cordinates":"19.132168° N, 72.915122° E","type":"Plant"},"geometry":{"type":"Point","coordinates":[72.91512208468788,19.132168173642643]}},{"type":"Feature","properties":{"Parcel":"Parcel 59","Frame_No":"32","Zone_name":"Academic","ZoneNumber":"Z02","latitude":"19.132144° N","longitude":"72.915135° E","Count":"631","botanical_name":"Epipremnum aureum","comman_name":"Golden Pothos / Money Plant","Plant_id":"631","schema_name":"21-02-2026 Parcel 59,58 Morning?JI_20260521080954_0007_D","Geo-Cordinates":"19.132144° N, 72.915135° E","type":"Plant"},"geometry":{"type":"Point","coordinates":[72.91513495762555,19.13214384983764]}},{"type":"Feature","properties":{"Parcel":"Parcel 59","Frame_No":"34","Zone_name":"Academic","ZoneNumber":"Z02","latitude":"19.132129° N","longitude":"72.915144° E","Count":"632","botanical_name":"Epipremnum aureum","comman_name":"Golden Pothos / Money Plant","Plant_id":"632","schema_name":"21-02-2026 Parcel 59,58 Morning?JI_20260521080954_0007_D","Geo-Cordinates":"19.132129° N, 72.915144° E","type":"Plant"},"geometry":{"type":"Point","coordinates":[72.91514353958401,19.132129476678447]}},{"type":"Feature","properties":{"Parcel":"Parcel 59","Frame_No":"37_1","Zone_name":"Academic","ZoneNumber":"Z02","latitude":"19.132121° N","longitude":"72.915149° E","Count":"633","botanical_name":"Cordyline fruticosa / Dracaena sp.","comman_name":"Green Ti Plant","Plant_id":"633","schema_name":"21-02-2026 Parcel 59,58 Morning?JI_20260521080954_0007_D","Geo-Cordinates":"19.132121° N, 72.915149° E","type":"Plant"},"geometry":{"type":"Point","coordinates":[72.91514880578578,19.13212081592807]}},{"type":"Feature","properties":{"Parcel":"Parcel 59","Frame_No":"37_2","Zone_name":"Academic","ZoneNumber":"Z02","latitude":"19.13211° N","longitude":"72.915154° E","Count":"634","botanical_name":"Cordyline fruticosa / Dracaena sp.","comman_name":"Green Ti Plant","Plant_id":"634","schema_name":"21-02-2026 Parcel 59,58 Morning?JI_20260521080954_0007_D","Geo-Cordinates":"19.13211° N, 72.915154° E","type":"Plant"},"geometry":{"type":"Point","coordinates":[72.91515446207659,19.13210975965034]}},{"type":"Feature","properties":{"Parcel":"Parcel 59","Frame_No":"37_3","Zone_name":"Academic","ZoneNumber":"Z02","latitude":"19.132099° N","longitude":"72.915161° E","Count":"635","botanical_name":"Cordyline fruticosa / Dracaena sp.","comman_name":"Green Ti Plant","Plant_id":"635","schema_name":"21-02-2026 Parcel 59,58 Morning?JI_20260521080954_0007_D","Geo-Cordinates":"19.132099° N, 72.915161° E","type":"Plant"},"geometry":{"type":"Point","coordinates":[72.9151605084564,19.132098703371867]}},{"type":"Feature","properties":{"Parcel":"Parcel 59","Frame_No":"37_4","Zone_name":"Academic","ZoneNumber":"Z02","latitude":"19.132088° N","longitude":"72.915166° E","Count":"636","botanical_name":"Cordyline fruticosa / Dracaena sp.","comman_name":"Green Ti Plant","Plant_id":"636","schema_name":"21-02-2026 Parcel 59,58 Morning?JI_20260521080954_0007_D","Geo-Cordinates":"19.132088° N, 72.915166° E","type":"Plant"},"geometry":{"type":"Point","coordinates":[72.91516596970268,19.13208838417795]}},{"type":"Feature","properties":{"Parcel":"Parcel 59","Frame_No":"38_1","Zone_name":"Academic","ZoneNumber":"Z02","latitude":"19.132081° N","longitude":"72.91517° E","Count":"637","botanical_name":"Cordyline fruticosa","comman_name":"Black Magic Ti Plant / Red Cordyline","Plant_id":"637","schema_name":"21-02-2026 Parcel 59,58 Morning?JI_20260521080954_0007_D","Geo-Cordinates":"19.132081° N, 72.91517° E","type":"Plant"},"geometry":{"type":"Point","coordinates":[72.91517026068192,19.132081381867437]}},{"type":"Feature","properties":{"Parcel":"Parcel 59","Frame_No":"38_2","Zone_name":"Academic","ZoneNumber":"Z02","latitude":"19.132069° N","longitude":"72.915178° E","Count":"638","botanical_name":"Cordyline fruticosa","comman_name":"Black Magic Ti Plant / Red Cordyline","Plant_id":"638","schema_name":"21-02-2026 Parcel 59,58 Morning?JI_20260521080954_0007_D","Geo-Cordinates":"19.132069° N, 72.915178° E","type":"Plant"},"geometry":{"type":"Point","coordinates":[72.91517845255134,19.132068851416292]}},{"type":"Feature","properties":{"Parcel":"Parcel 59","Frame_No":"39_1","Zone_name":"Academic","ZoneNumber":"Z02","latitude":"19.132059° N","longitude":"72.915184° E","Count":"639","botanical_name":"Cordyline fruticosa / Dracaena sp.","comman_name":"Green Ti Plant","Plant_id":"639","schema_name":"21-02-2026 Parcel 59,58 Morning?JI_20260521080954_0007_D","Geo-Cordinates":"19.132059° N, 72.915184° E","type":"Plant"},"geometry":{"type":"Point","coordinates":[72.91518430388666,19.13205926930595]}},{"type":"Feature","properties":{"Parcel":"Parcel 59","Frame_No":"39_2","Zone_name":"Academic","ZoneNumber":"Z02","latitude":"19.132047° N","longitude":"72.915189° E","Count":"640","botanical_name":"Cordyline fruticosa / Dracaena sp.","comman_name":"Green Ti Plant","Plant_id":"640","schema_name":"21-02-2026 Parcel 59,58 Morning?JI_20260521080954_0007_D","Geo-Cordinates":"19.132047° N, 72.915189° E","type":"Plant"},"geometry":{"type":"Point","coordinates":[72.9151887899104,19.13204710739587]}},{"type":"Feature","properties":{"Parcel":"Parcel 59","Frame_No":"40_1","Zone_name":"Academic","ZoneNumber":"Z02","latitude":"19.132042° N","longitude":"72.915191° E","Count":"641","botanical_name":"Cordyline fruticosa","comman_name":"Red Ti Plant / Cordyline","Plant_id":"641","schema_name":"21-02-2026 Parcel 59,58 Morning?JI_20260521080954_0007_D","Geo-Cordinates":"19.132042° N, 72.915191° E","type":"Plant"},"geometry":{"type":"Point","coordinates":[72.9151907403555,19.132042132068765]}},{"type":"Feature","properties":{"Parcel":"Parcel 59","Frame_No":"40_2","Zone_name":"Academic","ZoneNumber":"Z02","latitude":"19.132038° N","longitude":"72.915193° E","Count":"642","botanical_name":"Cordyline fruticosa","comman_name":"Red Ti Plant / Cordyline","Plant_id":"642","schema_name":"21-02-2026 Parcel 59,58 Morning?JI_20260521080954_0007_D","Geo-Cordinates":"19.132038° N, 72.915193° E","type":"Plant"},"geometry":{"type":"Point","coordinates":[72.91519288584513,19.132038262369797]}},{"type":"Feature","properties":{"Parcel":"Parcel 59","Frame_No":"40_3","Zone_name":"Academic","ZoneNumber":"Z02","latitude":"19.132033° N","longitude":"72.915194° E","Count":"643","botanical_name":"Cordyline fruticosa","comman_name":"Red Ti Plant / Cordyline","Plant_id":"643","schema_name":"21-02-2026 Parcel 59,58 Morning?JI_20260521080954_0007_D","Geo-Cordinates":"19.132033° N, 72.915194° E","type":"Plant"},"geometry":{"type":"Point","coordinates":[72.91519444620121,19.13203273422826]}},{"type":"Feature","properties":{"Parcel":"Parcel 59","Frame_No":"40_4","Zone_name":"Academic","ZoneNumber":"Z02","latitude":"19.132027° N","longitude":"72.915197° E","Count":"644","botanical_name":"Cordyline fruticosa","comman_name":"Red Ti Plant / Cordyline","Plant_id":"644","schema_name":"21-02-2026 Parcel 59,58 Morning?JI_20260521080954_0007_D","Geo-Cordinates":"19.132027° N, 72.915197° E","type":"Plant"},"geometry":{"type":"Point","coordinates":[72.91519678673534,19.132026837543748]}},{"type":"Feature","properties":{"Parcel":"Parcel 59","Frame_No":"40_5","Zone_name":"Academic","ZoneNumber":"Z02","latitude":"19.132022° N","longitude":"72.915199° E","Count":"645","botanical_name":"Cordyline fruticosa","comman_name":"Red Ti Plant / Cordyline","Plant_id":"645","schema_name":"21-02-2026 Parcel 59,58 Morning?JI_20260521080954_0007_D","Geo-Cordinates":"19.132022° N, 72.915199° E","type":"Plant"},"geometry":{"type":"Point","coordinates":[72.91519873718043,19.132022415030228]}},{"type":"Feature","properties":{"Parcel":"Parcel 59","Frame_No":"40_6","Zone_name":"Academic","ZoneNumber":"Z02","latitude":"19.132017° N","longitude":"72.915201° E","Count":"646","botanical_name":"Cordyline fruticosa","comman_name":"Red Ti Plant / Cordyline","Plant_id":"646","schema_name":"21-02-2026 Parcel 59,58 Morning?JI_20260521080954_0007_D","Geo-Cordinates":"19.132017° N, 72.915201° E","type":"Plant"},"geometry":{"type":"Point","coordinates":[72.91520107771456,19.13201651834535]}},{"type":"Feature","properties":{"Parcel":"Parcel 59","Frame_No":"40_7","Zone_name":"Academic","ZoneNumber":"Z02","latitude":"19.132011° N","longitude":"72.915204° E","Count":"647","botanical_name":"Cordyline fruticosa","comman_name":"Red Ti Plant / Cordyline","Plant_id":"647","schema_name":"21-02-2026 Parcel 59,58 Morning?JI_20260521080954_0007_D","Geo-Cordinates":"19.132011° N, 72.915204° E","type":"Plant"},"geometry":{"type":"Point","coordinates":[72.91520419842671,19.1320111744745]}},{"type":"Feature","properties":{"Parcel":"Parcel 59","Frame_No":"40_8","Zone_name":"Academic","ZoneNumber":"Z02","latitude":"19.132006° N","longitude":"72.915207° E","Count":"648","botanical_name":"Cordyline fruticosa","comman_name":"Red Ti Plant / Cordyline","Plant_id":"648","schema_name":"21-02-2026 Parcel 59,58 Morning?JI_20260521080954_0007_D","Geo-Cordinates":"19.132006° N, 72.915207° E","type":"Plant"},"geometry":{"type":"Point","coordinates":[72.91520692904986,19.132006383417725]}},{"type":"Feature","properties":{"Parcel":"Parcel 59","Frame_No":"40_9","Zone_name":"Academic","ZoneNumber":"Z02","latitude":"19.132001° N","longitude":"72.915211° E","Count":"649","botanical_name":"Cordyline fruticosa","comman_name":"Red Ti Plant / Cordyline","Plant_id":"649","schema_name":"21-02-2026 Parcel 59,58 Morning?JI_20260521080954_0007_D","Geo-Cordinates":"19.132001° N, 72.915211° E","type":"Plant"},"geometry":{"type":"Point","coordinates":[72.91521063489557,19.13200103954654]}},{"type":"Feature","properties":{"Parcel":"Parcel 59","Frame_No":"40_10","Zone_name":"Academic","ZoneNumber":"Z02","latitude":"19.131997° N","longitude":"72.915213° E","Count":"650","botanical_name":"Cordyline fruticosa","comman_name":"Red Ti Plant / Cordyline","Plant_id":"650","schema_name":"21-02-2026 Parcel 59,58 Morning?JI_20260521080954_0007_D","Geo-Cordinates":"19.131997° N, 72.915213° E","type":"Plant"},"geometry":{"type":"Point","coordinates":[72.91521336551871,19.13199698557519]}},{"type":"Feature","properties":{"Parcel":"Parcel 59","Frame_No":"40_11","Zone_name":"Academic","ZoneNumber":"Z02","latitude":"19.131994° N","longitude":"72.915216° E","Count":"651","botanical_name":"Cordyline fruticosa","comman_name":"Red Ti Plant / Cordyline","Plant_id":"651","schema_name":"21-02-2026 Parcel 59,58 Morning?JI_20260521080954_0007_D","Geo-Cordinates":"19.131994° N, 72.915216° E","type":"Plant"},"geometry":{"type":"Point","coordinates":[72.91521551100831,19.131993668689457]}},{"type":"Feature","properties":{"Parcel":"Parcel 59","Frame_No":"40_12","Zone_name":"Academic","ZoneNumber":"Z02","latitude":"19.13199° N","longitude":"72.915217° E","Count":"652","botanical_name":"Cordyline fruticosa","comman_name":"Red Ti Plant / Cordyline","Plant_id":"652","schema_name":"21-02-2026 Parcel 59,58 Morning?JI_20260521080954_0007_D","Geo-Cordinates":"19.13199° N, 72.915217° E","type":"Plant"},"geometry":{"type":"Point","coordinates":[72.91521687631989,19.13198998326079]}},{"type":"Feature","properties":{"Parcel":"Parcel 59","Frame_No":"41","Zone_name":"Academic","ZoneNumber":"Z02","latitude":"19.131986° N","longitude":"72.915219° E","Count":"653","botanical_name":"Schefflera arboricola","comman_name":"Dwarf Umbrella Tree","Plant_id":"653","schema_name":"21-02-2026 Parcel 59,58 Morning?JI_20260521080954_0007_D","Geo-Cordinates":"19.131986° N, 72.915219° E","type":"Plant"},"geometry":{"type":"Point","coordinates":[72.91521941189852,19.131985745017726]}},{"type":"Feature","properties":{"Parcel":"Parcel 59","Frame_No":"41_1","Zone_name":"Academic","ZoneNumber":"Z02","latitude":"19.131982° N","longitude":"72.915223° E","Count":"654","botanical_name":"Cordyline fruticosa / Dracaena sp.","comman_name":"Green Ti Plant","Plant_id":"654","schema_name":"21-02-2026 Parcel 59,58 Morning?JI_20260521080954_0007_D","Geo-Cordinates":"19.131982° N, 72.915223° E","type":"Plant"},"geometry":{"type":"Point","coordinates":[72.91522311774422,19.131982059588886]}},{"type":"Feature","properties":{"Parcel":"Parcel 59","Frame_No":"41_2","Zone_name":"Academic","ZoneNumber":"Z02","latitude":"19.131976° N","longitude":"72.915226° E","Count":"655","botanical_name":"Cordyline fruticosa / Dracaena sp.","comman_name":"Green Ti Plant","Plant_id":"655","schema_name":"21-02-2026 Parcel 59,58 Morning?JI_20260521080954_0007_D","Geo-Cordinates":"19.131976° N, 72.915226° E","type":"Plant"},"geometry":{"type":"Point","coordinates":[72.91522623845638,19.13197579435966]}},{"type":"Feature","properties":{"Parcel":"Parcel 59","Frame_No":"41_3","Zone_name":"Academic","ZoneNumber":"Z02","latitude":"19.131971° N","longitude":"72.915228° E","Count":"656","botanical_name":"Cordyline fruticosa / Dracaena sp.","comman_name":"Green Ti Plant","Plant_id":"656","schema_name":"21-02-2026 Parcel 59,58 Morning?JI_20260521080954_0007_D","Geo-Cordinates":"19.131971° N, 72.915228° E","type":"Plant"},"geometry":{"type":"Point","coordinates":[72.91522779881247,19.131971187573313]}},{"type":"Feature","properties":{"Parcel":"Parcel 59","Frame_No":"43_1","Zone_name":"Academic","ZoneNumber":"Z02","latitude":"19.13197° N","longitude":"72.915233° E","Count":"657","botanical_name":"Cordyline fruticosa","comman_name":"Black Magic Ti Plant / Dark Red Cordyline","Plant_id":"657","schema_name":"21-02-2026 Parcel 59,58 Morning?JI_20260521080954_0007_D","Geo-Cordinates":"19.13197° N, 72.915233° E","type":"Plant"},"geometry":{"type":"Point","coordinates":[72.91523267492522,19.131969529130206]}},{"type":"Feature","properties":{"Parcel":"Parcel 59","Frame_No":"43_2","Zone_name":"Academic","ZoneNumber":"Z02","latitude":"19.131965° N","longitude":"72.915235° E","Count":"658","botanical_name":"Cordyline fruticosa","comman_name":"Black Magic Ti Plant / Dark Red Cordyline","Plant_id":"658","schema_name":"21-02-2026 Parcel 59,58 Morning?JI_20260521080954_0007_D","Geo-Cordinates":"19.131965° N, 72.915235° E","type":"Plant"},"geometry":{"type":"Point","coordinates":[72.91523501545934,19.13196510661515]}},{"type":"Feature","properties":{"Parcel":"Parcel 59","Frame_No":"43_3","Zone_name":"Academic","ZoneNumber":"Z02","latitude":"19.131962° N","longitude":"72.915235° E","Count":"659","botanical_name":"Cordyline fruticosa","comman_name":"Black Magic Ti Plant / Dark Red Cordyline","Plant_id":"659","schema_name":"21-02-2026 Parcel 59,58 Morning?JI_20260521080954_0007_D","Geo-Cordinates":"19.131962° N, 72.915235° E","type":"Plant"},"geometry":{"type":"Point","coordinates":[72.91523482041484,19.131961974000248]}},{"type":"Feature","properties":{"Parcel":"Parcel 59","Frame_No":"43_4","Zone_name":"Academic","ZoneNumber":"Z02","latitude":"19.13196° N","longitude":"72.915239° E","Count":"660","botanical_name":"Cordyline fruticosa","comman_name":"Black Magic Ti Plant / Dark Red Cordyline","Plant_id":"660","schema_name":"21-02-2026 Parcel 59,58 Morning?JI_20260521080954_0007_D","Geo-Cordinates":"19.13196° N, 72.915239° E","type":"Plant"},"geometry":{"type":"Point","coordinates":[72.91523891634955,19.13196049982851]}},{"type":"Feature","properties":{"Parcel":"Parcel 59","Frame_No":"44_1","Zone_name":"Academic","ZoneNumber":"Z02","latitude":"19.131957° N","longitude":"72.91524° E","Count":"661","botanical_name":"Cordyline fruticosa / Dracaena sp.","comman_name":"Variegated Ti Plant","Plant_id":"661","schema_name":"21-02-2026 Parcel 59,58 Morning?JI_20260521080954_0007_D","Geo-Cordinates":"19.131957° N, 72.91524° E","type":"Plant"},"geometry":{"type":"Point","coordinates":[72.9152396965276,19.131957459349255]}},{"type":"Feature","properties":{"Parcel":"Parcel 59","Frame_No":"44_2","Zone_name":"Academic","ZoneNumber":"Z02","latitude":"19.131956° N","longitude":"72.915242° E","Count":"662","botanical_name":"Cordyline fruticosa / Dracaena sp.","comman_name":"Variegated Ti Plant","Plant_id":"662","schema_name":"21-02-2026 Parcel 59,58 Morning?JI_20260521080954_0007_D","Geo-Cordinates":"19.131956° N, 72.915242° E","type":"Plant"},"geometry":{"type":"Point","coordinates":[72.91524223210624,19.131956077313212]}},{"type":"Feature","properties":{"Parcel":"Parcel 59","Frame_No":"44_3","Zone_name":"Academic","ZoneNumber":"Z02","latitude":"19.131953° N","longitude":"72.91524° E","Count":"663","botanical_name":"Cordyline fruticosa / Dracaena sp.","comman_name":"Variegated Ti Plant","Plant_id":"663","schema_name":"21-02-2026 Parcel 59,58 Morning?JI_20260521080954_0007_D","Geo-Cordinates":"19.131953° N, 72.91524° E","type":"Plant"},"geometry":{"type":"Point","coordinates":[72.91524047670566,19.131952944698135]}},{"type":"Feature","properties":{"Parcel":"Parcel 59","Frame_No":"44_4","Zone_name":"Academic","ZoneNumber":"Z02","latitude":"19.131952° N","longitude":"72.915243° E","Count":"664","botanical_name":"Cordyline fruticosa / Dracaena sp.","comman_name":"Variegated Ti Plant","Plant_id":"664","schema_name":"21-02-2026 Parcel 59,58 Morning?JI_20260521080954_0007_D","Geo-Cordinates":"19.131952° N, 72.915243° E","type":"Plant"},"geometry":{"type":"Point","coordinates":[72.9152432073288,19.131952299747965]}},{"type":"Feature","properties":{"Parcel":"Parcel 59","Frame_No":"45","Zone_name":"Academic","ZoneNumber":"Z02","latitude":"19.13195° N","longitude":"72.915246° E","Count":"665","botanical_name":"Cordyline fruticosa","comman_name":"Red Ti Plant / Cordyline","Plant_id":"665","schema_name":"21-02-2026 Parcel 59,58 Morning?JI_20260521080954_0007_D","Geo-Cordinates":"19.13195° N, 72.915246° E","type":"Plant"},"geometry":{"type":"Point","coordinates":[72.91524623051869,19.13194953567578]}},{"type":"Feature","properties":{"Parcel":"Parcel 59","Frame_No":"46","Zone_name":"Academic","ZoneNumber":"Z02","latitude":"19.131944° N","longitude":"72.915248° E","Count":"666","botanical_name":"Schefflera arboricola","comman_name":"Dwarf Umbrella Tree","Plant_id":"666","schema_name":"21-02-2026 Parcel 59,58 Morning?JI_20260521080954_0007_D","Geo-Cordinates":"19.131944° N, 72.915248° E","type":"Plant"},"geometry":{"type":"Point","coordinates":[72.9152481809638,19.13194437607425]}},{"type":"Feature","properties":{"Parcel":"Parcel 59","Frame_No":"47_1","Zone_name":"Academic","ZoneNumber":"Z02","latitude":"19.131942° N","longitude":"72.915248° E","Count":"667","botanical_name":"Cordyline fruticosa / Dracaena sp.","comman_name":"Variegated Ti Plant","Plant_id":"667","schema_name":"21-02-2026 Parcel 59,58 Morning?JI_20260521080954_0007_D","Geo-Cordinates":"19.131942° N, 72.915248° E","type":"Plant"},"geometry":{"type":"Point","coordinates":[72.91524847353055,19.131942072680648]}},{"type":"Feature","properties":{"Parcel":"Parcel 59","Frame_No":"47_2","Zone_name":"Academic","ZoneNumber":"Z02","latitude":"19.131941° N","longitude":"72.915251° E","Count":"668","botanical_name":"Cordyline fruticosa / Dracaena sp.","comman_name":"Variegated Ti Plant","Plant_id":"668","schema_name":"21-02-2026 Parcel 59,58 Morning?JI_20260521080954_0007_D","Geo-Cordinates":"19.131941° N, 72.915251° E","type":"Plant"},"geometry":{"type":"Point","coordinates":[72.91525139919821,19.131940782780223]}},{"type":"Feature","properties":{"Parcel":"Parcel 59","Frame_No":"47_3","Zone_name":"Academic","ZoneNumber":"Z02","latitude":"19.131939° N","longitude":"72.915253° E","Count":"669","botanical_name":"Cordyline fruticosa / Dracaena sp.","comman_name":"Variegated Ti Plant","Plant_id":"669","schema_name":"21-02-2026 Parcel 59,58 Morning?JI_20260521080954_0007_D","Geo-Cordinates":"19.131939° N, 72.915253° E","type":"Plant"},"geometry":{"type":"Point","coordinates":[72.91525286203205,19.131939124336803]}},{"type":"Feature","properties":{"Parcel":"Parcel 59","Frame_No":"47_4","Zone_name":"Academic","ZoneNumber":"Z02","latitude":"19.131938° N","longitude":"72.915252° E","Count":"670","botanical_name":"Cordyline fruticosa / Dracaena sp.","comman_name":"Variegated Ti Plant","Plant_id":"670","schema_name":"21-02-2026 Parcel 59,58 Morning?JI_20260521080954_0007_D","Geo-Cordinates":"19.131938° N, 72.915252° E","type":"Plant"},"geometry":{"type":"Point","coordinates":[72.91525227689851,19.131937650164858]}},{"type":"Feature","properties":{"Parcel":"Parcel 59","Frame_No":"47_5","Zone_name":"Academic","ZoneNumber":"Z02","latitude":"19.131936° N","longitude":"72.915251° E","Count":"671","botanical_name":"Cordyline fruticosa / Dracaena sp.","comman_name":"Variegated Ti Plant","Plant_id":"671","schema_name":"21-02-2026 Parcel 59,58 Morning?JI_20260521080954_0007_D","Geo-Cordinates":"19.131936° N, 72.915251° E","type":"Plant"},"geometry":{"type":"Point","coordinates":[72.91525139919821,19.1319361759929]}},{"type":"Feature","properties":{"Parcel":"Parcel 59","Frame_No":"47_6","Zone_name":"Academic","ZoneNumber":"Z02","latitude":"19.131933° N","longitude":"72.915252° E","Count":"672","botanical_name":"Cordyline fruticosa / Dracaena sp.","comman_name":"Variegated Ti Plant","Plant_id":"672","schema_name":"21-02-2026 Parcel 59,58 Morning?JI_20260521080954_0007_D","Geo-Cordinates":"19.131933° N, 72.915252° E","type":"Plant"},"geometry":{"type":"Point","coordinates":[72.91525237442077,19.13193322764895]}},{"type":"Feature","properties":{"Parcel":"Parcel 59","Frame_No":"47_7","Zone_name":"Academic","ZoneNumber":"Z02","latitude":"19.131932° N","longitude":"72.915256° E","Count":"673","botanical_name":"Cordyline fruticosa / Dracaena sp.","comman_name":"Variegated Ti Plant","Plant_id":"673","schema_name":"21-02-2026 Parcel 59,58 Morning?JI_20260521080954_0007_D","Geo-Cordinates":"19.131932° N, 72.915256° E","type":"Plant"},"geometry":{"type":"Point","coordinates":[72.9152559827442,19.131932398427203]}},{"type":"Feature","properties":{"Parcel":"Parcel 59","Frame_No":"47_8","Zone_name":"Academic","ZoneNumber":"Z02","latitude":"19.131928° N","longitude":"72.915255° E","Count":"674","botanical_name":"Cordyline fruticosa / Dracaena sp.","comman_name":"Variegated Ti Plant","Plant_id":"674","schema_name":"21-02-2026 Parcel 59,58 Morning?JI_20260521080954_0007_D","Geo-Cordinates":"19.131928° N, 72.915255° E","type":"Plant"},"geometry":{"type":"Point","coordinates":[72.9152547149549,19.131928436589916]}},{"type":"Feature","properties":{"Parcel":"Parcel 59","Frame_No":"47_9","Zone_name":"Academic","ZoneNumber":"Z02","latitude":"19.131929° N","longitude":"72.915259° E","Count":"675","botanical_name":"Cordyline fruticosa / Dracaena sp.","comman_name":"Variegated Ti Plant","Plant_id":"675","schema_name":"21-02-2026 Parcel 59,58 Morning?JI_20260521080954_0007_D","Geo-Cordinates":"19.131929° N, 72.915259° E","type":"Plant"},"geometry":{"type":"Point","coordinates":[72.91525851832284,19.13192908154018]}},{"type":"Feature","properties":{"Parcel":"Parcel 59","Frame_No":"47_10","Zone_name":"Academic","ZoneNumber":"Z02","latitude":"19.131925° N","longitude":"72.915259° E","Count":"676","botanical_name":"Cordyline fruticosa / Dracaena sp.","comman_name":"Variegated Ti Plant","Plant_id":"676","schema_name":"21-02-2026 Parcel 59,58 Morning?JI_20260521080954_0007_D","Geo-Cordinates":"19.131925° N, 72.915259° E","type":"Plant"},"geometry":{"type":"Point","coordinates":[72.91525949354539,19.13192521183856]}},{"type":"Feature","properties":{"Parcel":"Parcel 59","Frame_No":"47_11","Zone_name":"Academic","ZoneNumber":"Z02","latitude":"19.131923° N","longitude":"72.915259° E","Count":"677","botanical_name":"Cordyline fruticosa / Dracaena sp.","comman_name":"Variegated Ti Plant","Plant_id":"677","schema_name":"21-02-2026 Parcel 59,58 Morning?JI_20260521080954_0007_D","Geo-Cordinates":"19.131923° N, 72.915259° E","type":"Plant"},"geometry":{"type":"Point","coordinates":[72.91525881088961,19.13192327698772]}},{"type":"Feature","properties":{"Parcel":"Parcel 59","Frame_No":"47_12","Zone_name":"Academic","ZoneNumber":"Z02","latitude":"19.131923° N","longitude":"72.915262° E","Count":"678","botanical_name":"Cordyline fruticosa / Dracaena sp.","comman_name":"Variegated Ti Plant","Plant_id":"678","schema_name":"21-02-2026 Parcel 59,58 Morning?JI_20260521080954_0007_D","Geo-Cordinates":"19.131923° N, 72.915262° E","type":"Plant"},"geometry":{"type":"Point","coordinates":[72.91526241921306,19.13192327698772]}},{"type":"Feature","properties":{"Parcel":"Parcel 59","Frame_No":"48_1","Zone_name":"Academic","ZoneNumber":"Z02","latitude":"19.13192° N","longitude":"72.915261° E","Count":"679","botanical_name":"Cordyline fruticosa","comman_name":"Black Magic Ti Plant / Red Cordyline","Plant_id":"679","schema_name":"21-02-2026 Parcel 59,58 Morning?JI_20260521080954_0007_D","Geo-Cordinates":"19.13192° N, 72.915261° E","type":"Plant"},"geometry":{"type":"Point","coordinates":[72.91526076133474,19.131920144372028]}},{"type":"Feature","properties":{"Parcel":"Parcel 59","Frame_No":"48_2","Zone_name":"Academic","ZoneNumber":"Z02","latitude":"19.13192° N","longitude":"72.915264° E","Count":"680","botanical_name":"Cordyline fruticosa","comman_name":"Black Magic Ti Plant / Red Cordyline","Plant_id":"680","schema_name":"21-02-2026 Parcel 59,58 Morning?JI_20260521080954_0007_D","Geo-Cordinates":"19.13192° N, 72.915264° E","type":"Plant"},"geometry":{"type":"Point","coordinates":[72.91526358948015,19.131919775829]}},{"type":"Feature","properties":{"Parcel":"Parcel 59","Frame_No":"49_1","Zone_name":"Academic","ZoneNumber":"Z02","latitude":"19.131918° N","longitude":"72.915261° E","Count":"681","botanical_name":"Cordyline fruticosa","comman_name":"Ti Plant (Variegated Red/Green)","Plant_id":"681","schema_name":"21-02-2026 Parcel 59,58 Morning?JI_20260521080954_0007_D","Geo-Cordinates":"19.131918° N, 72.915261° E","type":"Plant"},"geometry":{"type":"Point","coordinates":[72.91526139522941,19.131917702774455]}},{"type":"Feature","properties":{"Parcel":"Parcel 59","Frame_No":"49_2","Zone_name":"Academic","ZoneNumber":"Z02","latitude":"19.131917° N","longitude":"72.915263° E","Count":"682","botanical_name":"Cordyline fruticosa","comman_name":"Ti Plant (Variegated Red/Green)","Plant_id":"682","schema_name":"21-02-2026 Parcel 59,58 Morning?JI_20260521080954_0007_D","Geo-Cordinates":"19.131917° N, 72.915263° E","type":"Plant"},"geometry":{"type":"Point","coordinates":[72.91526324815226,19.131917149959907]}},{"type":"Feature","properties":{"Parcel":"Parcel 59","Frame_No":"49_3","Zone_name":"Academic","ZoneNumber":"Z02","latitude":"19.131917° N","longitude":"72.915265° E","Count":"683","botanical_name":"Cordyline fruticosa","comman_name":"Ti Plant (Variegated Red/Green)","Plant_id":"683","schema_name":"21-02-2026 Parcel 59,58 Morning?JI_20260521080954_0007_D","Geo-Cordinates":"19.131917° N, 72.915265° E","type":"Plant"},"geometry":{"type":"Point","coordinates":[72.91526480850834,19.131916551077477]}},{"type":"Feature","properties":{"Parcel":"Parcel 59","Frame_No":"49_4","Zone_name":"Academic","ZoneNumber":"Z02","latitude":"19.131915° N","longitude":"72.915266° E","Count":"684","botanical_name":"Cordyline fruticosa","comman_name":"Ti Plant (Variegated Red/Green)","Plant_id":"684","schema_name":"21-02-2026 Parcel 59,58 Morning?JI_20260521080954_0007_D","Geo-Cordinates":"19.131915° N, 72.915266° E","type":"Plant"},"geometry":{"type":"Point","coordinates":[72.91526568620864,19.13191516904109]}},{"type":"Feature","properties":{"Parcel":"Parcel 59","Frame_No":"49_5","Zone_name":"Academic","ZoneNumber":"Z02","latitude":"19.131913° N","longitude":"72.915264° E","Count":"685","botanical_name":"Cordyline fruticosa","comman_name":"Ti Plant (Variegated Red/Green)","Plant_id":"685","schema_name":"21-02-2026 Parcel 59,58 Morning?JI_20260521080954_0007_D","Geo-Cordinates":"19.131913° N, 72.915264° E","type":"Plant"},"geometry":{"type":"Point","coordinates":[72.91526363824127,19.131913234190137]}},{"type":"Feature","properties":{"Parcel":"Parcel 59","Frame_No":"49_6","Zone_name":"Academic","ZoneNumber":"Z02","latitude":"19.131912° N","longitude":"72.915264° E","Count":"686","botanical_name":"Cordyline fruticosa","comman_name":"Ti Plant (Variegated Red/Green)","Plant_id":"686","schema_name":"21-02-2026 Parcel 59,58 Morning?JI_20260521080954_0007_D","Geo-Cordinates":"19.131912° N, 72.915264° E","type":"Plant"},"geometry":{"type":"Point","coordinates":[72.91526363824127,19.131911529678554]}},{"type":"Feature","properties":{"Parcel":"Parcel 59","Frame_No":"50_1","Zone_name":"Academic","ZoneNumber":"Z02","latitude":"19.131911° N","longitude":"72.915266° E","Count":"687","botanical_name":"Cordyline fruticosa","comman_name":"Black Magic Ti Plant / Red Cordyline","Plant_id":"687","schema_name":"21-02-2026 Parcel 59,58 Morning?JI_20260521080954_0007_D","Geo-Cordinates":"19.131911° N, 72.915266° E","type":"Plant"},"geometry":{"type":"Point","coordinates":[72.91526558868637,19.13191134540703]}},{"type":"Feature","properties":{"Parcel":"Parcel 59","Frame_No":"50_2","Zone_name":"Academic","ZoneNumber":"Z02","latitude":"19.131911° N","longitude":"72.915266° E","Count":"688","botanical_name":"Cordyline fruticosa","comman_name":"Black Magic Ti Plant / Red Cordyline","Plant_id":"688","schema_name":"21-02-2026 Parcel 59,58 Morning?JI_20260521080954_0007_D","Geo-Cordinates":"19.131911° N, 72.915266° E","type":"Plant"},"geometry":{"type":"Point","coordinates":[72.9152663688644,19.13191134540703]}},{"type":"Feature","properties":{"Parcel":"Parcel 59","Frame_No":"50_3","Zone_name":"Academic","ZoneNumber":"Z02","latitude":"19.131911° N","longitude":"72.915267° E","Count":"689","botanical_name":"Cordyline fruticosa","comman_name":"Black Magic Ti Plant / Red Cordyline","Plant_id":"689","schema_name":"21-02-2026 Parcel 59,58 Morning?JI_20260521080954_0007_D","Geo-Cordinates":"19.131911° N, 72.915267° E","type":"Plant"},"geometry":{"type":"Point","coordinates":[72.9152674416092,19.13191120720339]}},{"type":"Feature","properties":{"Parcel":"Parcel 59","Frame_No":"50_4","Zone_name":"Academic","ZoneNumber":"Z02","latitude":"19.131911° N","longitude":"72.915268° E","Count":"690","botanical_name":"Cordyline fruticosa","comman_name":"Black Magic Ti Plant / Red Cordyline","Plant_id":"690","schema_name":"21-02-2026 Parcel 59,58 Morning?JI_20260521080954_0007_D","Geo-Cordinates":"19.131911° N, 72.915268° E","type":"Plant"},"geometry":{"type":"Point","coordinates":[72.91526802674274,19.13191060832094]}},{"type":"Feature","properties":{"Parcel":"Parcel 59","Frame_No":"51_4","Zone_name":"Academic","ZoneNumber":"Z02","latitude":"19.131909° N","longitude":"72.915267° E","Count":"691","botanical_name":"Cordyline fruticosa","comman_name":"Black Magic Ti Plant / Red Cordyline","Plant_id":"691","schema_name":"21-02-2026 Parcel 59,58 Morning?JI_20260521080954_0007_D","Geo-Cordinates":"19.131909° N, 72.915267° E","type":"Plant"},"geometry":{"type":"Point","coordinates":[72.9152669052368,19.131908949877214]}},{"type":"Feature","properties":{"Parcel":"Parcel 59","Frame_No":"51_1","Zone_name":"Academic","ZoneNumber":"Z02","latitude":"19.13191° N","longitude":"72.915269° E","Count":"692","botanical_name":"Cordyline fruticosa / Dracaena sp.","comman_name":"Variegated Ti Plant","Plant_id":"692","schema_name":"21-02-2026 Parcel 59,58 Morning?JI_20260521080954_0007_D","Geo-Cordinates":"19.13191° N, 72.915269° E","type":"Plant"},"geometry":{"type":"Point","coordinates":[72.91526924577094,19.131910055506367]}},{"type":"Feature","properties":{"Parcel":"Parcel 59","Frame_No":"51_2","Zone_name":"Academic","ZoneNumber":"Z02","latitude":"19.131909° N","longitude":"72.915269° E","Count":"693","botanical_name":"Cordyline fruticosa / Dracaena sp.","comman_name":"Variegated Ti Plant","Plant_id":"693","schema_name":"21-02-2026 Parcel 59,58 Morning?JI_20260521080954_0007_D","Geo-Cordinates":"19.131909° N, 72.915269° E","type":"Plant"},"geometry":{"type":"Point","coordinates":[72.9152690019653,19.131909226284503]}},{"type":"Feature","properties":{"Parcel":"Parcel 59","Frame_No":"51_3","Zone_name":"Academic","ZoneNumber":"Z02","latitude":"19.131909° N","longitude":"72.915268° E","Count":"694","botanical_name":"Cordyline fruticosa / Dracaena sp.","comman_name":"Variegated Ti Plant","Plant_id":"694","schema_name":"21-02-2026 Parcel 59,58 Morning?JI_20260521080954_0007_D","Geo-Cordinates":"19.131909° N, 72.915268° E","type":"Plant"},"geometry":{"type":"Point","coordinates":[72.91526827054838,19.13190858133416]}},{"type":"Feature","properties":{"Parcel":"Parcel 59","Frame_No":"52_1","Zone_name":"Academic","ZoneNumber":"Z02","latitude":"19.131905° N","longitude":"72.915267° E","Count":"695","botanical_name":"Cordyline fruticosa / Dracaena sp.","comman_name":"Green Ti Plant","Plant_id":"695","schema_name":"21-02-2026 Parcel 59,58 Morning?JI_20260521080954_0007_D","Geo-Cordinates":"19.131905° N, 72.915267° E","type":"Plant"},"geometry":{"type":"Point","coordinates":[72.91526675895341,19.131905448718182]}},{"type":"Feature","properties":{"Parcel":"Parcel 59","Frame_No":"52_2","Zone_name":"Academic","ZoneNumber":"Z02","latitude":"19.131905° N","longitude":"72.915269° E","Count":"696","botanical_name":"Cordyline fruticosa / Dracaena sp.","comman_name":"Green Ti Plant","Plant_id":"696","schema_name":"21-02-2026 Parcel 59,58 Morning?JI_20260521080954_0007_D","Geo-Cordinates":"19.131905° N, 72.915269° E","type":"Plant"},"geometry":{"type":"Point","coordinates":[72.91526880692076,19.131905172310884]}},{"type":"Feature","properties":{"Parcel":"Parcel 59","Frame_No":"52_3","Zone_name":"Academic","ZoneNumber":"Z02","latitude":"19.131905° N","longitude":"72.91527° E","Count":"697","botanical_name":"Cordyline fruticosa / Dracaena sp.","comman_name":"Green Ti Plant","Plant_id":"697","schema_name":"21-02-2026 Parcel 59,58 Morning?JI_20260521080954_0007_D","Geo-Cordinates":"19.131905° N, 72.91527° E","type":"Plant"},"geometry":{"type":"Point","coordinates":[72.91527046479912,19.131905448718186]}},{"type":"Feature","properties":{"Parcel":"Parcel 59","Frame_No":"52_4","Zone_name":"Academic","ZoneNumber":"Z02","latitude":"19.131905° N","longitude":"72.915272° E","Count":"698","botanical_name":"Cordyline fruticosa / Dracaena sp.","comman_name":"Green Ti Plant","Plant_id":"698","schema_name":"21-02-2026 Parcel 59,58 Morning?JI_20260521080954_0007_D","Geo-Cordinates":"19.131905° N, 72.915272° E","type":"Plant"},"geometry":{"type":"Point","coordinates":[72.91527163506618,19.131905172310887]}},{"type":"Feature","properties":{"Parcel":"Parcel 59","Frame_No":"52_5","Zone_name":"Academic","ZoneNumber":"Z02","latitude":"19.131905° N","longitude":"72.915273° E","Count":"699","botanical_name":"Cordyline fruticosa / Dracaena sp.","comman_name":"Green Ti Plant","Plant_id":"699","schema_name":"21-02-2026 Parcel 59,58 Morning?JI_20260521080954_0007_D","Geo-Cordinates":"19.131905° N, 72.915273° E","type":"Plant"},"geometry":{"type":"Point","coordinates":[72.9152725615276,19.13190475769995]}},{"type":"Feature","properties":{"Parcel":"Parcel 59","Frame_No":"52_6","Zone_name":"Academic","ZoneNumber":"Z02","latitude":"19.131904° N","longitude":"72.915273° E","Count":"700","botanical_name":"Cordyline fruticosa / Dracaena sp.","comman_name":"Green Ti Plant","Plant_id":"700","schema_name":"21-02-2026 Parcel 59,58 Morning?JI_20260521080954_0007_D","Geo-Cordinates":"19.131904° N, 72.915273° E","type":"Plant"},"geometry":{"type":"Point","coordinates":[72.91527295161661,19.131903606002883]}},{"type":"Feature","properties":{"Parcel":"Parcel 59","Frame_No":"52_7","Zone_name":"Academic","ZoneNumber":"Z02","latitude":"19.131902° N","longitude":"72.915273° E","Count":"701","botanical_name":"Cordyline fruticosa / Dracaena sp.","comman_name":"Green Ti Plant","Plant_id":"701","schema_name":"21-02-2026 Parcel 59,58 Morning?JI_20260521080954_0007_D","Geo-Cordinates":"19.131902° N, 72.915273° E","type":"Plant"},"geometry":{"type":"Point","coordinates":[72.91527348798903,19.1319024543058]}},{"type":"Feature","properties":{"Parcel":"Parcel 59","Frame_No":"53_1","Zone_name":"Academic","ZoneNumber":"Z02","latitude":"19.131901° N","longitude":"72.915273° E","Count":"702","botanical_name":"Cordyline fruticosa / Dracaena sp.","comman_name":"Green Ti Plant","Plant_id":"702","schema_name":"21-02-2026 Parcel 59,58 Morning?JI_20260521080954_0007_D","Geo-Cordinates":"19.131901° N, 72.915273° E","type":"Plant"},"geometry":{"type":"Point","coordinates":[72.91527329294449,19.131900749794113]}},{"type":"Feature","properties":{"Parcel":"Parcel 59","Frame_No":"53_2","Zone_name":"Academic","ZoneNumber":"Z02","latitude":"19.131899° N","longitude":"72.915271° E","Count":"703","botanical_name":"Cordyline fruticosa / Dracaena sp.","comman_name":"Green Ti Plant","Plant_id":"703","schema_name":"21-02-2026 Parcel 59,58 Morning?JI_20260521080954_0007_D","Geo-Cordinates":"19.131899° N, 72.915271° E","type":"Plant"},"geometry":{"type":"Point","coordinates":[72.91527148878278,19.13189867673933]}},{"type":"Feature","properties":{"Parcel":"Parcel 59","Frame_No":"53_3","Zone_name":"Academic","ZoneNumber":"Z02","latitude":"19.131896° N","longitude":"72.915272° E","Count":"704","botanical_name":"Cordyline fruticosa / Dracaena sp.","comman_name":"Green Ti Plant","Plant_id":"704","schema_name":"21-02-2026 Parcel 59,58 Morning?JI_20260521080954_0007_D","Geo-Cordinates":"19.131896° N, 72.915272° E","type":"Plant"},"geometry":{"type":"Point","coordinates":[72.91527192763293,19.131896281209332]}},{"type":"Feature","properties":{"Parcel":"Parcel 59","Frame_No":"53_4","Zone_name":"Academic","ZoneNumber":"Z02","latitude":"19.131897° N","longitude":"72.915275° E","Count":"705","botanical_name":"Cordyline fruticosa / Dracaena sp.","comman_name":"Green Ti Plant","Plant_id":"705","schema_name":"21-02-2026 Parcel 59,58 Morning?JI_20260521080954_0007_D","Geo-Cordinates":"19.131897° N, 72.915275° E","type":"Plant"},"geometry":{"type":"Point","coordinates":[72.91527495082285,19.131897386838567]}},{"type":"Feature","properties":{"Parcel":"Parcel 59","Frame_No":"53_5","Zone_name":"Academic","ZoneNumber":"Z02","latitude":"19.131895° N","longitude":"72.915277° E","Count":"706","botanical_name":"Cordyline fruticosa / Dracaena sp.","comman_name":"Green Ti Plant","Plant_id":"706","schema_name":"21-02-2026 Parcel 59,58 Morning?JI_20260521080954_0007_D","Geo-Cordinates":"19.131895° N, 72.915277° E","type":"Plant"},"geometry":{"type":"Point","coordinates":[72.91527651117893,19.131895498055282]}},{"type":"Feature","properties":{"Parcel":"Parcel 59","Frame_No":"54_1","Zone_name":"Academic","ZoneNumber":"Z02","latitude":"19.131894° N","longitude":"72.915276° E","Count":"707","botanical_name":"Cordyline fruticosa","comman_name":"Red Ti Plant / Cordyline","Plant_id":"707","schema_name":"21-02-2026 Parcel 59,58 Morning?JI_20260521080954_0007_D","Geo-Cordinates":"19.131894° N, 72.915276° E","type":"Plant"},"geometry":{"type":"Point","coordinates":[72.91527607232878,19.131894300290263]}},{"type":"Feature","properties":{"Parcel":"Parcel 59","Frame_No":"54_2","Zone_name":"Academic","ZoneNumber":"Z02","latitude":"19.131893° N","longitude":"72.915275° E","Count":"708","botanical_name":"Cordyline fruticosa","comman_name":"Red Ti Plant / Cordyline","Plant_id":"708","schema_name":"21-02-2026 Parcel 59,58 Morning?JI_20260521080954_0007_D","Geo-Cordinates":"19.131893° N, 72.915275° E","type":"Plant"},"geometry":{"type":"Point","coordinates":[72.91527504834511,19.131892826117923]}},{"type":"Feature","properties":{"Parcel":"Parcel 59","Frame_No":"54_3","Zone_name":"Academic","ZoneNumber":"Z02","latitude":"19.131891° N","longitude":"72.915275° E","Count":"709","botanical_name":"Cordyline fruticosa","comman_name":"Red Ti Plant / Cordyline","Plant_id":"709","schema_name":"21-02-2026 Parcel 59,58 Morning?JI_20260521080954_0007_D","Geo-Cordinates":"19.131891° N, 72.915275° E","type":"Plant"},"geometry":{"type":"Point","coordinates":[72.9152747070172,19.13189084519881]}},{"type":"Feature","properties":{"Parcel":"Parcel 59","Frame_No":"55_1","Zone_name":"Academic","ZoneNumber":"Z02","latitude":"19.131892° N","longitude":"72.915277° E","Count":"710","botanical_name":"Cordyline fruticosa / Dracaena sp.","comman_name":"Variegated Ti Plant","Plant_id":"710","schema_name":"21-02-2026 Parcel 59,58 Morning?JI_20260521080954_0007_D","Geo-Cordinates":"19.131892° N, 72.915277° E","type":"Plant"},"geometry":{"type":"Point","coordinates":[72.91527704755133,19.131891628352886]}},{"type":"Feature","properties":{"Parcel":"Parcel 59","Frame_No":"55_2","Zone_name":"Academic","ZoneNumber":"Z02","latitude":"19.131892° N","longitude":"72.915279° E","Count":"711","botanical_name":"Cordyline fruticosa / Dracaena sp.","comman_name":"Variegated Ti Plant","Plant_id":"711","schema_name":"21-02-2026 Parcel 59,58 Morning?JI_20260521080954_0007_D","Geo-Cordinates":"19.131892° N, 72.915279° E","type":"Plant"},"geometry":{"type":"Point","coordinates":[72.9152787541908,19.131891858692313]}},{"type":"Feature","properties":{"Parcel":"Parcel 59","Frame_No":"55_3","Zone_name":"Academic","ZoneNumber":"Z02","latitude":"19.131891° N","longitude":"72.91528° E","Count":"712","botanical_name":"Cordyline fruticosa / Dracaena sp.","comman_name":"Variegated Ti Plant","Plant_id":"712","schema_name":"21-02-2026 Parcel 59,58 Morning?JI_20260521080954_0007_D","Geo-Cordinates":"19.131891° N, 72.91528° E","type":"Plant"},"geometry":{"type":"Point","coordinates":[72.91527992445785,19.131891075538245]}},{"type":"Feature","properties":{"Parcel":"Parcel 59","Frame_No":"55_4","Zone_name":"Academic","ZoneNumber":"Z02","latitude":"19.131893° N","longitude":"72.91528° E","Count":"713","botanical_name":"Cordyline fruticosa / Dracaena sp.","comman_name":"Variegated Ti Plant","Plant_id":"713","schema_name":"21-02-2026 Parcel 59,58 Morning?JI_20260521080954_0007_D","Geo-Cordinates":"19.131893° N, 72.91528° E","type":"Plant"},"geometry":{"type":"Point","coordinates":[72.91527958312997,19.131893010389465]}},{"type":"Feature","properties":{"Parcel":"Parcel 59","Frame_No":"56","Zone_name":"Academic","ZoneNumber":"Z02","latitude":"19.131888° N","longitude":"72.915281° E","Count":"714","botanical_name":"Schefflera arboricola","comman_name":"Dwarf Umbrella Tree","Plant_id":"714","schema_name":"21-02-2026 Parcel 59,58 Morning?JI_20260521080954_0007_D","Geo-Cordinates":"19.131888° N, 72.915281° E","type":"Plant"},"geometry":{"type":"Point","coordinates":[72.91528080215815,19.1318884496687]}},{"type":"Feature","properties":{"Parcel":"Parcel 59","Frame_No":"56","Zone_name":"Academic","ZoneNumber":"Z02","latitude":"19.131886° N","longitude":"72.915279° E","Count":"715","botanical_name":"Schefflera arboricola","comman_name":"Dwarf Umbrella Tree","Plant_id":"715","schema_name":"21-02-2026 Parcel 59,58 Morning?JI_20260521080954_0007_D","Geo-Cordinates":"19.131886° N, 72.915279° E","type":"Plant"},"geometry":{"type":"Point","coordinates":[72.91527943684657,19.131886008070666]}},{"type":"Feature","properties":{"Parcel":"Parcel 59","Frame_No":"61_1","Zone_name":"Academic","ZoneNumber":"Z02","latitude":"19.131977° N","longitude":"72.915223° E","Count":"716","botanical_name":"Dypsis lutescens / Roystonea regia","comman_name":"Areca / Royal Palm","Plant_id":"716","schema_name":"21-02-2026 Parcel 59,58 Morning?JI_20260521080954_0007_D","Geo-Cordinates":"19.131977° N, 72.915223° E","type":"Plant"},"geometry":{"type":"Point","coordinates":[72.91522277641631,19.131976992124077]}},{"type":"Feature","properties":{"Parcel":"Parcel 59","Frame_No":"61_2","Zone_name":"Academic","ZoneNumber":"Z02","latitude":"19.132013° N","longitude":"72.9152° E","Count":"717","botanical_name":"Dypsis lutescens / Roystonea regia","comman_name":"Areca / Royal Palm","Plant_id":"717","schema_name":"21-02-2026 Parcel 59,58 Morning?JI_20260521080954_0007_D","Geo-Cordinates":"19.132013° N, 72.9152° E","type":"Plant"},"geometry":{"type":"Point","coordinates":[72.91519995620861,19.132013477867122]}},{"type":"Feature","properties":{"Parcel":"Parcel 59","Frame_No":"61_3","Zone_name":"Academic","ZoneNumber":"Z02","latitude":"19.132044° N","longitude":"72.915186° E","Count":"718","botanical_name":"Dypsis lutescens / Roystonea regia","comman_name":"Areca / Royal Palm","Plant_id":"718","schema_name":"21-02-2026 Parcel 59,58 Morning?JI_20260521080954_0007_D","Geo-Cordinates":"19.132044° N, 72.915186° E","type":"Plant"},"geometry":{"type":"Point","coordinates":[72.91518649813739,19.13204351410408]}},{"type":"Feature","properties":{"Parcel":"Parcel 59","Frame_No":"61_4","Zone_name":"Academic","ZoneNumber":"Z02","latitude":"19.132076° N","longitude":"72.915171° E","Count":"719","botanical_name":"Dypsis lutescens / Roystonea regia","comman_name":"Areca / Royal Palm","Plant_id":"719","schema_name":"21-02-2026 Parcel 59,58 Morning?JI_20260521080954_0007_D","Geo-Cordinates":"19.132076° N, 72.915171° E","type":"Plant"},"geometry":{"type":"Point","coordinates":[72.91517069953204,19.132076498677026]}},{"type":"Feature","properties":{"Parcel":"Parcel 59","Frame_No":"61_5","Zone_name":"Academic","ZoneNumber":"Z02","latitude":"19.132115° N","longitude":"72.915149° E","Count":"720","botanical_name":"Dypsis lutescens / Roystonea regia","comman_name":"Areca / Royal Palm","Plant_id":"720","schema_name":"21-02-2026 Parcel 59,58 Morning?JI_20260521080954_0007_D","Geo-Cordinates":"19.132115° N, 72.915149° E","type":"Plant"},"geometry":{"type":"Point","coordinates":[72.91514865950236,19.13211482711105]}},{"type":"Feature","properties":{"Parcel":"Parcel 59","Frame_No":"61_6","Zone_name":"Academic","ZoneNumber":"Z02","latitude":"19.13221° N","longitude":"72.915097° E","Count":"721","botanical_name":"Dypsis lutescens / Roystonea regia","comman_name":"Areca / Royal Palm","Plant_id":"721","schema_name":"21-02-2026 Parcel 59,58 Morning?JI_20260521080954_0007_D","Geo-Cordinates":"19.13221° N, 72.915097° E","type":"Plant"},"geometry":{"type":"Point","coordinates":[72.91509736279616,19.132210463886018]}},{"type":"Feature","properties":{"Parcel":"Parcel 59","Frame_No":"61_7","Zone_name":"Academic","ZoneNumber":"Z02","latitude":"19.132238° N","longitude":"72.91508° E","Count":"722","botanical_name":"Dypsis lutescens / Roystonea regia","comman_name":"Areca / Royal Palm","Plant_id":"722","schema_name":"21-02-2026 Parcel 59,58 Morning?JI_20260521080954_0007_D","Geo-Cordinates":"19.132238° N, 72.91508° E","type":"Plant"},"geometry":{"type":"Point","coordinates":[72.91507980879024,19.132237920290947]}},{"type":"Feature","properties":{"Parcel":"Parcel 59","Frame_No":"61_8","Zone_name":"Academic","ZoneNumber":"Z02","latitude":"19.132272° N","longitude":"72.91506° E","Count":"723","botanical_name":"Dypsis lutescens / Roystonea regia","comman_name":"Areca / Royal Palm","Plant_id":"723","schema_name":"21-02-2026 Parcel 59,58 Morning?JI_20260521080954_0007_D","Geo-Cordinates":"19.132272° N, 72.91506° E","type":"Plant"},"geometry":{"type":"Point","coordinates":[72.91505952416115,19.132272010451793]}},{"type":"Feature","properties":{"Parcel":"Parcel 59","Frame_No":"61_9","Zone_name":"Academic","ZoneNumber":"Z02","latitude":"19.132299° N","longitude":"72.91504° E","Count":"724","botanical_name":"Dypsis lutescens / Roystonea regia","comman_name":"Areca / Royal Palm","Plant_id":"724","schema_name":"21-02-2026 Parcel 59,58 Morning?JI_20260521080954_0007_D","Geo-Cordinates":"19.132299° N, 72.91504° E","type":"Plant"},"geometry":{"type":"Point","coordinates":[72.91503982466561,19.132299282575406]}},{"type":"Feature","properties":{"Parcel":"Parcel 59","Frame_No":"1","Zone_name":"Academic","ZoneNumber":"Z02","latitude":"19.13251° N","longitude":"72.915006° E","Count":"725","botanical_name":"Holoptelea integrifolia / Diospyros sp.","comman_name":"Indian Elm / Canopy foliage","Plant_id":"725","schema_name":"21-02-2026 Parcel 59,58 Morning?JI_20260521082134_0008_D","Geo-Cordinates":"19.13251° N, 72.915006° E","type":"Plant"},"geometry":{"type":"Point","coordinates":[72.9150058869208,19.132509535755567]}},{"type":"Feature","properties":{"Parcel":"Parcel 59","Frame_No":"2","Zone_name":"Academic","ZoneNumber":"Z02","latitude":"19.132438° N","longitude":"72.915202° E","Count":"726","botanical_name":"Wrightia tinctoria / Holarrhena pubescens","comman_name":"Sweet Indrajao / Kutaj sapling","Plant_id":"726","schema_name":"21-02-2026 Parcel 59,58 Morning?JI_20260521082134_0008_D","Geo-Cordinates":"19.132438° N, 72.915202° E","type":"Plant"},"geometry":{"type":"Point","coordinates":[72.91520249178723,19.13243840718996]}},{"type":"Feature","properties":{"Parcel":"Parcel 59","Frame_No":"3_1","Zone_name":"Academic","ZoneNumber":"Z02","latitude":"19.132186° N","longitude":"72.915182° E","Count":"727","botanical_name":"Breynia retusa / Phyllanthus sp.","comman_name":"Cup Saucer Plant / Bush","Plant_id":"727","schema_name":"21-02-2026 Parcel 59,58 Morning?JI_20260521082134_0008_D","Geo-Cordinates":"19.132186° N, 72.915182° E","type":"Plant"},"geometry":{"type":"Point","coordinates":[72.91518171954687,19.132186232222846]}},{"type":"Feature","properties":{"Parcel":"Parcel 59","Frame_No":"3_2","Zone_name":"Academic","ZoneNumber":"Z02","latitude":"19.132204° N","longitude":"72.915183° E","Count":"728","botanical_name":"Breynia retusa / Phyllanthus sp.","comman_name":"Cup Saucer Plant / Bush","Plant_id":"728","schema_name":"21-02-2026 Parcel 59,58 Morning?JI_20260521082134_0008_D","Geo-Cordinates":"19.132204° N, 72.915183° E","type":"Plant"},"geometry":{"type":"Point","coordinates":[72.91518327990296,19.132203553716273]}},{"type":"Feature","properties":{"Parcel":"Parcel 59","Frame_No":"3_3","Zone_name":"Academic","ZoneNumber":"Z02","latitude":"19.132176° N","longitude":"72.915176° E","Count":"729","botanical_name":"Breynia retusa / Phyllanthus sp.","comman_name":"Cup Saucer Plant / Bush","Plant_id":"729","schema_name":"21-02-2026 Parcel 59,58 Morning?JI_20260521082134_0008_D","Geo-Cordinates":"19.132176° N, 72.915176° E","type":"Plant"},"geometry":{"type":"Point","coordinates":[72.91517625830058,19.132175544491947]}},{"type":"Feature","properties":{"Parcel":"Parcel 59","Frame_No":"4","Zone_name":"Academic","ZoneNumber":"Z02","latitude":"19.132409° N","longitude":"72.91528° E","Count":"730","botanical_name":"Bauhinia sp. / Annona sp.","comman_name":"Orchid Tree / Sapling in container","Plant_id":"730","schema_name":"21-02-2026 Parcel 59,58 Morning?JI_20260521082134_0008_D","Geo-Cordinates":"19.132409° N, 72.91528° E","type":"Plant"},"geometry":{"type":"Point","coordinates":[72.91528002198007,19.132408831702243]}},{"type":"Feature","properties":{"Parcel":"Parcel 59","Frame_No":"1","Zone_name":"Academic","ZoneNumber":"Z02","latitude":"19.132008° N","longitude":"72.915238° E","Count":"731","botanical_name":"Dypsis lutescens / Chrysalidocarpus lutescens","comman_name":"Areca Palm / Yellow Butterfly Palm","Plant_id":"731","schema_name":"21-02-2026 Parcel 59,58 Morning?JI_20260521083029_0009_D","Geo-Cordinates":"19.132008° N, 72.915238° E","type":"Plant"},"geometry":{"type":"Point","coordinates":[72.91523828245488,19.132008226131877]}},{"type":"Feature","properties":{"Parcel":"Parcel 59","Frame_No":"2","Zone_name":"Academic","ZoneNumber":"Z02","latitude":"19.131894° N","longitude":"72.915314° E","Count":"732","botanical_name":"Dypsis lutescens / Ptychosperma elegans","comman_name":"Areca Palm / Solitary Palm","Plant_id":"732","schema_name":"21-02-2026 Parcel 59,58 Morning?JI_20260521083029_0009_D","Geo-Cordinates":"19.131894° N, 72.915314° E","type":"Plant"},"geometry":{"type":"Point","coordinates":[72.9153143498139,19.131894346358145]}},{"type":"Feature","properties":{"Parcel":"Parcel 59","Frame_No":"3","Zone_name":"Academic","ZoneNumber":"Z02","latitude":"19.131901° N","longitude":"72.915305° E","Count":"733","botanical_name":"Tabernaemontana divaricata","comman_name":"Crape Jasmine / Pinwheel Flower","Plant_id":"733","schema_name":"21-02-2026 Parcel 59,58 Morning?JI_20260521083029_0009_D","Geo-Cordinates":"19.131901° N, 72.915305° E","type":"Plant"},"geometry":{"type":"Point","coordinates":[72.91530498767742,19.131900611590456]}},{"type":"Feature","properties":{"Parcel":"Parcel 59","Frame_No":"4","Zone_name":"Academic","ZoneNumber":"Z02","latitude":"19.131888° N","longitude":"72.915314° E","Count":"734","botanical_name":"Ipomoea cairica / Sphagneticola trilobata","comman_name":"Mile-a-Minute Vine / Wedelia Groundcover","Plant_id":"734","schema_name":"21-02-2026 Parcel 59,58 Morning?JI_20260521083029_0009_D","Geo-Cordinates":"19.131888° N, 72.915314° E","type":"Plant"},"geometry":{"type":"Point","coordinates":[72.9153143498139,19.131887712582497]}},{"type":"Feature","properties":{"Parcel":"Parcel 59","Frame_No":"6_1","Zone_name":"Academic","ZoneNumber":"Z02","latitude":"19.1321° N","longitude":"72.915196° E","Count":"735","botanical_name":"Cordyline fruticosa / Tradescantia spathacea","comman_name":"Ti Plant / Oyster Plant","Plant_id":"735","schema_name":"21-02-2026 Parcel 59,58 Morning?JI_20260521083029_0009_D","Geo-Cordinates":"19.1321° N, 72.915196° E","type":"Plant"},"geometry":{"type":"Point","coordinates":[72.91519576275164,19.132100177542362]}},{"type":"Feature","properties":{"Parcel":"Parcel 59","Frame_No":"6_2","Zone_name":"Academic","ZoneNumber":"Z02","latitude":"19.132106° N","longitude":"72.915193° E","Count":"736","botanical_name":"Cordyline fruticosa / Tradescantia spathacea","comman_name":"Ti Plant / Oyster Plant","Plant_id":"736","schema_name":"21-02-2026 Parcel 59,58 Morning?JI_20260521083029_0009_D","Geo-Cordinates":"19.132106° N, 72.915193° E","type":"Plant"},"geometry":{"type":"Point","coordinates":[72.9151930321285,19.132105521410338]}},{"type":"Feature","properties":{"Parcel":"Parcel 59","Frame_No":"6_3","Zone_name":"Academic","ZoneNumber":"Z02","latitude":"19.132112° N","longitude":"72.915189° E","Count":"737","botanical_name":"Cordyline fruticosa / Tradescantia spathacea","comman_name":"Ti Plant / Oyster Plant","Plant_id":"737","schema_name":"21-02-2026 Parcel 59,58 Morning?JI_20260521083029_0009_D","Geo-Cordinates":"19.132112° N, 72.915189° E","type":"Plant"},"geometry":{"type":"Point","coordinates":[72.91518874114928,19.132112339448536]}},{"type":"Feature","properties":{"Parcel":"Parcel 59","Frame_No":"6_4","Zone_name":"Academic","ZoneNumber":"Z02","latitude":"19.132119° N","longitude":"72.915184° E","Count":"738","botanical_name":"Cordyline fruticosa / Tradescantia spathacea","comman_name":"Ti Plant / Oyster Plant","Plant_id":"738","schema_name":"21-02-2026 Parcel 59,58 Morning?JI_20260521083029_0009_D","Geo-Cordinates":"19.132119° N, 72.915184° E","type":"Plant"},"geometry":{"type":"Point","coordinates":[72.91518445017005,19.132118973215157]}},{"type":"Feature","properties":{"Parcel":"Parcel 59","Frame_No":"1","Zone_name":"Academic","ZoneNumber":"Z02","latitude":"19.132725° N","longitude":"72.915346° E","Count":"739","botanical_name":"Dracaena reflexa / Cordyline sp.","comman_name":"Song of India / Ti Plant","Plant_id":"739","schema_name":"21-02-2026 Parcel 59,58 Morning?JI_20260521083029_0010_D","Geo-Cordinates":"19.132725° N, 72.915346° E","type":"Plant"},"geometry":{"type":"Point","coordinates":[72.9153463371136,19.132725408921917]}},{"type":"Feature","properties":{"Parcel":"Parcel 59","Frame_No":"8","Zone_name":"Academic","ZoneNumber":"Z02","latitude":"19.13272° N","longitude":"72.915248° E","Count":"740","botanical_name":"Dracaena reflexa var. angustifolia / Dracaena marginata","comman_name":"Dragon Tree / Madagascar Dragon Tree","Plant_id":"740","schema_name":"21-02-2026 Parcel 59,58 Morning?JI_20260521083029_0010_D","Geo-Cordinates":"19.13272° N, 72.915248° E","type":"Plant"},"geometry":{"type":"Point","coordinates":[72.91524764459136,19.132719512262135]}},{"type":"Feature","properties":{"Parcel":"Parcel 59","Frame_No":"4","Zone_name":"Academic","ZoneNumber":"Z02","latitude":"19.132722° N","longitude":"72.915298° E","Count":"741","botanical_name":"Chlorophytum comosum / Tradescantia spathacea","comman_name":"Spider Plant / Oyster Plant","Plant_id":"741","schema_name":"21-02-2026 Parcel 59,58 Morning?JI_20260521083029_0010_D","Geo-Cordinates":"19.132722° N, 72.915298° E","type":"Plant"},"geometry":{"type":"Point","coordinates":[72.91529796607503,19.13272246059205]}},{"type":"Feature","properties":{"Parcel":"Parcel 59","Frame_No":"2","Zone_name":"Academic","ZoneNumber":"Z02","latitude":"19.132724° N","longitude":"72.915332° E","Count":"742","botanical_name":"Dracaena reflexa var. angustifolia / Dracaena marginata","comman_name":"Dragon Tree / Madagascar Dragon Tree","Plant_id":"742","schema_name":"21-02-2026 Parcel 59,58 Morning?JI_20260521083029_0010_D","Geo-Cordinates":"19.132724° N, 72.915332° E","type":"Plant"},"geometry":{"type":"Point","coordinates":[72.91533190381983,19.132723566215756]}},{"type":"Feature","properties":{"Parcel":"Parcel 59","Frame_No":"3","Zone_name":"Academic","ZoneNumber":"Z02","latitude":"19.132721° N","longitude":"72.915317° E","Count":"743","botanical_name":"Callisia fragrance / Dracaena sp.","comman_name":"Basket Plant / Ribbon Plant","Plant_id":"743","schema_name":"21-02-2026 Parcel 59,58 Morning?JI_20260521083029_0010_D","Geo-Cordinates":"19.132721° N, 72.915317° E","type":"Plant"},"geometry":{"type":"Point","coordinates":[72.91531669034802,19.132720986427096]}},{"type":"Feature","properties":{"Parcel":"Parcel 59","Frame_No":"5","Zone_name":"Academic","ZoneNumber":"Z02","latitude":"19.132721° N","longitude":"72.915282° E","Count":"744","botanical_name":"Aglaonema sp. / Dieffenbachia sp.","comman_name":"Chinese Evergreen / Dumb Cane","Plant_id":"744","schema_name":"21-02-2026 Parcel 59,58 Morning?JI_20260521083029_0010_D","Geo-Cordinates":"19.132721° N, 72.915282° E","type":"Plant"},"geometry":{"type":"Point","coordinates":[72.9152823625142,19.132720986427096]}},{"type":"Feature","properties":{"Parcel":"Parcel 59","Frame_No":"6","Zone_name":"Academic","ZoneNumber":"Z02","latitude":"19.13272° N","longitude":"72.915269° E","Count":"745","botanical_name":"Callisia fragrans / Tradescantia sp.","comman_name":"Basket Plant / Inchplant","Plant_id":"745","schema_name":"21-02-2026 Parcel 59,58 Morning?JI_20260521083029_0010_D","Geo-Cordinates":"19.13272° N, 72.915269° E","type":"Plant"},"geometry":{"type":"Point","coordinates":[72.91526948957652,19.13271988080338]}},{"type":"Feature","properties":{"Parcel":"Parcel 59","Frame_No":"7","Zone_name":"Academic","ZoneNumber":"Z02","latitude":"19.132719° N","longitude":"72.91526° E","Count":"746","botanical_name":"Tradescantia spathacea / Cordyline fruticosa","comman_name":"Oyster Plant / Ti Plant","Plant_id":"746","schema_name":"21-02-2026 Parcel 59,58 Morning?JI_20260521083029_0010_D","Geo-Cordinates":"19.132719° N, 72.91526° E","type":"Plant"},"geometry":{"type":"Point","coordinates":[72.91526012744002,19.132718775179647]}},{"type":"Feature","properties":{"Parcel":"Parcel 59","Frame_No":"9_1","Zone_name":"Academic","ZoneNumber":"Z02","latitude":"19.132942° N","longitude":"72.915349° E","Count":"747","botanical_name":"Dypsis lutescens / Chrysalidocarpus lutescens","comman_name":"Areca Palm / Yellow Butterfly Palm","Plant_id":"747","schema_name":"21-02-2026 Parcel 59,58 Morning?JI_20260521083029_0010_D","Geo-Cordinates":"19.132942° N, 72.915349° E","type":"Plant"},"geometry":{"type":"Point","coordinates":[72.91534906773674,19.13294211102278]}},{"type":"Feature","properties":{"Parcel":"Parcel 59","Frame_No":"9_8","Zone_name":"Academic","ZoneNumber":"Z02","latitude":"19.132855° N","longitude":"72.915355° E","Count":"748","botanical_name":"Dypsis lutescens / Chrysalidocarpus lutescens","comman_name":"Areca Palm / Yellow Butterfly Palm","Plant_id":"748","schema_name":"21-02-2026 Parcel 59,58 Morning?JI_20260521083029_0010_D","Geo-Cordinates":"19.132855° N, 72.915355° E","type":"Plant"},"geometry":{"type":"Point","coordinates":[72.91535452898304,19.132854766842858]}},{"type":"Feature","properties":{"Parcel":"Parcel 59","Frame_No":"9_4","Zone_name":"Academic","ZoneNumber":"Z02","latitude":"19.132902° N","longitude":"72.915351° E","Count":"749","botanical_name":"Dypsis lutescens / Chrysalidocarpus lutescens","comman_name":"Areca Palm / Yellow Butterfly Palm","Plant_id":"749","schema_name":"21-02-2026 Parcel 59,58 Morning?JI_20260521083029_0010_D","Geo-Cordinates":"19.132902° N, 72.915351° E","type":"Plant"},"geometry":{"type":"Point","coordinates":[72.91535101818185,19.132901940076568]}},{"type":"Feature","properties":{"Parcel":"Parcel 59","Frame_No":"9_2","Zone_name":"Academic","ZoneNumber":"Z02","latitude":"19.132931° N","longitude":"72.91535° E","Count":"750","botanical_name":"Dypsis lutescens / Chrysalidocarpus lutescens","comman_name":"Areca Palm / Yellow Butterfly Palm","Plant_id":"750","schema_name":"21-02-2026 Parcel 59,58 Morning?JI_20260521083029_0010_D","Geo-Cordinates":"19.132931° N, 72.91535° E","type":"Plant"},"geometry":{"type":"Point","coordinates":[72.91535023800381,19.132931423340793]}},{"type":"Feature","properties":{"Parcel":"Parcel 59","Frame_No":"9_3","Zone_name":"Academic","ZoneNumber":"Z02","latitude":"19.132917° N","longitude":"72.915351° E","Count":"751","botanical_name":"Dypsis lutescens / Chrysalidocarpus lutescens","comman_name":"Areca Palm / Yellow Butterfly Palm","Plant_id":"751","schema_name":"21-02-2026 Parcel 59,58 Morning?JI_20260521083029_0010_D","Geo-Cordinates":"19.132917° N, 72.915351° E","type":"Plant"},"geometry":{"type":"Point","coordinates":[72.91535140827087,19.13291668170934]}},{"type":"Feature","properties":{"Parcel":"Parcel 59","Frame_No":"9_5","Zone_name":"Academic","ZoneNumber":"Z02","latitude":"19.132891° N","longitude":"72.915352° E","Count":"752","botanical_name":"Dypsis lutescens / Chrysalidocarpus lutescens","comman_name":"Areca Palm / Yellow Butterfly Palm","Plant_id":"752","schema_name":"21-02-2026 Parcel 59,58 Morning?JI_20260521083029_0010_D","Geo-Cordinates":"19.132891° N, 72.915352° E","type":"Plant"},"geometry":{"type":"Point","coordinates":[72.9153521884489,19.13289125239199]}},{"type":"Feature","properties":{"Parcel":"Parcel 59","Frame_No":"9_6","Zone_name":"Academic","ZoneNumber":"Z02","latitude":"19.13288° N","longitude":"72.915353° E","Count":"753","botanical_name":"Dypsis lutescens / Chrysalidocarpus lutescens","comman_name":"Areca Palm / Yellow Butterfly Palm","Plant_id":"753","schema_name":"21-02-2026 Parcel 59,58 Morning?JI_20260521083029_0010_D","Geo-Cordinates":"19.13288° N, 72.915353° E","type":"Plant"},"geometry":{"type":"Point","coordinates":[72.91535335871598,19.13287982762494]}},{"type":"Feature","properties":{"Parcel":"Parcel 59","Frame_No":"9_7","Zone_name":"Academic","ZoneNumber":"Z02","latitude":"19.132868° N","longitude":"72.915355° E","Count":"754","botanical_name":"Dypsis lutescens / Chrysalidocarpus lutescens","comman_name":"Areca Palm / Yellow Butterfly Palm","Plant_id":"754","schema_name":"21-02-2026 Parcel 59,58 Morning?JI_20260521083029_0010_D","Geo-Cordinates":"19.132868° N, 72.915355° E","type":"Plant"},"geometry":{"type":"Point","coordinates":[72.91535491907206,19.1328680343162]}},{"type":"Feature","properties":{"Parcel":"Parcel 59","Frame_No":"1","Zone_name":"Academic","ZoneNumber":"Z02","latitude":"19.132128° N","longitude":"72.915383° E","Count":"755","botanical_name":"Bougainvillea","comman_name":"Paper Flower/ Booganbel","Plant_id":"755","schema_name":"21-02-2026 Parcel 59,58 Morning?JI_20260521083029_0010_D","Geo-Cordinates":"19.132128° N, 72.915383° E","type":"Plant"},"geometry":{"type":"Point","coordinates":[72.91538261539253,19.132128186779475]}},{"type":"Feature","properties":{"Parcel":"Parcel 59","Frame_No":"2","Zone_name":"Academic","ZoneNumber":"Z02","latitude":"19.132128° N","longitude":"72.91539° E","Count":"756","botanical_name":"Bougainvillea","comman_name":"Paper Flower/ Booganbel","Plant_id":"756","schema_name":"21-02-2026 Parcel 59,58 Morning?JI_20260521083029_0010_D","Geo-Cordinates":"19.132128° N, 72.91539° E","type":"Plant"},"geometry":{"type":"Point","coordinates":[72.91539041717294,19.132127633965627]}},{"type":"Feature","properties":{"Parcel":"Parcel 59","Frame_No":"3","Zone_name":"Academic","ZoneNumber":"Z02","latitude":"19.132129° N","longitude":"72.9154° E","Count":"757","botanical_name":"Bougainvillea","comman_name":"Paper Flower/ Booganbel","Plant_id":"757","schema_name":"21-02-2026 Parcel 59,58 Morning?JI_20260521083029_0010_D","Geo-Cordinates":"19.132129° N, 72.9154° E","type":"Plant"},"geometry":{"type":"Point","coordinates":[72.91539997435396,19.132129108135874]}},{"type":"Feature","properties":{"Parcel":"Parcel 59","Frame_No":"4","Zone_name":"Academic","ZoneNumber":"Z02","latitude":"19.132127° N","longitude":"72.91541° E","Count":"758","botanical_name":"Bougainvillea","comman_name":"Paper Flower/ Booganbel","Plant_id":"758","schema_name":"21-02-2026 Parcel 59,58 Morning?JI_20260521083029_0010_D","Geo-Cordinates":"19.132127° N, 72.91541° E","type":"Plant"},"geometry":{"type":"Point","coordinates":[72.9154101166685,19.132127265423065]}},{"type":"Feature","properties":{"Parcel":"Parcel 59","Frame_No":"5","Zone_name":"Academic","ZoneNumber":"Z02","latitude":"19.132127° N","longitude":"72.915419° E","Count":"759","botanical_name":"Bougainvillea","comman_name":"Paper Flower/ Booganbel","Plant_id":"759","schema_name":"21-02-2026 Parcel 59,58 Morning?JI_20260521083029_0010_D","Geo-Cordinates":"19.132127° N, 72.915419° E","type":"Plant"},"geometry":{"type":"Point","coordinates":[72.91541889367146,19.132127265423065]}},{"type":"Feature","properties":{"Parcel":"Parcel 59","Frame_No":"6","Zone_name":"Academic","ZoneNumber":"Z02","latitude":"19.132128° N","longitude":"72.915429° E","Count":"760","botanical_name":"Bougainvillea","comman_name":"Paper Flower/ Booganbel","Plant_id":"760","schema_name":"21-02-2026 Parcel 59,58 Morning?JI_20260521083029_0010_D","Geo-Cordinates":"19.132128° N, 72.915429° E","type":"Plant"},"geometry":{"type":"Point","coordinates":[72.91542884094149,19.132127818236906]}},{"type":"Feature","properties":{"Parcel":"Parcel 59","Frame_No":"7","Zone_name":"Academic","ZoneNumber":"Z02","latitude":"19.132128° N","longitude":"72.915438° E","Count":"761","botanical_name":"Bougainvillea","comman_name":"Paper Flower/ Booganbel","Plant_id":"761","schema_name":"21-02-2026 Parcel 59,58 Morning?JI_20260521083029_0010_D","Geo-Cordinates":"19.132128° N, 72.915438° E","type":"Plant"},"geometry":{"type":"Point","coordinates":[72.91543761794445,19.132128186779475]}},{"type":"Feature","properties":{"Parcel":"Parcel 59","Frame_No":"8","Zone_name":"Academic","ZoneNumber":"Z02","latitude":"19.132128° N","longitude":"72.915446° E","Count":"762","botanical_name":"Bougainvillea","comman_name":"Paper Flower/ Booganbel","Plant_id":"762","schema_name":"21-02-2026 Parcel 59,58 Morning?JI_20260521083029_0010_D","Geo-Cordinates":"19.132128° N, 72.915446° E","type":"Plant"},"geometry":{"type":"Point","coordinates":[72.91544639494742,19.132128371050754]}},{"type":"Feature","properties":{"Parcel":"Parcel 59","Frame_No":"9","Zone_name":"Academic","ZoneNumber":"Z02","latitude":"19.132129° N","longitude":"72.915453° E","Count":"763","botanical_name":"Bougainvillea","comman_name":"Paper Flower/ Booganbel","Plant_id":"763","schema_name":"21-02-2026 Parcel 59,58 Morning?JI_20260521083029_0010_D","Geo-Cordinates":"19.132129° N, 72.915453° E","type":"Plant"},"geometry":{"type":"Point","coordinates":[72.91545283141626,19.132128739593316]}},{"type":"Feature","properties":{"Parcel":"Parcel 59","Frame_No":"10","Zone_name":"Academic","ZoneNumber":"Z02","latitude":"19.132128° N","longitude":"72.915462° E","Count":"764","botanical_name":"Bougainvillea","comman_name":"Paper Flower/ Booganbel","Plant_id":"764","schema_name":"21-02-2026 Parcel 59,58 Morning?JI_20260521083029_0010_D","Geo-Cordinates":"19.132128° N, 72.915462° E","type":"Plant"},"geometry":{"type":"Point","coordinates":[72.91546180346374,19.132127818236906]}},{"type":"Feature","properties":{"Parcel":"Parcel 59","Frame_No":"11","Zone_name":"Academic","ZoneNumber":"Z02","latitude":"19.132129° N","longitude":"72.915473° E","Count":"765","botanical_name":"Bougainvillea","comman_name":"Paper Flower/ Booganbel","Plant_id":"765","schema_name":"21-02-2026 Parcel 59,58 Morning?JI_20260521083029_0010_D","Geo-Cordinates":"19.132129° N, 72.915473° E","type":"Plant"},"geometry":{"type":"Point","coordinates":[72.91547272595632,19.132129292407157]}},{"type":"Feature","properties":{"Parcel":"Parcel 59","Frame_No":"12","Zone_name":"Academic","ZoneNumber":"Z02","latitude":"19.13213° N","longitude":"72.915482° E","Count":"766","botanical_name":"Bougainvillea","comman_name":"Paper Flower/ Booganbel","Plant_id":"766","schema_name":"21-02-2026 Parcel 59,58 Morning?JI_20260521083029_0010_D","Geo-Cordinates":"19.13213° N, 72.915482° E","type":"Plant"},"geometry":{"type":"Point","coordinates":[72.91548189304831,19.132129660949715]}},{"type":"Feature","properties":{"Parcel":"Parcel 59","Frame_No":"13","Zone_name":"Academic","ZoneNumber":"Z02","latitude":"19.132129° N","longitude":"72.91549° E","Count":"767","botanical_name":"Bougainvillea","comman_name":"Paper Flower/ Booganbel","Plant_id":"767","schema_name":"21-02-2026 Parcel 59,58 Morning?JI_20260521083029_0010_D","Geo-Cordinates":"19.132129° N, 72.91549° E","type":"Plant"},"geometry":{"type":"Point","coordinates":[72.91548969482871,19.132129292407157]}},{"type":"Feature","properties":{"Parcel":"Parcel 59","Frame_No":"14","Zone_name":"Academic","ZoneNumber":"Z02","latitude":"19.132129° N","longitude":"72.9155° E","Count":"768","botanical_name":"Bougainvillea","comman_name":"Paper Flower/ Booganbel","Plant_id":"768","schema_name":"21-02-2026 Parcel 59,58 Morning?JI_20260521083029_0010_D","Geo-Cordinates":"19.132129° N, 72.9155° E","type":"Plant"},"geometry":{"type":"Point","coordinates":[72.91549983714326,19.132129292407157]}},{"type":"Feature","properties":{"Parcel":"Parcel 59","Frame_No":"15","Zone_name":"Academic","ZoneNumber":"Z02","latitude":"19.132131° N","longitude":"72.915511° E","Count":"769","botanical_name":"Bougainvillea","comman_name":"Paper Flower/ Booganbel","Plant_id":"769","schema_name":"21-02-2026 Parcel 59,58 Morning?JI_20260521083029_0010_D","Geo-Cordinates":"19.132131° N, 72.915511° E","type":"Plant"},"geometry":{"type":"Point","coordinates":[72.91551075963584,19.13213095084867]}},{"type":"Feature","properties":{"Parcel":"Parcel 59","Frame_No":"16","Zone_name":"Academic","ZoneNumber":"Z02","latitude":"19.132122° N","longitude":"72.915511° E","Count":"770","botanical_name":"Bougainvillea","comman_name":"Paper Flower/ Booganbel","Plant_id":"770","schema_name":"21-02-2026 Parcel 59,58 Morning?JI_20260521083029_0010_D","Geo-Cordinates":"19.132122° N, 72.915511° E","type":"Plant"},"geometry":{"type":"Point","coordinates":[72.91551075963584,19.13212229009837]}},{"type":"Feature","properties":{"Parcel":"Parcel 59","Frame_No":"17","Zone_name":"Academic","ZoneNumber":"Z02","latitude":"19.132114° N","longitude":"72.915512° E","Count":"771","botanical_name":"Bougainvillea","comman_name":"Paper Flower/ Booganbel","Plant_id":"771","schema_name":"21-02-2026 Parcel 59,58 Morning?JI_20260521083029_0010_D","Geo-Cordinates":"19.132114° N, 72.915512° E","type":"Plant"},"geometry":{"type":"Point","coordinates":[72.91551212494741,19.13211436643281]}},{"type":"Feature","properties":{"Parcel":"Parcel 59","Frame_No":"18","Zone_name":"Academic","ZoneNumber":"Z02","latitude":"19.132112° N","longitude":"72.915503° E","Count":"772","botanical_name":"Bougainvillea","comman_name":"Paper Flower/ Booganbel","Plant_id":"772","schema_name":"21-02-2026 Parcel 59,58 Morning?JI_20260521083029_0010_D","Geo-Cordinates":"19.132112° N, 72.915503° E","type":"Plant"},"geometry":{"type":"Point","coordinates":[72.91550334794445,19.132111602363338]}},{"type":"Feature","properties":{"Parcel":"Parcel 59","Frame_No":"19","Zone_name":"Academic","ZoneNumber":"Z02","latitude":"19.132121° N","longitude":"72.915501° E","Count":"773","botanical_name":"Bougainvillea","comman_name":"Paper Flower/ Booganbel","Plant_id":"773","schema_name":"21-02-2026 Parcel 59,58 Morning?JI_20260521083029_0010_D","Geo-Cordinates":"19.132121° N, 72.915501° E","type":"Plant"},"geometry":{"type":"Point","coordinates":[72.9155006173213,19.13212118447064]}},{"type":"Feature","properties":{"Parcel":"Parcel 59","Frame_No":"20","Zone_name":"Academic","ZoneNumber":"Z02","latitude":"19.132122° N","longitude":"72.915492° E","Count":"774","botanical_name":"Bougainvillea","comman_name":"Paper Flower/ Booganbel","Plant_id":"774","schema_name":"21-02-2026 Parcel 59,58 Morning?JI_20260521083029_0010_D","Geo-Cordinates":"19.132122° N, 72.915492° E","type":"Plant"},"geometry":{"type":"Point","coordinates":[72.91549184031834,19.13212192155579]}},{"type":"Feature","properties":{"Parcel":"Parcel 59","Frame_No":"21","Zone_name":"Academic","ZoneNumber":"Z02","latitude":"19.132121° N","longitude":"72.915482° E","Count":"775","botanical_name":"Bougainvillea","comman_name":"Paper Flower/ Booganbel","Plant_id":"775","schema_name":"21-02-2026 Parcel 59,58 Morning?JI_20260521083029_0010_D","Geo-Cordinates":"19.132121° N, 72.915482° E","type":"Plant"},"geometry":{"type":"Point","coordinates":[72.91548208809282,19.132121000199348]}},{"type":"Feature","properties":{"Parcel":"Parcel 59","Frame_No":"22","Zone_name":"Academic","ZoneNumber":"Z02","latitude":"19.132119° N","longitude":"72.915474° E","Count":"776","botanical_name":"Bougainvillea","comman_name":"Paper Flower/ Booganbel","Plant_id":"776","schema_name":"21-02-2026 Parcel 59,58 Morning?JI_20260521083029_0010_D","Geo-Cordinates":"19.132119° N, 72.915474° E","type":"Plant"},"geometry":{"type":"Point","coordinates":[72.91547389622339,19.132118973215157]}},{"type":"Feature","properties":{"Parcel":"Parcel 59","Frame_No":"23","Zone_name":"Academic","ZoneNumber":"Z02","latitude":"19.132119° N","longitude":"72.915465° E","Count":"777","botanical_name":"Bougainvillea","comman_name":"Paper Flower/ Booganbel","Plant_id":"777","schema_name":"21-02-2026 Parcel 59,58 Morning?JI_20260521083029_0010_D","Geo-Cordinates":"19.132119° N, 72.915465° E","type":"Plant"},"geometry":{"type":"Point","coordinates":[72.91546531426492,19.132118973215157]}},{"type":"Feature","properties":{"Parcel":"Parcel 59","Frame_No":"24","Zone_name":"Academic","ZoneNumber":"Z02","latitude":"19.132119° N","longitude":"72.915455° E","Count":"778","botanical_name":"Bougainvillea","comman_name":"Paper Flower/ Booganbel","Plant_id":"778","schema_name":"21-02-2026 Parcel 59,58 Morning?JI_20260521083029_0010_D","Geo-Cordinates":"19.132119° N, 72.915455° E","type":"Plant"},"geometry":{"type":"Point","coordinates":[72.91545478186137,19.132118788943867]}},{"type":"Feature","properties":{"Parcel":"Parcel 59","Frame_No":"25","Zone_name":"Academic","ZoneNumber":"Z02","latitude":"19.132119° N","longitude":"72.915447° E","Count":"779","botanical_name":"Bougainvillea","comman_name":"Paper Flower/ Booganbel","Plant_id":"779","schema_name":"21-02-2026 Parcel 59,58 Morning?JI_20260521083029_0010_D","Geo-Cordinates":"19.132119° N, 72.915447° E","type":"Plant"},"geometry":{"type":"Point","coordinates":[72.91544658999194,19.132118973215157]}},{"type":"Feature","properties":{"Parcel":"Parcel 59","Frame_No":"26","Zone_name":"Academic","ZoneNumber":"Z02","latitude":"19.132119° N","longitude":"72.91544° E","Count":"780","botanical_name":"Bougainvillea","comman_name":"Paper Flower/ Booganbel","Plant_id":"780","schema_name":"21-02-2026 Parcel 59,58 Morning?JI_20260521083029_0010_D","Geo-Cordinates":"19.132119° N, 72.91544° E","type":"Plant"},"geometry":{"type":"Point","coordinates":[72.91543976343407,19.13211934175774]}},{"type":"Feature","properties":{"Parcel":"Parcel 59","Frame_No":"27","Zone_name":"Academic","ZoneNumber":"Z02","latitude":"19.132117° N","longitude":"72.915431° E","Count":"781","botanical_name":"Bougainvillea","comman_name":"Paper Flower/ Booganbel","Plant_id":"781","schema_name":"21-02-2026 Parcel 59,58 Morning?JI_20260521083029_0010_D","Geo-Cordinates":"19.132117° N, 72.915431° E","type":"Plant"},"geometry":{"type":"Point","coordinates":[72.91543118147561,19.132116761959644]}},{"type":"Feature","properties":{"Parcel":"Parcel 59","Frame_No":"28","Zone_name":"Academic","ZoneNumber":"Z02","latitude":"19.132118° N","longitude":"72.915421° E","Count":"782","botanical_name":"Bougainvillea","comman_name":"Paper Flower/ Booganbel","Plant_id":"782","schema_name":"21-02-2026 Parcel 59,58 Morning?JI_20260521083029_0010_D","Geo-Cordinates":"19.132118° N, 72.915421° E","type":"Plant"},"geometry":{"type":"Point","coordinates":[72.91542064907205,19.132117867587404]}},{"type":"Feature","properties":{"Parcel":"Parcel 59","Frame_No":"29","Zone_name":"Academic","ZoneNumber":"Z02","latitude":"19.132117° N","longitude":"72.915412° E","Count":"783","botanical_name":"Bougainvillea","comman_name":"Paper Flower/ Booganbel","Plant_id":"783","schema_name":"21-02-2026 Parcel 59,58 Morning?JI_20260521083029_0010_D","Geo-Cordinates":"19.132117° N, 72.915412° E","type":"Plant"},"geometry":{"type":"Point","coordinates":[72.91541245720262,19.132117314773527]}},{"type":"Feature","properties":{"Parcel":"Parcel 59","Frame_No":"30","Zone_name":"Academic","ZoneNumber":"Z02","latitude":"19.132115° N","longitude":"72.915398° E","Count":"784","botanical_name":"Bougainvillea","comman_name":"Paper Flower/ Booganbel","Plant_id":"784","schema_name":"21-02-2026 Parcel 59,58 Morning?JI_20260521083029_0010_D","Geo-Cordinates":"19.132115° N, 72.915398° E","type":"Plant"},"geometry":{"type":"Point","coordinates":[72.91539763381982,19.132115287789286]}},{"type":"Feature","properties":{"Parcel":"Parcel 59","Frame_No":"31","Zone_name":"Academic","ZoneNumber":"Z02","latitude":"19.132119° N","longitude":"72.915386° E","Count":"785","botanical_name":"Bougainvillea","comman_name":"Paper Flower/ Booganbel","Plant_id":"785","schema_name":"21-02-2026 Parcel 59,58 Morning?JI_20260521083029_0010_D","Geo-Cordinates":"19.132119° N, 72.915386° E","type":"Plant"},"geometry":{"type":"Point","coordinates":[72.91538593114922,19.132118604672574]}},{"type":"Feature","properties":{"Parcel":"Parcel 59","Frame_No":"32","Zone_name":"Academic","ZoneNumber":"Z02","latitude":"19.132113° N","longitude":"72.915388° E","Count":"786","botanical_name":"Bougainvillea","comman_name":"Paper Flower/ Booganbel","Plant_id":"786","schema_name":"21-02-2026 Parcel 59,58 Morning?JI_20260521083029_0010_D","Geo-Cordinates":"19.132113° N, 72.915388° E","type":"Plant"},"geometry":{"type":"Point","coordinates":[72.91538807663882,19.132113076533727]}},{"type":"Feature","properties":{"Parcel":"Parcel 59","Frame_No":"33","Zone_name":"Academic","ZoneNumber":"Z02","latitude":"19.132114° N","longitude":"72.915379° E","Count":"787","botanical_name":"Bougainvillea","comman_name":"Paper Flower/ Booganbel","Plant_id":"787","schema_name":"21-02-2026 Parcel 59,58 Morning?JI_20260521083029_0010_D","Geo-Cordinates":"19.132114° N, 72.915379° E","type":"Plant"},"geometry":{"type":"Point","coordinates":[72.91537890954683,19.13211381361892]}},{"type":"Feature","properties":{"Parcel":"Parcel 59","Frame_No":"34","Zone_name":"Academic","ZoneNumber":"Z02","latitude":"19.132118° N","longitude":"72.915369° E","Count":"788","botanical_name":"Bougainvillea","comman_name":"Paper Flower/ Booganbel","Plant_id":"788","schema_name":"21-02-2026 Parcel 59,58 Morning?JI_20260521083029_0010_D","Geo-Cordinates":"19.132118° N, 72.915369° E","type":"Plant"},"geometry":{"type":"Point","coordinates":[72.91536876723231,19.132117867587404]}},{"type":"Feature","properties":{"Parcel":"Parcel 59","Frame_No":"35","Zone_name":"Academic","ZoneNumber":"Z02","latitude":"19.132103° N","longitude":"72.915391° E","Count":"789","botanical_name":"Bougainvillea","comman_name":"Paper Flower/ Booganbel","Plant_id":"789","schema_name":"21-02-2026 Parcel 59,58 Morning?JI_20260521083029_0010_D","Geo-Cordinates":"19.132103° N, 72.915391° E","type":"Plant"},"geometry":{"type":"Point","coordinates":[72.9153913923955,19.132103125883333]}},{"type":"Feature","properties":{"Parcel":"Parcel 59","Frame_No":"36","Zone_name":"Academic","ZoneNumber":"Z02","latitude":"19.132104° N","longitude":"72.915398° E","Count":"790","botanical_name":"Bougainvillea","comman_name":"Paper Flower/ Booganbel","Plant_id":"790","schema_name":"21-02-2026 Parcel 59,58 Morning?JI_20260521083029_0010_D","Geo-Cordinates":"19.132104° N, 72.915398° E","type":"Plant"},"geometry":{"type":"Point","coordinates":[72.91539802390885,19.132104415782493]}},{"type":"Feature","properties":{"Parcel":"Parcel 59","Frame_No":"37","Zone_name":"Academic","ZoneNumber":"Z02","latitude":"19.132106° N","longitude":"72.915405° E","Count":"791","botanical_name":"Bougainvillea","comman_name":"Paper Flower/ Booganbel","Plant_id":"791","schema_name":"21-02-2026 Parcel 59,58 Morning?JI_20260521083029_0010_D","Geo-Cordinates":"19.132106° N, 72.915405° E","type":"Plant"},"geometry":{"type":"Point","coordinates":[72.91540504551122,19.13210570568164]}},{"type":"Feature","properties":{"Parcel":"Parcel 59","Frame_No":"38","Zone_name":"Academic","ZoneNumber":"Z02","latitude":"19.132105° N","longitude":"72.915413° E","Count":"792","botanical_name":"Bougainvillea","comman_name":"Paper Flower/ Booganbel","Plant_id":"792","schema_name":"21-02-2026 Parcel 59,58 Morning?JI_20260521083029_0010_D","Geo-Cordinates":"19.132105° N, 72.915413° E","type":"Plant"},"geometry":{"type":"Point","coordinates":[72.91541304233614,19.132105152867723]}},{"type":"Feature","properties":{"Parcel":"Parcel 59","Frame_No":"39","Zone_name":"Academic","ZoneNumber":"Z02","latitude":"19.132106° N","longitude":"72.915421° E","Count":"793","botanical_name":"Bougainvillea","comman_name":"Paper Flower/ Booganbel","Plant_id":"793","schema_name":"21-02-2026 Parcel 59,58 Morning?JI_20260521083029_0010_D","Geo-Cordinates":"19.132106° N, 72.915421° E","type":"Plant"},"geometry":{"type":"Point","coordinates":[72.91542084411657,19.13210644276686]}},{"type":"Feature","properties":{"Parcel":"Parcel 59","Frame_No":"40","Zone_name":"Academic","ZoneNumber":"Z02","latitude":"19.132106° N","longitude":"72.91543° E","Count":"794","botanical_name":"Bougainvillea","comman_name":"Paper Flower/ Booganbel","Plant_id":"794","schema_name":"21-02-2026 Parcel 59,58 Morning?JI_20260521083029_0010_D","Geo-Cordinates":"19.132106° N, 72.91543° E","type":"Plant"},"geometry":{"type":"Point","coordinates":[72.91543040129757,19.13210570568164]}},{"type":"Feature","properties":{"Parcel":"Parcel 59","Frame_No":"41","Zone_name":"Academic","ZoneNumber":"Z02","latitude":"19.132107° N","longitude":"72.915439° E","Count":"795","botanical_name":"Bougainvillea","comman_name":"Paper Flower/ Booganbel","Plant_id":"795","schema_name":"21-02-2026 Parcel 59,58 Morning?JI_20260521083029_0010_D","Geo-Cordinates":"19.132107° N, 72.915439° E","type":"Plant"},"geometry":{"type":"Point","coordinates":[72.91543937334505,19.132107179852085]}},{"type":"Feature","properties":{"Parcel":"Parcel 59","Frame_No":"42","Zone_name":"Academic","ZoneNumber":"Z02","latitude":"19.132107° N","longitude":"72.915447° E","Count":"796","botanical_name":"Bougainvillea","comman_name":"Paper Flower/ Booganbel","Plant_id":"796","schema_name":"21-02-2026 Parcel 59,58 Morning?JI_20260521083029_0010_D","Geo-Cordinates":"19.132107° N, 72.915447° E","type":"Plant"},"geometry":{"type":"Point","coordinates":[72.91544678503644,19.132107364123385]}},{"type":"Feature","properties":{"Parcel":"Parcel 59","Frame_No":"43","Zone_name":"Academic","ZoneNumber":"Z02","latitude":"19.132109° N","longitude":"72.915453° E","Count":"797","botanical_name":"Bougainvillea","comman_name":"Paper Flower/ Booganbel","Plant_id":"797","schema_name":"21-02-2026 Parcel 59,58 Morning?JI_20260521083029_0010_D","Geo-Cordinates":"19.132109° N, 72.915453° E","type":"Plant"},"geometry":{"type":"Point","coordinates":[72.9154534165498,19.132108654022513]}},{"type":"Feature","properties":{"Parcel":"Parcel 59","Frame_No":"44","Zone_name":"Academic","ZoneNumber":"Z02","latitude":"19.132109° N","longitude":"72.915462° E","Count":"798","botanical_name":"Bougainvillea","comman_name":"Paper Flower/ Booganbel","Plant_id":"798","schema_name":"21-02-2026 Parcel 59,58 Morning?JI_20260521083029_0010_D","Geo-Cordinates":"19.132109° N, 72.915462° E","type":"Plant"},"geometry":{"type":"Point","coordinates":[72.91546219355276,19.132108654022513]}},{"type":"Feature","properties":{"Parcel":"Parcel 59","Frame_No":"45","Zone_name":"Academic","ZoneNumber":"Z02","latitude":"19.13211° N","longitude":"72.91547° E","Count":"799","botanical_name":"Bougainvillea","comman_name":"Paper Flower/ Booganbel","Plant_id":"799","schema_name":"21-02-2026 Parcel 59,58 Morning?JI_20260521083029_0010_D","Geo-Cordinates":"19.13211° N, 72.91547° E","type":"Plant"},"geometry":{"type":"Point","coordinates":[72.91546960524416,19.132110128192934]}},{"type":"Feature","properties":{"Parcel":"Parcel 59","Frame_No":"46","Zone_name":"Academic","ZoneNumber":"Z02","latitude":"19.132112° N","longitude":"72.915482° E","Count":"800","botanical_name":"Bougainvillea","comman_name":"Paper Flower/ Booganbel","Plant_id":"800","schema_name":"21-02-2026 Parcel 59,58 Morning?JI_20260521083029_0010_D","Geo-Cordinates":"19.132112° N, 72.915482° E","type":"Plant"},"geometry":{"type":"Point","coordinates":[72.91548150295928,19.13211178663464]}},{"type":"Feature","properties":{"Parcel":"Parcel 59","Frame_No":"47","Zone_name":"Academic","ZoneNumber":"Z02","latitude":"19.132113° N","longitude":"72.915489° E","Count":"801","botanical_name":"Bougainvillea","comman_name":"Paper Flower/ Booganbel","Plant_id":"801","schema_name":"21-02-2026 Parcel 59,58 Morning?JI_20260521083029_0010_D","Geo-Cordinates":"19.132113° N, 72.915489° E","type":"Plant"},"geometry":{"type":"Point","coordinates":[72.91548852456165,19.13211270799113]}},{"type":"Feature","properties":{"Parcel":"Parcel 59","Frame_No":"48","Zone_name":"Academic","ZoneNumber":"Z02","latitude":"19.132113° N","longitude":"72.915495° E","Count":"802","botanical_name":"Bougainvillea","comman_name":"Paper Flower/ Booganbel","Plant_id":"802","schema_name":"21-02-2026 Parcel 59,58 Morning?JI_20260521083029_0010_D","Geo-Cordinates":"19.132113° N, 72.915495° E","type":"Plant"},"geometry":{"type":"Point","coordinates":[72.91549476598598,19.13211252371983]}},{"type":"Feature","properties":{"Parcel":"Parcel 59","Frame_No":"49","Zone_name":"Academic","ZoneNumber":"Z02","latitude":"19.132211° N","longitude":"72.91549° E","Count":"803","botanical_name":"Bougainvillea","comman_name":"Paper Flower/ Booganbel","Plant_id":"803","schema_name":"21-02-2026 Parcel 59,58 Morning?JI_20260521083029_0010_D","Geo-Cordinates":"19.132211° N, 72.91549° E","type":"Plant"},"geometry":{"type":"Point","coordinates":[72.91549047500675,19.13221055602161]}},{"type":"Feature","properties":{"Parcel":"Parcel 59","Frame_No":"50","Zone_name":"Academic","ZoneNumber":"Z02","latitude":"19.132201° N","longitude":"72.915491° E","Count":"804","botanical_name":"Bougainvillea","comman_name":"Paper Flower/ Booganbel","Plant_id":"804","schema_name":"21-02-2026 Parcel 59,58 Morning?JI_20260521083029_0010_D","Geo-Cordinates":"19.132201° N, 72.915491° E","type":"Plant"},"geometry":{"type":"Point","coordinates":[72.91549106014028,19.13220097391949]}},{"type":"Feature","properties":{"Parcel":"Parcel 59","Frame_No":"51","Zone_name":"Academic","ZoneNumber":"Z02","latitude":"19.132192° N","longitude":"72.915492° E","Count":"805","botanical_name":"Bougainvillea","comman_name":"Paper Flower/ Booganbel","Plant_id":"805","schema_name":"21-02-2026 Parcel 59,58 Morning?JI_20260521083029_0010_D","Geo-Cordinates":"19.132192° N, 72.915492° E","type":"Plant"},"geometry":{"type":"Point","coordinates":[72.91549203536283,19.132191944630446]}},{"type":"Feature","properties":{"Parcel":"Parcel 59","Frame_No":"52","Zone_name":"Academic","ZoneNumber":"Z02","latitude":"19.132183° N","longitude":"72.91549° E","Count":"806","botanical_name":"Bougainvillea","comman_name":"Paper Flower/ Booganbel","Plant_id":"806","schema_name":"21-02-2026 Parcel 59,58 Morning?JI_20260521083029_0010_D","Geo-Cordinates":"19.132183° N, 72.91549° E","type":"Plant"},"geometry":{"type":"Point","coordinates":[72.91549008491772,19.132183099612128]}},{"type":"Feature","properties":{"Parcel":"Parcel 59","Frame_No":"53","Zone_name":"Academic","ZoneNumber":"Z02","latitude":"19.132175° N","longitude":"72.915493° E","Count":"807","botanical_name":"Bougainvillea","comman_name":"Paper Flower/ Booganbel","Plant_id":"807","schema_name":"21-02-2026 Parcel 59,58 Morning?JI_20260521083029_0010_D","Geo-Cordinates":"19.132175° N, 72.915493° E","type":"Plant"},"geometry":{"type":"Point","coordinates":[72.91549320562989,19.132175175949484]}},{"type":"Feature","properties":{"Parcel":"Parcel 59","Frame_No":"54","Zone_name":"Academic","ZoneNumber":"Z02","latitude":"19.132166° N","longitude":"72.915491° E","Count":"808","botanical_name":"Bougainvillea","comman_name":"Paper Flower/ Booganbel","Plant_id":"808","schema_name":"21-02-2026 Parcel 59,58 Morning?JI_20260521083029_0010_D","Geo-Cordinates":"19.132166° N, 72.915491° E","type":"Plant"},"geometry":{"type":"Point","coordinates":[72.91549125518478,19.132166330930268]}},{"type":"Feature","properties":{"Parcel":"Parcel 59","Frame_No":"55","Zone_name":"Academic","ZoneNumber":"Z02","latitude":"19.13215° N","longitude":"72.915495° E","Count":"809","botanical_name":"Bougainvillea","comman_name":"Paper Flower/ Booganbel","Plant_id":"809","schema_name":"21-02-2026 Parcel 59,58 Morning?JI_20260521083029_0010_D","Geo-Cordinates":"19.13215° N, 72.915495° E","type":"Plant"},"geometry":{"type":"Point","coordinates":[72.915495156075,19.132149930789218]}},{"type":"Feature","properties":{"Parcel":"Parcel 59","Frame_No":"56","Zone_name":"Academic","ZoneNumber":"Z02","latitude":"19.132157° N","longitude":"72.915494° E","Count":"810","botanical_name":"Bougainvillea","comman_name":"Paper Flower/ Booganbel","Plant_id":"810","schema_name":"21-02-2026 Parcel 59,58 Morning?JI_20260521083029_0010_D","Geo-Cordinates":"19.132157° N, 72.915494° E","type":"Plant"},"geometry":{"type":"Point","coordinates":[72.91549437589696,19.132156933096834]}},{"type":"Feature","properties":{"Parcel":"Parcel 59","Frame_No":"57","Zone_name":"Academic","ZoneNumber":"Z02","latitude":"19.132141° N","longitude":"72.915497° E","Count":"811","botanical_name":"Bougainvillea","comman_name":"Paper Flower/ Booganbel","Plant_id":"811","schema_name":"21-02-2026 Parcel 59,58 Morning?JI_20260521083029_0010_D","Geo-Cordinates":"19.132141° N, 72.915497° E","type":"Plant"},"geometry":{"type":"Point","coordinates":[72.91549671643108,19.132140717226118]}},{"type":"Feature","properties":{"Parcel":"Parcel 59","Frame_No":"58","Zone_name":"Academic","ZoneNumber":"Z02","latitude":"19.132138° N","longitude":"72.91551° E","Count":"812","botanical_name":"Bougainvillea","comman_name":"Paper Flower/ Booganbel","Plant_id":"812","schema_name":"21-02-2026 Parcel 59,58 Morning?JI_20260521083029_0010_D","Geo-Cordinates":"19.132138° N, 72.91551° E","type":"Plant"},"geometry":{"type":"Point","coordinates":[72.9155099794578,19.132138137428353]}},{"type":"Feature","properties":{"Parcel":"Parcel 59","Frame_No":"59","Zone_name":"Academic","ZoneNumber":"Z02","latitude":"19.132151° N","longitude":"72.915508° E","Count":"813","botanical_name":"Bougainvillea","comman_name":"Paper Flower/ Booganbel","Plant_id":"813","schema_name":"21-02-2026 Parcel 59,58 Morning?JI_20260521083029_0010_D","Geo-Cordinates":"19.132151° N, 72.915508° E","type":"Plant"},"geometry":{"type":"Point","coordinates":[72.91550802901268,19.132151220688012]}},{"type":"Feature","properties":{"Parcel":"Parcel 59","Frame_No":"60","Zone_name":"Academic","ZoneNumber":"Z02","latitude":"19.132146° N","longitude":"72.915509° E","Count":"814","botanical_name":"Bougainvillea","comman_name":"Paper Flower/ Booganbel","Plant_id":"814","schema_name":"21-02-2026 Parcel 59,58 Morning?JI_20260521083029_0010_D","Geo-Cordinates":"19.132146° N, 72.915509° E","type":"Plant"},"geometry":{"type":"Point","coordinates":[72.91550900423523,19.132146429635302]}},{"type":"Feature","properties":{"Parcel":"Parcel 59","Frame_No":"61","Zone_name":"Academic","ZoneNumber":"Z02","latitude":"19.132161° N","longitude":"72.915508° E","Count":"815","botanical_name":"Bougainvillea","comman_name":"Paper Flower/ Booganbel","Plant_id":"815","schema_name":"21-02-2026 Parcel 59,58 Morning?JI_20260521083029_0010_D","Geo-Cordinates":"19.132161° N, 72.915508° E","type":"Plant"},"geometry":{"type":"Point","coordinates":[72.91550783396816,19.13216098706426]}},{"type":"Feature","properties":{"Parcel":"Parcel 59","Frame_No":"62","Zone_name":"Academic","ZoneNumber":"Z02","latitude":"19.132171° N","longitude":"72.915508° E","Count":"816","botanical_name":"Bougainvillea","comman_name":"Paper Flower/ Booganbel","Plant_id":"816","schema_name":"21-02-2026 Parcel 59,58 Morning?JI_20260521083029_0010_D","Geo-Cordinates":"19.132171° N, 72.915508° E","type":"Plant"},"geometry":{"type":"Point","coordinates":[72.91550822405719,19.132170937711166]}},{"type":"Feature","properties":{"Parcel":"Parcel 59","Frame_No":"63","Zone_name":"Academic","ZoneNumber":"Z02","latitude":"19.132178° N","longitude":"72.915506° E","Count":"817","botanical_name":"Bougainvillea","comman_name":"Paper Flower/ Booganbel","Plant_id":"817","schema_name":"21-02-2026 Parcel 59,58 Morning?JI_20260521083029_0010_D","Geo-Cordinates":"19.132178° N, 72.915506° E","type":"Plant"},"geometry":{"type":"Point","coordinates":[72.91550627361208,19.13217830856034]}},{"type":"Feature","properties":{"Parcel":"Parcel 59","Frame_No":"64","Zone_name":"Academic","ZoneNumber":"Z02","latitude":"19.132186° N","longitude":"72.915505° E","Count":"818","botanical_name":"Bougainvillea","comman_name":"Paper Flower/ Booganbel","Plant_id":"818","schema_name":"21-02-2026 Parcel 59,58 Morning?JI_20260521083029_0010_D","Geo-Cordinates":"19.132186° N, 72.915505° E","type":"Plant"},"geometry":{"type":"Point","coordinates":[72.915504713256,19.13218604795162]}},{"type":"Feature","properties":{"Parcel":"Parcel 59","Frame_No":"65","Zone_name":"Academic","ZoneNumber":"Z02","latitude":"19.132196° N","longitude":"72.915504° E","Count":"819","botanical_name":"Bougainvillea","comman_name":"Paper Flower/ Booganbel","Plant_id":"819","schema_name":"21-02-2026 Parcel 59,58 Morning?JI_20260521083029_0010_D","Geo-Cordinates":"19.132196° N, 72.915504° E","type":"Plant"},"geometry":{"type":"Point","coordinates":[72.91550373803345,19.132195630054607]}},{"type":"Feature","properties":{"Parcel":"Parcel 59","Frame_No":"66","Zone_name":"Academic","ZoneNumber":"Z02","latitude":"19.132202° N","longitude":"72.915505° E","Count":"820","botanical_name":"Bougainvillea","comman_name":"Paper Flower/ Booganbel","Plant_id":"820","schema_name":"21-02-2026 Parcel 59,58 Morning?JI_20260521083029_0010_D","Geo-Cordinates":"19.132202° N, 72.915505° E","type":"Plant"},"geometry":{"type":"Point","coordinates":[72.91550529838953,19.132202079546683]}},{"type":"Feature","properties":{"Parcel":"Parcel 59","Frame_No":"67","Zone_name":"Academic","ZoneNumber":"Z02","latitude":"19.132211° N","longitude":"72.915504° E","Count":"821","botanical_name":"Bougainvillea","comman_name":"Paper Flower/ Booganbel","Plant_id":"821","schema_name":"21-02-2026 Parcel 59,58 Morning?JI_20260521083029_0010_D","Geo-Cordinates":"19.132211° N, 72.915504° E","type":"Plant"},"geometry":{"type":"Point","coordinates":[72.91550354298893,19.13221129310637]}},{"type":"Feature","properties":{"Parcel":"Parcel 59","Frame_No":"68","Zone_name":"Academic","ZoneNumber":"Z02","latitude":"19.132218° N","longitude":"72.915504° E","Count":"822","botanical_name":"Bougainvillea","comman_name":"Paper Flower/ Booganbel","Plant_id":"822","schema_name":"21-02-2026 Parcel 59,58 Morning?JI_20260521083029_0010_D","Geo-Cordinates":"19.132218° N, 72.915504° E","type":"Plant"},"geometry":{"type":"Point","coordinates":[72.91550412812248,19.132218479682557]}},{"type":"Feature","properties":{"Parcel":"Parcel 59","Frame_No":"69","Zone_name":"Academic","ZoneNumber":"Z02","latitude":"19.132161° N","longitude":"72.915371° E","Count":"823","botanical_name":"Bougainvillea","comman_name":"Paper Flower/ Booganbel","Plant_id":"823","schema_name":"21-02-2026 Parcel 59,58 Morning?JI_20260521083029_0010_D","Geo-Cordinates":"19.132161° N, 72.915371° E","type":"Plant"},"geometry":{"type":"Point","coordinates":[72.91537110776642,19.132161171335504]}},{"type":"Feature","properties":{"Parcel":"Parcel 59","Frame_No":"70","Zone_name":"Academic","ZoneNumber":"Z02","latitude":"19.132164° N","longitude":"72.91538° E","Count":"824","botanical_name":"Bougainvillea","comman_name":"Paper Flower/ Booganbel","Plant_id":"824","schema_name":"21-02-2026 Parcel 59,58 Morning?JI_20260521083029_0010_D","Geo-Cordinates":"19.132164° N, 72.91538° E","type":"Plant"},"geometry":{"type":"Point","coordinates":[72.91537968972486,19.13216448821787]}},{"type":"Feature","properties":{"Parcel":"Parcel 59","Frame_No":"71","Zone_name":"Academic","ZoneNumber":"Z02","latitude":"19.132173° N","longitude":"72.915379° E","Count":"825","botanical_name":"Bougainvillea","comman_name":"Paper Flower/ Booganbel","Plant_id":"825","schema_name":"21-02-2026 Parcel 59,58 Morning?JI_20260521083029_0010_D","Geo-Cordinates":"19.132173° N, 72.915379° E","type":"Plant"},"geometry":{"type":"Point","coordinates":[72.91537929963584,19.132172780423492]}},{"type":"Feature","properties":{"Parcel":"Parcel 59","Frame_No":"72","Zone_name":"Academic","ZoneNumber":"Z02","latitude":"19.132164° N","longitude":"72.915363° E","Count":"826","botanical_name":"Bougainvillea","comman_name":"Paper Flower/ Booganbel","Plant_id":"826","schema_name":"21-02-2026 Parcel 59,58 Morning?JI_20260521083029_0010_D","Geo-Cordinates":"19.132164° N, 72.915363° E","type":"Plant"},"geometry":{"type":"Point","coordinates":[72.91536252580795,19.132163935404147]}},{"type":"Feature","properties":{"Parcel":"Parcel 59","Frame_No":"73","Zone_name":"Academic","ZoneNumber":"Z02","latitude":"19.132195° N","longitude":"72.915398° E","Count":"827","botanical_name":"Bougainvillea","comman_name":"Paper Flower/ Booganbel","Plant_id":"827","schema_name":"21-02-2026 Parcel 59,58 Morning?JI_20260521083029_0010_D","Geo-Cordinates":"19.132195° N, 72.915398° E","type":"Plant"},"geometry":{"type":"Point","coordinates":[72.91539841399785,19.13219489296978]}},{"type":"Feature","properties":{"Parcel":"Parcel 59","Frame_No":"74","Zone_name":"Academic","ZoneNumber":"Z02","latitude":"19.132214° N","longitude":"72.915398° E","Count":"828","botanical_name":"Bougainvillea","comman_name":"Paper Flower/ Booganbel","Plant_id":"828","schema_name":"21-02-2026 Parcel 59,58 Morning?JI_20260521083029_0010_D","Geo-Cordinates":"19.132214° N, 72.915398° E","type":"Plant"},"geometry":{"type":"Point","coordinates":[72.91539763381981,19.13221405717417]}},{"type":"Feature","properties":{"Parcel":"Parcel 59","Frame_No":"75","Zone_name":"Academic","ZoneNumber":"Z02","latitude":"19.132217° N","longitude":"72.915414° E","Count":"829","botanical_name":"Bougainvillea","comman_name":"Paper Flower/ Booganbel","Plant_id":"829","schema_name":"21-02-2026 Parcel 59,58 Morning?JI_20260521083029_0010_D","Geo-Cordinates":"19.132217° N, 72.915414° E","type":"Plant"},"geometry":{"type":"Point","coordinates":[72.91541362746966,19.132217005513105]}},{"type":"Feature","properties":{"Parcel":"Parcel 59","Frame_No":"76","Zone_name":"Academic","ZoneNumber":"Z02","latitude":"19.132228° N","longitude":"72.915504° E","Count":"830","botanical_name":"Bougainvillea","comman_name":"Paper Flower/ Booganbel","Plant_id":"830","schema_name":"21-02-2026 Parcel 59,58 Morning?JI_20260521083029_0010_D","Geo-Cordinates":"19.132228° N, 72.915504° E","type":"Plant"},"geometry":{"type":"Point","coordinates":[72.91550373803345,19.132228246054826]}},{"type":"Feature","properties":{"Parcel":"Parcel 59","Frame_No":"77","Zone_name":"Academic","ZoneNumber":"Z02","latitude":"19.132236° N","longitude":"72.915503° E","Count":"831","botanical_name":"Bougainvillea","comman_name":"Paper Flower/ Booganbel","Plant_id":"831","schema_name":"21-02-2026 Parcel 59,58 Morning?JI_20260521083029_0010_D","Geo-Cordinates":"19.132236° N, 72.915503° E","type":"Plant"},"geometry":{"type":"Point","coordinates":[72.91550276281089,19.132235616901447]}},{"type":"Feature","properties":{"Parcel":"Parcel 59","Frame_No":"78","Zone_name":"Academic","ZoneNumber":"Z02","latitude":"19.132242° N","longitude":"72.915503° E","Count":"832","botanical_name":"Bougainvillea","comman_name":"Paper Flower/ Booganbel","Plant_id":"832","schema_name":"21-02-2026 Parcel 59,58 Morning?JI_20260521083029_0010_D","Geo-Cordinates":"19.132242° N, 72.915503° E","type":"Plant"},"geometry":{"type":"Point","coordinates":[72.91550276281089,19.13224188212081]}},{"type":"Feature","properties":{"Parcel":"Parcel 59","Frame_No":"79","Zone_name":"Academic","ZoneNumber":"Z02","latitude":"19.132248° N","longitude":"72.915503° E","Count":"833","botanical_name":"Bougainvillea","comman_name":"Paper Flower/ Booganbel","Plant_id":"833","schema_name":"21-02-2026 Parcel 59,58 Morning?JI_20260521083029_0010_D","Geo-Cordinates":"19.132248° N, 72.915503° E","type":"Plant"},"geometry":{"type":"Point","coordinates":[72.91550256776638,19.132248147339936]}},{"type":"Feature","properties":{"Parcel":"Parcel 59","Frame_No":"80","Zone_name":"Academic","ZoneNumber":"Z02","latitude":"19.132259° N","longitude":"72.915501° E","Count":"834","botanical_name":"Bougainvillea","comman_name":"Paper Flower/ Booganbel","Plant_id":"834","schema_name":"21-02-2026 Parcel 59,58 Morning?JI_20260521083029_0010_D","Geo-Cordinates":"19.132259° N, 72.915501° E","type":"Plant"},"geometry":{"type":"Point","coordinates":[72.9155010074103,19.13225920360841]}},{"type":"Feature","properties":{"Parcel":"Parcel 59","Frame_No":"81","Zone_name":"Academic","ZoneNumber":"Z02","latitude":"19.132263° N","longitude":"72.915501° E","Count":"835","botanical_name":"Bougainvillea","comman_name":"Paper Flower/ Booganbel","Plant_id":"835","schema_name":"21-02-2026 Parcel 59,58 Morning?JI_20260521083029_0010_D","Geo-Cordinates":"19.132263° N, 72.915501° E","type":"Plant"},"geometry":{"type":"Point","coordinates":[72.91550081236579,19.132263257573324]}},{"type":"Feature","properties":{"Parcel":"Parcel 59","Frame_No":"82","Zone_name":"Academic","ZoneNumber":"Z02","latitude":"19.132252° N","longitude":"72.915428° E","Count":"836","botanical_name":"Bougainvillea","comman_name":"Paper Flower/ Booganbel","Plant_id":"836","schema_name":"21-02-2026 Parcel 59,58 Morning?JI_20260521083029_0010_D","Geo-Cordinates":"19.132252° N, 72.915428° E","type":"Plant"},"geometry":{"type":"Point","coordinates":[72.91542825580795,19.132252385576273]}},{"type":"Feature","properties":{"Parcel":"Parcel 59","Frame_No":"1_1","Zone_name":"Academic","ZoneNumber":"Z02","latitude":"19.131467° N","longitude":"72.915531° E","Count":"837","botanical_name":"Dypsis lutescens / Chrysalidocarpus lutescens","comman_name":"Areca Palm / Golden Cane Palm","Plant_id":"837","schema_name":"20-05-2026 Parcel 59,62,63 Morning Garmin?JI_20260520092012_0014_D","Geo-Cordinates":"19.131467° N, 72.915531° E","type":"Plant"},"geometry":{"type":"Point","coordinates":[72.91553062166852,19.13146692796327]}},{"type":"Feature","properties":{"Parcel":"Parcel 59","Frame_No":"1_2","Zone_name":"Academic","ZoneNumber":"Z02","latitude":"19.131468° N","longitude":"72.915541° E","Count":"838","botanical_name":"Dypsis lutescens / Chrysalidocarpus lutescens","comman_name":"Areca Palm / Golden Cane Palm","Plant_id":"838","schema_name":"20-05-2026 Parcel 59,62,63 Morning Garmin?JI_20260520092012_0014_D","Geo-Cordinates":"19.131468° N, 72.915541° E","type":"Plant"},"geometry":{"type":"Point","coordinates":[72.91554089401274,19.131467542203335]}},{"type":"Feature","properties":{"Parcel":"Parcel 59","Frame_No":"1_3","Zone_name":"Academic","ZoneNumber":"Z02","latitude":"19.131481° N","longitude":"72.915537° E","Count":"839","botanical_name":"Dypsis lutescens / Chrysalidocarpus lutescens","comman_name":"Areca Palm / Golden Cane Palm","Plant_id":"839","schema_name":"20-05-2026 Parcel 59,62,63 Morning Garmin?JI_20260520092012_0014_D","Geo-Cordinates":"19.131481° N, 72.915537° E","type":"Plant"},"geometry":{"type":"Point","coordinates":[72.91553725318187,19.131481301180127]}},{"type":"Feature","properties":{"Parcel":"Parcel 59","Frame_No":"2_1","Zone_name":"Academic","ZoneNumber":"Z02","latitude":"19.131471° N","longitude":"72.915549° E","Count":"840","botanical_name":"Dypsis lutescens / Chrysalidocarpus lutescens","comman_name":"Areca Palm / Yellow Butterfly Palm","Plant_id":"840","schema_name":"20-05-2026 Parcel 59,62,63 Morning Garmin?JI_20260520092012_0014_D","Geo-Cordinates":"19.131471° N, 72.915549° E","type":"Plant"},"geometry":{"type":"Point","coordinates":[72.91554921591182,19.131471473339676]}},{"type":"Feature","properties":{"Parcel":"Parcel 59","Frame_No":"2_2","Zone_name":"Academic","ZoneNumber":"Z02","latitude":"19.131472° N","longitude":"72.915559° E","Count":"841","botanical_name":"Dypsis lutescens / Chrysalidocarpus lutescens","comman_name":"Areca Palm / Yellow Butterfly Palm","Plant_id":"841","schema_name":"20-05-2026 Parcel 59,62,63 Morning Garmin?JI_20260520092012_0014_D","Geo-Cordinates":"19.131472° N, 72.915559° E","type":"Plant"},"geometry":{"type":"Point","coordinates":[72.91555857804833,19.131471841883705]}},{"type":"Feature","properties":{"Parcel":"Parcel 59","Frame_No":"3_1","Zone_name":"Academic","ZoneNumber":"Z02","latitude":"19.131477° N","longitude":"72.915562° E","Count":"842","botanical_name":"Dypsis lutescens / Chrysalidocarpus lutescens","comman_name":"Areca Palm / Bamboo Palm","Plant_id":"842","schema_name":"20-05-2026 Parcel 59,62,63 Morning Garmin?JI_20260520092012_0014_D","Geo-Cordinates":"19.131477° N, 72.915562° E","type":"Plant"},"geometry":{"type":"Point","coordinates":[72.9155622188792,19.13147663295598]}},{"type":"Feature","properties":{"Parcel":"Parcel 59","Frame_No":"3_2","Zone_name":"Academic","ZoneNumber":"Z02","latitude":"19.131471° N","longitude":"72.915565° E","Count":"843","botanical_name":"Dypsis lutescens / Chrysalidocarpus lutescens","comman_name":"Areca Palm / Bamboo Palm","Plant_id":"843","schema_name":"20-05-2026 Parcel 59,62,63 Morning Garmin?JI_20260520092012_0014_D","Geo-Cordinates":"19.131471° N, 72.915565° E","type":"Plant"},"geometry":{"type":"Point","coordinates":[72.91556533959135,19.131470613403607]}},{"type":"Feature","properties":{"Parcel":"Parcel 59","Frame_No":"3_3","Zone_name":"Academic","ZoneNumber":"Z02","latitude":"19.131476° N","longitude":"72.91557° E","Count":"844","botanical_name":"Dypsis lutescens / Chrysalidocarpus lutescens","comman_name":"Areca Palm / Bamboo Palm","Plant_id":"844","schema_name":"20-05-2026 Parcel 59,62,63 Morning Garmin?JI_20260520092012_0014_D","Geo-Cordinates":"19.131476° N, 72.91557° E","type":"Plant"},"geometry":{"type":"Point","coordinates":[72.9155700206596,19.13147552732393]}},{"type":"Feature","properties":{"Parcel":"Parcel 59","Frame_No":"3_4","Zone_name":"Academic","ZoneNumber":"Z02","latitude":"19.13147° N","longitude":"72.915573° E","Count":"845","botanical_name":"Dypsis lutescens / Chrysalidocarpus lutescens","comman_name":"Areca Palm / Bamboo Palm","Plant_id":"845","schema_name":"20-05-2026 Parcel 59,62,63 Morning Garmin?JI_20260520092012_0014_D","Geo-Cordinates":"19.13147° N, 72.915573° E","type":"Plant"},"geometry":{"type":"Point","coordinates":[72.91557275128275,19.13146975346753]}},{"type":"Feature","properties":{"Parcel":"Parcel 59","Frame_No":"3_5","Zone_name":"Academic","ZoneNumber":"Z02","latitude":"19.131475° N","longitude":"72.915577° E","Count":"846","botanical_name":"Dypsis lutescens / Chrysalidocarpus lutescens","comman_name":"Areca Palm / Bamboo Palm","Plant_id":"846","schema_name":"20-05-2026 Parcel 59,62,63 Morning Garmin?JI_20260520092012_0014_D","Geo-Cordinates":"19.131475° N, 72.915577° E","type":"Plant"},"geometry":{"type":"Point","coordinates":[72.91557717229166,19.131474544539874]}},{"type":"Feature","properties":{"Parcel":"Parcel 59","Frame_No":"3_6","Zone_name":"Academic","ZoneNumber":"Z02","latitude":"19.13147° N","longitude":"72.915582° E","Count":"847","botanical_name":"Dypsis lutescens / Chrysalidocarpus lutescens","comman_name":"Areca Palm / Bamboo Palm","Plant_id":"847","schema_name":"20-05-2026 Parcel 59,62,63 Morning Garmin?JI_20260520092012_0014_D","Geo-Cordinates":"19.13147° N, 72.915582° E","type":"Plant"},"geometry":{"type":"Point","coordinates":[72.91558159330056,19.13146975346753]}},{"type":"Feature","properties":{"Parcel":"Parcel 59","Frame_No":"3_7","Zone_name":"Academic","ZoneNumber":"Z02","latitude":"19.131474° N","longitude":"72.91559° E","Count":"848","botanical_name":"Dypsis lutescens / Chrysalidocarpus lutescens","comman_name":"Areca Palm / Bamboo Palm","Plant_id":"848","schema_name":"20-05-2026 Parcel 59,62,63 Morning Garmin?JI_20260520092012_0014_D","Geo-Cordinates":"19.131474° N, 72.91559° E","type":"Plant"},"geometry":{"type":"Point","coordinates":[72.91558978516998,19.131474175995855]}},{"type":"Feature","properties":{"Parcel":"Parcel 59","Frame_No":"3_8","Zone_name":"Academic","ZoneNumber":"Z02","latitude":"19.13147° N","longitude":"72.915599° E","Count":"849","botanical_name":"Dypsis lutescens / Chrysalidocarpus lutescens","comman_name":"Areca Palm / Bamboo Palm","Plant_id":"849","schema_name":"20-05-2026 Parcel 59,62,63 Morning Garmin?JI_20260520092012_0014_D","Geo-Cordinates":"19.13147° N, 72.915599° E","type":"Plant"},"geometry":{"type":"Point","coordinates":[72.91559862718779,19.131470122011567]}},{"type":"Feature","properties":{"Parcel":"Parcel 59","Frame_No":"3_9","Zone_name":"Academic","ZoneNumber":"Z02","latitude":"19.131478° N","longitude":"72.915607° E","Count":"850","botanical_name":"Dypsis lutescens / Chrysalidocarpus lutescens","comman_name":"Areca Palm / Bamboo Palm","Plant_id":"850","schema_name":"20-05-2026 Parcel 59,62,63 Morning Garmin?JI_20260520092012_0014_D","Geo-Cordinates":"19.131478° N, 72.915607° E","type":"Plant"},"geometry":{"type":"Point","coordinates":[72.91560694908691,19.13147761574002]}},{"type":"Feature","properties":{"Parcel":"Parcel 59","Frame_No":"3_10","Zone_name":"Academic","ZoneNumber":"Z02","latitude":"19.13147° N","longitude":"72.915612° E","Count":"851","botanical_name":"Dypsis lutescens / Chrysalidocarpus lutescens","comman_name":"Areca Palm / Bamboo Palm","Plant_id":"851","schema_name":"20-05-2026 Parcel 59,62,63 Morning Garmin?JI_20260520092012_0014_D","Geo-Cordinates":"19.13147° N, 72.915612° E","type":"Plant"},"geometry":{"type":"Point","coordinates":[72.91561150012548,19.131469999163556]}},{"type":"Feature","properties":{"Parcel":"Parcel 59","Frame_No":"3_11","Zone_name":"Academic","ZoneNumber":"Z02","latitude":"19.131478° N","longitude":"72.915617° E","Count":"852","botanical_name":"Dypsis lutescens / Chrysalidocarpus lutescens","comman_name":"Areca Palm / Bamboo Palm","Plant_id":"852","schema_name":"20-05-2026 Parcel 59,62,63 Morning Garmin?JI_20260520092012_0014_D","Geo-Cordinates":"19.131478° N, 72.915617° E","type":"Plant"},"geometry":{"type":"Point","coordinates":[72.91561696137177,19.131478107132043]}},{"type":"Feature","properties":{"Parcel":"Parcel 59","Frame_No":"3_12","Zone_name":"Academic","ZoneNumber":"Z02","latitude":"19.131471° N","longitude":"72.915627° E","Count":"853","botanical_name":"Dypsis lutescens / Chrysalidocarpus lutescens","comman_name":"Areca Palm / Bamboo Palm","Plant_id":"853","schema_name":"20-05-2026 Parcel 59,62,63 Morning Garmin?JI_20260520092012_0014_D","Geo-Cordinates":"19.131471° N, 72.915627° E","type":"Plant"},"geometry":{"type":"Point","coordinates":[72.91562671359728,19.13147085909963]}},{"type":"Feature","properties":{"Parcel":"Parcel 59","Frame_No":"3_13","Zone_name":"Academic","ZoneNumber":"Z02","latitude":"19.13148° N","longitude":"72.915628° E","Count":"854","botanical_name":"Dypsis lutescens / Chrysalidocarpus lutescens","comman_name":"Areca Palm / Bamboo Palm","Plant_id":"854","schema_name":"20-05-2026 Parcel 59,62,63 Morning Garmin?JI_20260520092012_0014_D","Geo-Cordinates":"19.13148° N, 72.915628° E","type":"Plant"},"geometry":{"type":"Point","coordinates":[72.91562775383467,19.131480318396097]}},{"type":"Feature","properties":{"Parcel":"Parcel 59","Frame_No":"3_14","Zone_name":"Academic","ZoneNumber":"Z02","latitude":"19.131474° N","longitude":"72.915638° E","Count":"855","botanical_name":"Dypsis lutescens / Chrysalidocarpus lutescens","comman_name":"Areca Palm / Bamboo Palm","Plant_id":"855","schema_name":"20-05-2026 Parcel 59,62,63 Morning Garmin?JI_20260520092012_0014_D","Geo-Cordinates":"19.131474° N, 72.915638° E","type":"Plant"},"geometry":{"type":"Point","coordinates":[72.9156384162679,19.131474053147848]}},{"type":"Feature","properties":{"Parcel":"Parcel 59","Frame_No":"3_15","Zone_name":"Academic","ZoneNumber":"Z02","latitude":"19.131482° N","longitude":"72.915638° E","Count":"856","botanical_name":"Dypsis lutescens / Chrysalidocarpus lutescens","comman_name":"Areca Palm / Bamboo Palm","Plant_id":"856","schema_name":"20-05-2026 Parcel 59,62,63 Morning Garmin?JI_20260520092012_0014_D","Geo-Cordinates":"19.131482° N, 72.915638° E","type":"Plant"},"geometry":{"type":"Point","coordinates":[72.91563763608985,19.131482406812133]}},{"type":"Feature","properties":{"Parcel":"Parcel 59","Frame_No":"3_16","Zone_name":"Academic","ZoneNumber":"Z02","latitude":"19.131477° N","longitude":"72.915648° E","Count":"857","botanical_name":"Dypsis lutescens / Chrysalidocarpus lutescens","comman_name":"Areca Palm / Bamboo Palm","Plant_id":"857","schema_name":"20-05-2026 Parcel 59,62,63 Morning Garmin?JI_20260520092012_0014_D","Geo-Cordinates":"19.131477° N, 72.915648° E","type":"Plant"},"geometry":{"type":"Point","coordinates":[72.91564803846374,19.1314770015]}},{"type":"Feature","properties":{"Parcel":"Parcel 59","Frame_No":"4_1","Zone_name":"Academic","ZoneNumber":"Z02","latitude":"19.131474° N","longitude":"72.915584° E","Count":"858","botanical_name":"Dypsis lutescens / Chrysalidocarpus lutescens","comman_name":"Areca Palm / Golden Cane Palm","Plant_id":"858","schema_name":"20-05-2026 Parcel 59,62,63 Morning Garmin?JI_20260520092012_0014_D","Geo-Cordinates":"19.131474° N, 72.915584° E","type":"Plant"},"geometry":{"type":"Point","coordinates":[72.91558354374565,19.131474053147848]}},{"type":"Feature","properties":{"Parcel":"Parcel 59","Frame_No":"4_2","Zone_name":"Academic","ZoneNumber":"Z02","latitude":"19.131469° N","longitude":"72.915589° E","Count":"859","botanical_name":"Dypsis lutescens / Chrysalidocarpus lutescens","comman_name":"Areca Palm / Golden Cane Palm","Plant_id":"859","schema_name":"20-05-2026 Parcel 59,62,63 Morning Garmin?JI_20260520092012_0014_D","Geo-Cordinates":"19.131469° N, 72.915589° E","type":"Plant"},"geometry":{"type":"Point","coordinates":[72.9155892650513,19.13146926207549]}},{"type":"Feature","properties":{"Parcel":"Parcel 59","Frame_No":"4_3","Zone_name":"Academic","ZoneNumber":"Z02","latitude":"19.131473° N","longitude":"72.915594° E","Count":"860","botanical_name":"Dypsis lutescens / Chrysalidocarpus lutescens","comman_name":"Areca Palm / Golden Cane Palm","Plant_id":"860","schema_name":"20-05-2026 Parcel 59,62,63 Morning Garmin?JI_20260520092012_0014_D","Geo-Cordinates":"19.131473° N, 72.915594° E","type":"Plant"},"geometry":{"type":"Point","coordinates":[72.91559446623823,19.13147343890781]}},{"type":"Feature","properties":{"Parcel":"Parcel 59","Frame_No":"5","Zone_name":"Academic","ZoneNumber":"Z02","latitude":"19.131481° N","longitude":"72.915645° E","Count":"861","botanical_name":"Dypsis lutescens / Chrysalidocarpus lutescens","comman_name":"Areca Palm / Bamboo Palm","Plant_id":"861","schema_name":"20-05-2026 Parcel 59,62,63 Morning Garmin?JI_20260520092012_0014_D","Geo-Cordinates":"19.131481° N, 72.915645° E","type":"Plant"},"geometry":{"type":"Point","coordinates":[72.91564504778125,19.131480932636116]}},{"type":"Feature","properties":{"Parcel":"Parcel 59","Frame_No":"6","Zone_name":"Academic","ZoneNumber":"Z02","latitude":"19.131486° N","longitude":"72.915647° E","Count":"862","botanical_name":"Ixora coccinea / Tabernaemontana sp.","comman_name":"Jungle Flame / Crape Jasmine","Plant_id":"862","schema_name":"20-05-2026 Parcel 59,62,63 Morning Garmin?JI_20260520092012_0014_D","Geo-Cordinates":"19.131486° N, 72.915647° E","type":"Plant"},"geometry":{"type":"Point","coordinates":[72.91564699822636,19.131486337948125]}},{"type":"Feature","properties":{"Parcel":"Parcel 59","Frame_No":"7","Zone_name":"Academic","ZoneNumber":"Z02","latitude":"19.131633° N","longitude":"72.916038° E","Count":"863","botanical_name":"Epipremnum aureum","comman_name":"Golden Pothos / Money Plant","Plant_id":"863","schema_name":"20-05-2026 Parcel 59,62,63 Morning Garmin?JI_20260520092012_0014_D","Geo-Cordinates":"19.131633° N, 72.916038° E","type":"Plant"},"geometry":{"type":"Point","coordinates":[72.91603760736574,19.131632772697024]}},{"type":"Feature","properties":{"Parcel":"Parcel 59","Frame_No":"8_1","Zone_name":"Academic","ZoneNumber":"Z02","latitude":"19.131697° N","longitude":"72.916062° E","Count":"864","botanical_name":"Cordyline fruticosa / Cordyline terminalis","comman_name":"Ti Plant / Hawaiian Ti","Plant_id":"864","schema_name":"20-05-2026 Parcel 59,62,63 Morning Garmin?JI_20260520092012_0014_D","Geo-Cordinates":"19.131697° N, 72.916062° E","type":"Plant"},"geometry":{"type":"Point","coordinates":[72.91606166285536,19.13169677643493]}},{"type":"Feature","properties":{"Parcel":"Parcel 59","Frame_No":"8_2","Zone_name":"Academic","ZoneNumber":"Z02","latitude":"19.131678° N","longitude":"72.916064° E","Count":"865","botanical_name":"Cordyline fruticosa / Cordyline terminalis","comman_name":"Ti Plant / Hawaiian Ti","Plant_id":"865","schema_name":"20-05-2026 Parcel 59,62,63 Morning Garmin?JI_20260520092012_0014_D","Geo-Cordinates":"19.131678° N, 72.916064° E","type":"Plant"},"geometry":{"type":"Point","coordinates":[72.91606361330047,19.131677980714088]}},{"type":"Feature","properties":{"Parcel":"Parcel 59","Frame_No":"8_3","Zone_name":"Academic","ZoneNumber":"Z02","latitude":"19.131689° N","longitude":"72.91607° E","Count":"866","botanical_name":"Cordyline fruticosa / Cordyline terminalis","comman_name":"Ti Plant / Hawaiian Ti","Plant_id":"866","schema_name":"20-05-2026 Parcel 59,62,63 Morning Garmin?JI_20260520092012_0014_D","Geo-Cordinates":"19.131689° N, 72.91607° E","type":"Plant"},"geometry":{"type":"Point","coordinates":[72.91607037484349,19.131689159868568]}},{"type":"Feature","properties":{"Parcel":"Parcel 59","Frame_No":"8_4","Zone_name":"Academic","ZoneNumber":"Z02","latitude":"19.131688° N","longitude":"72.916054° E","Count":"867","botanical_name":"Cordyline fruticosa / Cordyline terminalis","comman_name":"Ti Plant / Hawaiian Ti","Plant_id":"867","schema_name":"20-05-2026 Parcel 59,62,63 Morning Garmin?JI_20260520092012_0014_D","Geo-Cordinates":"19.131688° N, 72.916054° E","type":"Plant"},"geometry":{"type":"Point","coordinates":[72.91605438119363,19.131687808542242]}},{"type":"Feature","properties":{"Parcel":"Parcel 59","Frame_No":"8_5","Zone_name":"Academic","ZoneNumber":"Z02","latitude":"19.131693° N","longitude":"72.916067° E","Count":"868","botanical_name":"Cordyline fruticosa / Cordyline terminalis","comman_name":"Ti Plant / Hawaiian Ti","Plant_id":"868","schema_name":"20-05-2026 Parcel 59,62,63 Morning Garmin?JI_20260520092012_0014_D","Geo-Cordinates":"19.131693° N, 72.916067° E","type":"Plant"},"geometry":{"type":"Point","coordinates":[72.91606699407197,19.13169345954317]}},{"type":"Feature","properties":{"Parcel":"Parcel 59","Frame_No":"8_6","Zone_name":"Academic","ZoneNumber":"Z02","latitude":"19.131684° N","longitude":"72.916069° E","Count":"869","botanical_name":"Cordyline fruticosa / Cordyline terminalis","comman_name":"Ti Plant / Hawaiian Ti","Plant_id":"869","schema_name":"20-05-2026 Parcel 59,62,63 Morning Garmin?JI_20260520092012_0014_D","Geo-Cordinates":"19.131684° N, 72.916069° E","type":"Plant"},"geometry":{"type":"Point","coordinates":[72.91606933460609,19.1316835088675]}},{"type":"Feature","properties":{"Parcel":"Parcel 59","Frame_No":"8_7","Zone_name":"Academic","ZoneNumber":"Z02","latitude":"19.131682° N","longitude":"72.916057° E","Count":"870","botanical_name":"Cordyline fruticosa / Cordyline terminalis","comman_name":"Ti Plant / Hawaiian Ti","Plant_id":"870","schema_name":"20-05-2026 Parcel 59,62,63 Morning Garmin?JI_20260520092012_0014_D","Geo-Cordinates":"19.131682° N, 72.916057° E","type":"Plant"},"geometry":{"type":"Point","coordinates":[72.91605724184645,19.131681543301863]}},{"type":"Feature","properties":{"Parcel":"Parcel 59","Frame_No":"8_8","Zone_name":"Academic","ZoneNumber":"Z02","latitude":"19.131692° N","longitude":"72.916056° E","Count":"871","botanical_name":"Cordyline fruticosa / Cordyline terminalis","comman_name":"Ti Plant / Hawaiian Ti","Plant_id":"871","schema_name":"20-05-2026 Parcel 59,62,63 Morning Garmin?JI_20260520092012_0014_D","Geo-Cordinates":"19.131692° N, 72.916056° E","type":"Plant"},"geometry":{"type":"Point","coordinates":[72.91605581152004,19.13169235391257]}},{"type":"Feature","properties":{"Parcel":"Parcel 59","Frame_No":"9_1","Zone_name":"Academic","ZoneNumber":"Z02","latitude":"19.131719° N","longitude":"72.916072° E","Count":"872","botanical_name":"Cordyline fruticosa / Dracaena reflexa var. angustifolia","comman_name":"Green Ti Plant / Pleomele","Plant_id":"872","schema_name":"20-05-2026 Parcel 59,62,63 Morning Garmin?JI_20260520092012_0014_D","Geo-Cordinates":"19.131719° N, 72.916072° E","type":"Plant"},"geometry":{"type":"Point","coordinates":[72.91607206522922,19.131718520501465]}},{"type":"Feature","properties":{"Parcel":"Parcel 59","Frame_No":"9_2","Zone_name":"Academic","ZoneNumber":"Z02","latitude":"19.131711° N","longitude":"72.916073° E","Count":"873","botanical_name":"Cordyline fruticosa / Dracaena reflexa var. angustifolia","comman_name":"Green Ti Plant / Pleomele","Plant_id":"873","schema_name":"20-05-2026 Parcel 59,62,63 Morning Garmin?JI_20260520092012_0014_D","Geo-Cordinates":"19.131711° N, 72.916073° E","type":"Plant"},"geometry":{"type":"Point","coordinates":[72.91607284540727,19.131710535392614]}},{"type":"Feature","properties":{"Parcel":"Parcel 59","Frame_No":"9_3","Zone_name":"Academic","ZoneNumber":"Z02","latitude":"19.131715° N","longitude":"72.916078° E","Count":"874","botanical_name":"Cordyline fruticosa / Dracaena reflexa var. angustifolia","comman_name":"Green Ti Plant / Pleomele","Plant_id":"874","schema_name":"20-05-2026 Parcel 59,62,63 Morning Garmin?JI_20260520092012_0014_D","Geo-Cordinates":"19.131715° N, 72.916078° E","type":"Plant"},"geometry":{"type":"Point","coordinates":[72.91607765650518,19.131714589371]}},{"type":"Feature","properties":{"Parcel":"Parcel 59","Frame_No":"9_4","Zone_name":"Academic","ZoneNumber":"Z02","latitude":"19.131714° N","longitude":"72.916069° E","Count":"875","botanical_name":"Cordyline fruticosa / Dracaena reflexa var. angustifolia","comman_name":"Green Ti Plant / Pleomele","Plant_id":"875","schema_name":"20-05-2026 Parcel 59,62,63 Morning Garmin?JI_20260520092012_0014_D","Geo-Cordinates":"19.131714° N, 72.916069° E","type":"Plant"},"geometry":{"type":"Point","coordinates":[72.91606894451705,19.131713975131863]}},{"type":"Feature","properties":{"Parcel":"Parcel 59","Frame_No":"10","Zone_name":"Academic","ZoneNumber":"Z02","latitude":"19.131748° N","longitude":"72.916069° E","Count":"876","botanical_name":"Clerodendrum inerme / Solanum sp.","comman_name":"Wild Jasmine / Garden Shrub","Plant_id":"876","schema_name":"20-05-2026 Parcel 59,62,63 Morning Garmin?JI_20260520092012_0014_D","Geo-Cordinates":"19.131748° N, 72.916069° E","type":"Plant"},"geometry":{"type":"Point","coordinates":[72.91606894451705,19.13174812682475]}},{"type":"Feature","properties":{"Parcel":"Parcel 59","Frame_No":"11_1","Zone_name":"Academic","ZoneNumber":"Z02","latitude":"19.131741° N","longitude":"72.916062° E","Count":"877","botanical_name":"Codiaeum variegatum (narrow-leaf cultivar)","comman_name":"Narrow-Leaf Croton / False Aralia","Plant_id":"877","schema_name":"20-05-2026 Parcel 59,62,63 Morning Garmin?JI_20260520092012_0014_D","Geo-Cordinates":"19.131741° N, 72.916062° E","type":"Plant"},"geometry":{"type":"Point","coordinates":[72.91606244303337,19.131741247347616]}},{"type":"Feature","properties":{"Parcel":"Parcel 59","Frame_No":"11_2","Zone_name":"Academic","ZoneNumber":"Z02","latitude":"19.131738° N","longitude":"72.916069° E","Count":"878","botanical_name":"Codiaeum variegatum (narrow-leaf cultivar)","comman_name":"Narrow-Leaf Croton / False Aralia","Plant_id":"878","schema_name":"20-05-2026 Parcel 59,62,63 Morning Garmin?JI_20260520092012_0014_D","Geo-Cordinates":"19.131738° N, 72.916069° E","type":"Plant"},"geometry":{"type":"Point","coordinates":[72.91606946463574,19.13173805330456]}},{"type":"Feature","properties":{"Parcel":"Parcel 59","Frame_No":"12","Zone_name":"Academic","ZoneNumber":"Z02","latitude":"19.131766° N","longitude":"72.916018° E","Count":"879","botanical_name":"Bougainvillea sp.","comman_name":"Bougainvillea Shrub","Plant_id":"879","schema_name":"20-05-2026 Parcel 59,62,63 Morning Garmin?JI_20260520092012_0014_D","Geo-Cordinates":"19.131766° N, 72.916018° E","type":"Plant"},"geometry":{"type":"Point","coordinates":[72.91601823294437,19.1317658169075]}},{"type":"Feature","properties":{"Parcel":"Parcel 59","Frame_No":"13","Zone_name":"Academic","ZoneNumber":"Z02","latitude":"19.131732° N","longitude":"72.916019° E","Count":"880","botanical_name":"Monoon longifolium / Polyalthia longifolia","comman_name":"Mast Tree / Ashoka","Plant_id":"880","schema_name":"20-05-2026 Parcel 59,62,63 Morning Garmin?JI_20260520092012_0014_D","Geo-Cordinates":"19.131732° N, 72.916019° E","type":"Plant"},"geometry":{"type":"Point","coordinates":[72.91601901312241,19.131731665218265]}},{"type":"Feature","properties":{"Parcel":"Parcel 59","Frame_No":"14","Zone_name":"Academic","ZoneNumber":"Z02","latitude":"19.131821° N","longitude":"72.915948° E","Count":"881","botanical_name":"Hemigraphis alternata / Graptophyllum pictum","comman_name":"Red Ivy / Caricature Plant","Plant_id":"881","schema_name":"20-05-2026 Parcel 59,62,63 Morning Garmin?JI_20260520092012_0014_D","Geo-Cordinates":"19.131821° N, 72.915948° E","type":"Plant"},"geometry":{"type":"Point","coordinates":[72.91594801692065,19.131821098403883]}},{"type":"Feature","properties":{"Parcel":"Parcel 59","Frame_No":"15_1","Zone_name":"Academic","ZoneNumber":"Z02","latitude":"19.131858° N","longitude":"72.916048° E","Count":"882","botanical_name":"Codiaeum variegatum 'Gold Dust'","comman_name":"Gold Dust Croton / Japanese Laurel (Aucuba)","Plant_id":"882","schema_name":"20-05-2026 Parcel 59,62,63 Morning Garmin?JI_20260520092012_0014_D","Geo-Cordinates":"19.131858° N, 72.916048° E","type":"Plant"},"geometry":{"type":"Point","coordinates":[72.91604787970998,19.131858444115412]}},{"type":"Feature","properties":{"Parcel":"Parcel 59","Frame_No":"15_2","Zone_name":"Academic","ZoneNumber":"Z02","latitude":"19.131825° N","longitude":"72.91605° E","Count":"883","botanical_name":"Codiaeum variegatum 'Gold Dust'","comman_name":"Gold Dust Croton / Japanese Laurel (Aucuba)","Plant_id":"883","schema_name":"20-05-2026 Parcel 59,62,63 Morning Garmin?JI_20260520092012_0014_D","Geo-Cordinates":"19.131825° N, 72.91605° E","type":"Plant"},"geometry":{"type":"Point","coordinates":[72.91605048030344,19.131825029531814]}},{"type":"Feature","properties":{"Parcel":"Parcel 59","Frame_No":"15_3","Zone_name":"Academic","ZoneNumber":"Z02","latitude":"19.131839° N","longitude":"72.916064° E","Count":"884","botanical_name":"Codiaeum variegatum 'Gold Dust'","comman_name":"Gold Dust Croton / Japanese Laurel (Aucuba)","Plant_id":"884","schema_name":"20-05-2026 Parcel 59,62,63 Morning Garmin?JI_20260520092012_0014_D","Geo-Cordinates":"19.131839° N, 72.916064° E","type":"Plant"},"geometry":{"type":"Point","coordinates":[72.9160640033895,19.131838788478824]}},{"type":"Feature","properties":{"Parcel":"Parcel 59","Frame_No":"15_4","Zone_name":"Academic","ZoneNumber":"Z02","latitude":"19.131838° N","longitude":"72.916034° E","Count":"885","botanical_name":"Codiaeum variegatum 'Gold Dust'","comman_name":"Gold Dust Croton / Japanese Laurel (Aucuba)","Plant_id":"885","schema_name":"20-05-2026 Parcel 59,62,63 Morning Garmin?JI_20260520092012_0014_D","Geo-Cordinates":"19.131838° N, 72.916034° E","type":"Plant"},"geometry":{"type":"Point","coordinates":[72.91603435662391,19.131838297087878]}},{"type":"Feature","properties":{"Parcel":"Parcel 59","Frame_No":"15_5","Zone_name":"Academic","ZoneNumber":"Z02","latitude":"19.13185° N","longitude":"72.916058° E","Count":"886","botanical_name":"Codiaeum variegatum 'Gold Dust'","comman_name":"Gold Dust Croton / Japanese Laurel (Aucuba)","Plant_id":"886","schema_name":"20-05-2026 Parcel 59,62,63 Morning Garmin?JI_20260520092012_0014_D","Geo-Cordinates":"19.13185° N, 72.916058° E","type":"Plant"},"geometry":{"type":"Point","coordinates":[72.91605828208384,19.13185009047015]}},{"type":"Feature","properties":{"Parcel":"Parcel 59","Frame_No":"15_6","Zone_name":"Academic","ZoneNumber":"Z02","latitude":"19.131829° N","longitude":"72.916061° E","Count":"887","botanical_name":"Codiaeum variegatum 'Gold Dust'","comman_name":"Gold Dust Croton / Japanese Laurel (Aucuba)","Plant_id":"887","schema_name":"20-05-2026 Parcel 59,62,63 Morning Garmin?JI_20260520092012_0014_D","Geo-Cordinates":"19.131829° N, 72.916061° E","type":"Plant"},"geometry":{"type":"Point","coordinates":[72.91606088267731,19.13182945205062]}},{"type":"Feature","properties":{"Parcel":"Parcel 59","Frame_No":"16","Zone_name":"Academic","ZoneNumber":"Z02","latitude":"19.131884° N","longitude":"72.916037° E","Count":"888","botanical_name":"Holarrhena pubescens / Wrightia tinctoria","comman_name":"Indrajau / Pale Indigo Tree","Plant_id":"888","schema_name":"20-05-2026 Parcel 59,62,63 Morning Garmin?JI_20260520092012_0014_D","Geo-Cordinates":"19.131884° N, 72.916037° E","type":"Plant"},"geometry":{"type":"Point","coordinates":[72.91603695721739,19.13188350504868]}}]}