{"type":"FeatureCollection","name":"Tree","features":[{"type":"Feature","properties":{"fid":154,"Tree_id":1,"Zone_name":"Academic","ZoneNumber":"Z02","Parcel No":"P59","canopyArea":122.595,"Count":1,"Type":"Tree","canopy_daimeter":12.494,"latitude":"19.131411° N","longitude":"72.915645° E","Geo-Coordinates":"19.131411° N, 72.915645° E","image_no":1,"botanical_name":"Alstonia scholaris","comman_name":"Scholar Tree / Devil Tree","tree_height":20.07,"canopy_height":12.042,"DbH":64.53},"geometry":{"type":"MultiPolygon","coordinates":[[[[72.91555192069048,19.131373633930707],[72.91555325710655,19.13137692265787],[72.91555765473905,19.1313795266101],[72.91556412796889,19.13138457012927],[72.9155640552066,19.131390367788445],[72.9155627324951,19.131391595324608],[72.91555739487293,19.131400232535693],[72.91555640392126,19.13140974738182],[72.91555713500647,19.131420938461257],[72.91556838888357,19.131427002594876],[72.91557483612898,19.13143411670641],[72.9155804483426,19.131438322108618],[72.91558912609496,19.131441319733394],[72.91558906892512,19.131445875037098],[72.91558857085128,19.13145083951956],[72.91559588431464,19.131458377628526],[72.91560285042486,19.131458870782687],[72.91561027822794,19.13145729828368],[72.91561424636319,19.131453615674246],[72.91561646127708,19.131450741543006],[72.91561872816274,19.131443726226482],[72.91562445471567,19.13143882101989],[72.91562967799855,19.13143929441431],[72.91563444478626,19.131441419343073],[72.91563900685567,19.131436708022857],[72.91565893285237,19.131428857463412],[72.91566394607744,19.13142870720924],[72.91566680661346,19.131432260147243],[72.91567557791423,19.131427803634313],[72.91567823373042,19.131424520323186],[72.9156746805157,19.13142986434793],[72.91567195194065,19.131438945318553],[72.91567235646504,19.13144143496934],[72.91567920824028,19.131451038728475],[72.91568661525451,19.13145112270046],[72.91569318203734,19.131448712081863],[72.91570153322269,19.13144300827256],[72.91570855649957,19.13143894611864],[72.91571472915051,19.13143321761132],[72.91572436666672,19.131429185093378],[72.91573624507846,19.13142020784921],[72.9157390617196,19.13141568382787],[72.91573993832978,19.131415279588087],[72.91574786419902,19.131408742599852],[72.91575334964611,19.131399899969487],[72.9157558680201,19.131395993832758],[72.91575186996633,19.13139143613105],[72.91555192069048,19.131373633930707]]]]}},{"type":"Feature","properties":{"fid":211,"Tree_id":2,"Zone_name":"Academic","ZoneNumber":"Z02","Parcel No":"P59","canopyArea":38.206,"Count":2,"Type":"Tree","canopy_daimeter":6.975,"latitude":"19.132361° N","longitude":"72.915645° E","Geo-Coordinates":"19.132361° N, 72.915645° E","image_no":2,"botanical_name":"Mangifera indica","comman_name":"Mango Tree","tree_height":21.65,"canopy_height":12.99,"DbH":45.65},"geometry":{"type":"MultiPolygon","coordinates":[[[[72.91562406224914,19.132393115883424],[72.91561981950153,19.13238395587772],[72.91562079486893,19.132375683387853],[72.91562521432948,19.132370763365017],[72.91562182740809,19.13236285559462],[72.91562365860096,19.132355835339958],[72.91562457159861,19.132352532271838],[72.91562206129306,19.132344220262762],[72.9156212782315,19.132337170368725],[72.91563005997847,19.132331885626034],[72.91563403333367,19.132327788899957],[72.91564323519663,19.132323751451864],[72.91564497803262,19.132323771211222],[72.91565115591902,19.132317628591373],[72.9156597921386,19.13232393916498],[72.9156650154493,19.132324412561005],[72.91566981344566,19.132324052780096],[72.91567153549245,19.132325729013196],[72.91567238092392,19.132327809485247],[72.91566925300101,19.132333986684312],[72.91566568417149,19.13234057306201],[72.91566562180353,19.132345542483986],[72.91566860420171,19.132350960602967],[72.91566858860972,19.132352202958465],[72.9156680749407,19.132358409796154],[72.9156688943856,19.132362560860713],[72.91567311114902,19.132373791457994],[72.91567305917579,19.13237793264297],[72.91566997802778,19.13238038277546],[72.91566558975218,19.132382818088495],[72.91565724890984,19.13238769365403],[72.91565197882078,19.13239094732403],[72.91564758014991,19.132394210873557],[72.91563969580534,19.132397434904078],[72.91563767462311,19.132396445574898],[72.9156360898706,19.13240119064795],[72.9156329827345,19.132405711372158],[72.91562837920185,19.132407937154998],[72.9156242373656,19.1324080972852],[72.91561993224813,19.13240390670126],[72.9156217634417,19.132396886446685],[72.91562201248105,19.132394404205737],[72.91562406224914,19.132393115883424]]]]}},{"type":"Feature","properties":{"fid":399,"Tree_id":3,"Zone_name":"Academic","ZoneNumber":"Z02","Parcel No":"P59","canopyArea":19.583,"Count":3,"Type":"Tree","canopy_daimeter":4.993,"latitude":"19.131379° N","longitude":"72.915434° E","Geo-Coordinates":"19.131379° N, 72.915434° E","image_no":6,"botanical_name":"Conocarpus erectus","comman_name":"Buttonwood / Silver Buttonwood","tree_height":19.21,"canopy_height":11.526,"DbH":35.49},"geometry":{"type":"MultiPolygon","coordinates":[[[[72.91540139435212,19.131360232030296],[72.91540039361375,19.131364068579074],[72.91540063821432,19.131366711443153],[72.9154063910769,19.131373112888575],[72.91540450308324,19.131375995581738],[72.91540942606241,19.131382123608567],[72.91541601543601,19.131388270529264],[72.91542128903752,19.131388594331625],[72.91542571618946,19.13138996457294],[72.9154287480534,19.13139184701228],[72.91543204439729,19.131394788486602],[72.91543782045389,19.131399342130653],[72.91544030679277,19.131400426357356],[72.91544196324766,19.131401237165655],[72.91544638708704,19.131402871378032],[72.91545138958298,19.131402664087606],[72.91545471262144,19.131396101537394],[72.9154577974953,19.131393760432058],[72.91545984101437,19.1313858633291],[72.91545993709377,19.13137820815514],[72.91545973887537,19.13137186968981],[72.9154582885916,19.131365297528866],[72.91540139435212,19.131360232030296]]]]}},{"type":"Feature","properties":{"fid":400,"Tree_id":4,"Zone_name":"Academic","ZoneNumber":"Z02","Parcel No":"P59","canopyArea":145.786,"Count":4,"Type":"Tree","canopy_daimeter":13.624,"latitude":"19.131456° N","longitude":"72.915386° E","Geo-Coordinates":"19.131456° N, 72.915386° E","image_no":7,"botanical_name":"Acacia auriculiformis","comman_name":"Northern Black Wattle / Australian Acacia","tree_height":20.59,"canopy_height":12.354,"DbH":69.75},"geometry":{"type":"MultiPolygon","coordinates":[[[[72.9153613874559,19.131356670072478],[72.9153351290614,19.131518037887826],[72.91533565139343,19.131520683901023],[72.91534226064879,19.131525246995587],[72.91534723001537,19.13152767942327],[72.91535384921119,19.13153145060299],[72.91535546590751,19.131535429070077],[72.91535763806907,19.131539413835377],[72.91535983673693,19.131541286828686],[72.91536456481757,19.131540812420432],[72.91536759668331,19.131542694860943],[72.91537227506522,19.13154618002493],[72.91537589221561,19.131545693020048],[72.91537839843554,19.131545193418763],[72.91538289848219,19.13154075628845],[72.91538405248461,19.13153733725527],[72.91538490224855,19.131536026844973],[72.91538879713127,19.131535542988857],[72.9153910024259,19.13153688803884],[72.91539426563949,19.131542469228997],[72.91539813070348,19.131544361116212],[72.91540256779878,19.131544939443927],[72.91540645605532,19.13154498353046],[72.91541227518738,19.131546105546132],[72.9154153567516,19.131544028413362],[72.91542040232302,19.13154038949461],[72.91542420592384,19.131532424345746],[72.91542699318927,19.131531663921276],[72.91542979370728,19.131529847610732],[72.91543204869953,19.13152723308764],[72.91543292496826,19.13152381090501],[72.91543269030666,19.131520376126417],[72.91543274000392,19.131516416553794],[72.91543057778016,19.131511639874716],[72.91542731125261,19.13150632265663],[72.91542625333298,19.131502086516523],[72.91542707126007,19.13149593557867],[72.91542655555288,19.1314927616226],[72.9154251867692,19.131491162048572],[72.91541992973025,19.131489518388484],[72.91541216647245,19.13148837433014],[72.9154077426313,19.13148674011677],[72.91540554065034,19.131485131095545],[72.9154027832044,19.13148351577622],[72.91539691106335,19.13148661730451],[72.9153899147392,19.131490762122382],[72.9153840558506,19.131492807764214],[72.9153799296216,19.131489592870256],[72.91537833611758,19.13148376660285],[72.91537949674604,19.13147981962664],[72.91538037964192,19.131475869501323],[72.91537931509716,19.13147216130407],[72.91537963590159,19.131468732823638],[72.91538300513676,19.13146586692586],[72.91538526344193,19.13146298843179],[72.91538536283836,19.13145506928675],[72.91538844771428,19.13145272818279],[72.91539868736993,19.131455748383825],[72.91540230451827,19.131455261378207],[72.91540482067633,19.13145396986191],[72.9154104250231,19.131450073269715],[72.91541221160503,19.1314478934509],[72.91541168927185,19.13144524743781],[72.91540758623556,19.13144018474398],[72.91541239051617,19.131433638989567],[72.91541435120895,19.131432341175067],[72.91542126801431,19.131434531672145],[72.91542323202023,19.13143296988605],[72.91543024490677,19.131427505209025],[72.91543611704512,19.131424403679397],[72.91544054088499,19.131426037891966],[72.91544302722428,19.13142712211867],[72.91544663111952,19.131427690998162],[72.915449448201,19.131424554829533],[72.91545279092932,19.1314238007024],[72.91545473505622,19.131423822744992],[72.91546031289619,19.131422037923173],[72.91546314322966,19.13141784586825],[72.91546456502252,19.131415221897722],[72.91546326912682,19.13140781495065],[72.91546299139443,19.13140781180172],[72.9154569011604,19.13140615869611],[72.91545634900872,19.13140588842672],[72.91545024883554,19.131405027235434],[72.91544358325835,19.131404951660585],[72.91544192017717,19.13140466879532],[72.91543642185266,19.131400118300355],[72.91543256673074,19.131397434499668],[72.91542760730577,19.131394210159954],[72.9154253953863,19.13139339305359],[72.91541875300173,19.131391469677315],[72.91541543346607,19.131390376003335],[72.9154104906075,19.131385831805694],[72.91540775635521,19.13138236868603],[72.91540392773955,19.13137757311277],[72.91540339878027,19.131375455042683],[72.9154004099882,19.13137014097338],[72.91539629038799,19.131366398137],[72.9153929774794,19.131364776519685],[72.9153896579445,19.131363682845308],[72.91538467532904,19.131362306305135],[72.91538079370322,19.131361734275558],[72.91537857184484,19.13136170908317],[72.9153752224912,19.13136299115208],[72.915371334239,19.131362947065266],[72.91536745261327,19.131362375035394],[72.91536161234426,19.1313566900951],[72.9153613874559,19.131356670072478]]]]}},{"type":"Feature","properties":{"fid":401,"Tree_id":5,"Zone_name":"Academic","ZoneNumber":"Z02","Parcel No":"P59","canopyArea":299.332,"Count":5,"Type":"Tree","canopy_daimeter":19.522,"latitude":"19.131628° N","longitude":"72.915388° E","Geo-Coordinates":"19.131628° N, 72.915388° E","image_no":8,"botanical_name":"Samanea saman","comman_name":"Rain Tree","tree_height":20.65,"canopy_height":12.39,"DbH":92.39},"geometry":{"type":"MultiPolygon","coordinates":[[[[72.9153344576305,19.131527270591732],[72.91534329205997,19.131531594907912],[72.91534548741423,19.13153373187287],[72.91535129329218,19.131535909776364],[72.91535512522262,19.131540441379354],[72.91535649400595,19.131542040953875],[72.91535898365947,19.131542861210338],[72.91536313970866,19.13154370036136],[72.91536451843187,19.131544508021364],[72.91537032431047,19.131546685924313],[72.91537447373332,19.131548053018097],[72.91537697001354,19.13154834533133],[72.9153836422227,19.13154789296615],[72.91538752053957,19.13154872896758],[72.91538976559303,19.13154690635959],[72.91539756529862,19.13154514673262],[72.91540199245433,19.13154651697485],[72.9154058707713,19.131547352975915],[72.91540836042523,19.131548173231742],[72.91541224205548,19.131548745261156],[72.91541250322216,19.131550068267707],[72.91541357770758,19.131552984550343],[72.91541633515472,19.131554599869602],[72.91542327957481,19.13155459060453],[72.91542987226835,19.131560473553808],[72.91543758914554,19.131565313212842],[72.91544867857274,19.131567023001217],[72.91545864381713,19.13156977607917],[72.91546193022546,19.131573509467806],[72.91546464128993,19.131578820387578],[72.91546681676782,19.13158254118035],[72.91546956096359,19.131585212384937],[72.91548111309159,19.131594319671787],[72.9154843531177,19.13160174866133],[72.91548480919059,19.131609674104592],[72.91548798958162,19.131621854581347],[72.91548904750336,19.131626090721273],[72.91548947707176,19.131636127936652],[72.91548883546602,19.131642984898143],[72.91548206386001,19.131651356412203],[72.91547025993151,19.13166231095984],[72.91546349495003,19.131670154530003],[72.91545733844383,19.131673780853696],[72.91545007100602,19.1316773945812],[72.91544445008601,19.13168261103139],[72.9154438217307,19.13168841210651],[72.91544634984957,19.13169354494626],[72.91544949710709,19.131708365138508],[72.91544830665964,19.131714687858626],[72.91544211701967,19.131720953896643],[72.91543652260327,19.131724058574395],[72.91542814423111,19.131727659704687],[72.9154248151368,19.131729877205377],[72.91542293043854,19.131725239231763],[72.91542063248406,19.13173141261661],[72.91541841398536,19.13173125555942],[72.9154151910626,19.13173372517316],[72.915403100263,19.13169811565506],[72.91539990661478,19.131697946525616],[72.91539493724241,19.13169551409882],[72.91538882711954,19.131695444819037],[72.91538381467505,19.131696444021408],[72.9153793510697,19.13169797746482],[72.91537711595372,19.131699008157977],[72.91537378647266,19.131698706397216],[72.91536770616933,19.131696261373296],[72.91536495203381,19.131694382081662],[72.91535856749154,19.131694045680256],[72.9153549569645,19.131694004741508],[72.91534528270131,19.13169019892064],[72.91534278310574,19.13169017057827],[72.91533861048646,19.131690651283883],[72.91533193164491,19.13169163158984],[72.91532720355991,19.131692105996837],[72.91531996262587,19.13169360794698],[72.9153138591301,19.131693010721733],[72.91530969313749,19.13169296348372],[72.91530664138963,19.131692664870954],[72.91529836573224,19.13168808287934],[72.91530068036984,19.131680716871628],[72.91529963239302,19.13167568881662],[72.91529689482569,19.13167248966666],[72.91529524499586,19.13167115091393],[72.91529194533628,19.13166847340844],[72.91528532613698,19.131664702226153],[72.91528169241681,19.131666509086365],[72.9153344576305,19.131527270591732]]]]}},{"type":"Feature","properties":{"fid":402,"Tree_id":6,"Zone_name":"Academic","ZoneNumber":"Z02","Parcel No":"P59","canopyArea":323.687,"Count":6,"Type":"Tree","canopy_daimeter":20.301,"latitude":"19.131783° N","longitude":"72.915337° E","Geo-Coordinates":"19.131783° N, 72.915337° E","image_no":9,"botanical_name":"Peltophorum pterocarpum","comman_name":"Copperpod / Yellow Gulmohar","tree_height":21.05,"canopy_height":12.63,"DbH":96.38},"geometry":{"type":"MultiPolygon","coordinates":[[[[72.91525915882784,19.131746877857953],[72.91523257040387,19.131806242650914],[72.91522859836228,19.131817184219422],[72.91523108470547,19.13181826844938],[72.91523303215024,19.1318180265233],[72.91523831239142,19.131817822389234],[72.91524137076833,19.1318175930604],[72.91524332484012,19.131816823191286],[72.91524748752215,19.131817134402585],[72.91524970607296,19.131817423568563],[72.91525299248049,19.131821156960875],[72.91525602766306,19.131822775432088],[72.91526046476486,19.131823353763874],[72.91526438947578,19.131820494167858],[72.91526634023404,19.13181998826995],[72.91526966640363,19.131820554004346],[72.9152729461848,19.131824815339293],[72.9152720632837,19.13182876546353],[72.9152728500944,19.131832470511984],[72.91527612324894,19.13183725978985],[72.91527913192441,19.131840990032504],[72.91528160501451,19.13184313014773],[72.91528381031199,19.131844475199255],[72.91528683555497,19.131846885584437],[72.91528985085772,19.13185008788401],[72.9152922941272,19.131854603742376],[72.9152969161871,19.131862576423938],[72.91529966038405,19.131865247631183],[72.9153024211482,19.13186659898102],[72.91530795261689,19.131868509766136],[72.91531124234017,19.131871979186123],[72.91531344432484,19.131873588208826],[72.91531562642913,19.13187678106036],[72.91531975266558,19.13187999595643],[72.91532391203613,19.131880571137632],[72.91532725146078,19.131880080985187],[72.91533087524533,19.13187906603893],[72.9153356298427,19.131876479860505],[72.9153367407753,19.131876492457273],[72.9153392271202,19.131877576685934],[72.91533864514695,19.131879682159393],[72.91534086038547,19.131880235295867],[72.91534611743535,19.131881878959252],[72.9153486037804,19.13188296318777],[72.91535108018545,19.13188483933075],[72.91535741172154,19.13188939927683],[72.9153598980668,19.131890483505224],[72.91536378964464,19.13189026362195],[72.91536685464959,19.131889506348152],[72.91536992959448,19.13188795715985],[72.91537272349281,19.131886668793843],[72.91537607948409,19.131884858783096],[72.9153783146027,19.131883828090203],[72.91538169047364,19.13188043425039],[72.91538535070421,19.13187651561666],[72.91538899436817,19.131873916840277],[72.91538959401163,19.131870403518622],[72.91538905179847,19.13186934133445],[72.91538854271819,19.131865639435368],[72.91538690282563,19.13186350876876],[72.91538470084028,19.131861899746884],[72.91538557711245,19.13185847756488],[72.91538865536987,19.131856664404697],[72.91539421003243,19.131856727386843],[72.91539809166972,19.13185729941721],[72.91540142446728,19.131857337206345],[72.91540531935763,19.131856853350612],[72.91540868860098,19.13185398745319],[72.91541150237795,19.131851115257522],[72.91541267294888,19.13184637636692],[72.91541272927401,19.13184188885151],[72.91541337419774,19.131834767919287],[72.91541734860515,19.13182794874734],[72.91541643646681,19.1318120978613],[72.91541758053135,19.131809470742585],[72.91541901889502,19.131805526915425],[72.91542154831146,19.131803179513454],[72.91542159469655,19.13179948391247],[72.91542439853268,19.13179740363099],[72.91542444160447,19.131793972001528],[72.91542393583667,19.13179000613095],[72.91542065273869,19.13178600876989],[72.91541932039841,19.131781505509156],[72.91542077864102,19.13177597785294],[72.91542414788236,19.131773111955034],[72.91542470997477,19.131772590310124],[72.91542447862672,19.131768891560085],[72.91542590705018,19.131765739647303],[72.91542816535927,19.13176286115312],[72.91543098576064,19.13175946101396],[72.91543434837506,19.131757123058808],[72.91543103987622,19.131755149479442],[72.91542631178939,19.131755623888864],[72.91542357069014,19.13175162708658],[72.91542584878093,19.13174703631222],[72.91542050502358,19.131741567700622],[72.91541789673119,19.131739295776164],[72.91541403247878,19.131738060062823],[72.91541353002445,19.131733830220735],[72.91541250192331,19.13172721833709],[72.9154100950974,19.131719798793608],[72.91540687826559,19.131710522002493],[72.91540416388813,19.131705475053405],[72.91540279841638,19.1317036115076],[72.91539809683697,19.131701974144438],[72.9153906113025,19.13170083323333],[72.91538143617807,19.131701521227814],[72.91537449948298,19.13170091455726],[72.91537008226344,19.131698752399537],[72.91536676272229,19.13169765872417],[72.91535872172263,19.13169651151358],[72.91535537898845,19.131697265638426],[72.91535175520808,19.131698280585585],[72.91534290089,19.131695540097947],[72.91533709169352,19.131693626165184],[72.91533459209789,19.13169359782269],[72.91532539378048,19.131696133614803],[72.9153156665041,19.131696551336148],[72.91531038958001,19.131696491501337],[72.91530843882333,19.13169699739987],[72.91530230219357,19.131699039889046],[72.9152967541634,19.131698448961668],[72.9152945853151,19.131694200224185],[72.91529575588768,19.13168946133446],[72.91529608000812,19.131685768882978],[72.9152964306357,19.131679964659632],[72.91529619929047,19.131676265909682],[72.9152926484052,19.131671473483117],[72.91528182676626,19.131670558748503],[72.91526978636135,19.131703725826863],[72.91525915882784,19.131746877857953]]]]}},{"type":"Feature","properties":{"fid":403,"Tree_id":7,"Zone_name":"Academic","ZoneNumber":"Z02","Parcel No":"P59","canopyArea":529.986,"Count":7,"Type":"Tree","canopy_daimeter":25.977,"latitude":"19.131979° N","longitude":"72.915242° E","Geo-Coordinates":"19.131979° N, 72.915242° E","image_no":10,"botanical_name":"Acacia catechu","comman_name":"Cutch Tree / Khair","tree_height":23.34,"canopy_height":14.004,"DbH":125.48},"geometry":{"type":"MultiPolygon","coordinates":[[[[72.915227474176,19.131818227507893],[72.91523356110812,19.131820144593704],[72.91523691047217,19.131818862528423],[72.91524581449693,19.131817643449587],[72.91524829089977,19.13181951959373],[72.91524911747189,19.131820056984626],[72.91525518120997,19.13182382187005],[72.91525795191347,19.131824381306046],[72.91526073255747,19.131824148827597],[72.9152635330823,19.131822332520272],[72.91526743459887,19.13182132072447],[72.91526908442981,19.131822659477553],[72.91527017216775,19.131824519875],[72.91527043664694,19.13182557891017],[72.91527094241107,19.13182954478081],[72.91527173584866,19.131832721886322],[72.91527364684549,19.13183538364601],[72.91527665220742,19.131839377860175],[72.91527992867564,19.13184390316652],[72.91528377717748,19.131847114913995],[72.91528954661709,19.13185219650654],[72.91529441990245,19.131862284109193],[72.91530074149573,19.131867635971446],[72.91530460987902,19.131869263889698],[72.91530791616933,19.131871413452377],[72.91531148031238,19.13187514999308],[72.91531340456395,19.13187675586655],[72.9153177952799,19.131881029797793],[72.91532221250324,19.13188319195712],[72.91532526756801,19.131883226598475],[72.91533140420458,19.131881184109183],[72.9153369654945,19.131880719150164],[72.91534110498499,19.131882878159868],[72.9153471687276,19.13188664304266],[72.91535046839215,19.131889320547618],[72.91535348701028,19.131892258874817],[72.91535540794914,19.13189412871939],[72.91536582174142,19.131898030929005],[72.91536886686656,19.131898857484124],[72.91537662682948,19.131900265517537],[72.91537736725637,19.131907666166594],[72.91537093631935,19.131911025365667],[72.91536587416819,19.13191598413917],[72.91536137079653,19.131920685239354],[72.91535744608453,19.131923544837353],[72.91535630533146,19.13192590798401],[72.91535404701867,19.131928786476934],[72.91535399069168,19.131933273992157],[72.91535363675128,19.131939342187064],[72.91534693139266,19.131942434264463],[72.91534163458043,19.131943958258702],[72.91533606666158,19.131944951160598],[72.91533377521431,19.13195046936801],[72.91533373214024,19.131953900997217],[72.91533365261887,19.131960236312704],[72.91533222750509,19.131963124252916],[72.91533078251089,19.13196759602195],[72.91533045176323,19.131971816416378],[72.9153309012011,19.1319802698021],[72.91533735273215,19.131990023287678],[72.91533897274476,19.131993737783624],[72.91533892304393,19.1319976973558],[72.91533579839574,19.132003206115517],[72.91533187036784,19.132006329684188],[72.91532821344636,19.132009984344943],[72.91532427879132,19.132013635856378],[72.91532257594343,19.132016520647184],[72.91532197077537,19.132020473920832],[72.91532193432774,19.13202337760706],[72.91532329317394,19.13202576909653],[72.915326596154,19.132028182630602],[72.91532962471416,19.132030329043946],[72.91533235897394,19.132033792165377],[72.91533288462011,19.132036174207112],[72.9153311850855,19.132038795026535],[72.91532892677058,19.132041673518927],[72.91532776282223,19.132045884465605],[72.91532882074134,19.132050120606134],[72.91532906202721,19.13205302744159],[72.91532598707877,19.13205457662885],[72.9153237221367,19.132057983064094],[72.91532065381502,19.13205900430832],[72.91531787648046,19.132058972815816],[72.91531234169207,19.132057326001902],[72.91530928662414,19.132057291360052],[72.91530813592894,19.132060446420628],[72.91530808291374,19.132064669964187],[72.91530579809042,19.132069660227984],[72.91530324547382,19.13207385542804],[72.91530043500443,19.132076463649973],[72.91529731918918,19.132081268484807],[72.9152953319796,19.13208467806888],[72.91529333814299,19.13208861559587],[72.91529107651321,19.132091758059133],[72.91529021680483,19.13209386038298],[72.91529044152257,19.132098087075747],[72.9152898462937,19.13210124843476],[72.91528813681722,19.132104661168015],[72.91528640966871,19.132109481749076],[72.9152819394242,19.132111543131856],[72.91528025645547,19.132112844093296],[72.91528078541451,19.132114962163648],[72.91528047123242,19.13211786270045],[72.9152787750096,19.13212021954773],[72.91527680768016,19.13212204530273],[72.91527538256376,19.13212493324223],[72.91527342186129,19.132126231054247],[72.91527173889233,19.1321275320156],[72.915270079118,19.132126985176665],[72.91526676951001,19.132125099584414],[72.91526455426866,19.132124546446757],[72.91526095367307,19.132123713590918],[72.91525900953822,19.132123691545477],[72.9152556767356,19.132123653753247],[72.91525345486721,19.132123628558393],[72.9152506709046,19.132124125007728],[72.91524486832213,19.132121683127902],[72.91523967091045,19.1321152879748],[72.91523830212422,19.132113688399155],[72.91523670199452,19.132108390073718],[72.91523478768204,19.132105992284917],[72.91523256581391,19.132105967089846],[72.91522977853799,19.132106727510333],[72.91522814527272,19.13210406889942],[72.91522211466176,19.132097664297753],[72.91522216105206,19.132093968697365],[72.91522084528366,19.13208814557833],[72.91522002533758,19.1320870802443],[72.91521833905512,19.132088645176605],[72.91521610393282,19.132089675867178],[72.91521275124933,19.132091221902964],[72.91520885635326,19.132091705754032],[72.9152055036697,19.13209325178968],[72.9152015955191,19.13209479152639],[72.91519630201458,19.132096051544387],[72.91519463229999,19.132096296619178],[72.91519157060428,19.132096789918183],[72.91518768233536,19.132096745825887],[72.91518407179994,19.132096704882976],[72.91517938678086,19.132093747656196],[72.91516777167965,19.132089655806595],[72.91516361893221,19.132088552678542],[72.91516334119875,19.132088549529044],[72.91515794096269,19.13208356012205],[72.9151554546163,19.132082475890794],[72.9151538147251,19.132080345222228],[72.9151538412347,19.13207823345068],[72.9151538544895,19.1320771775649],[72.91515250558662,19.13207399416006],[72.91515198325673,19.132071348146606],[72.91514841248642,19.132068139545705],[72.91514621381488,19.132066266549522],[72.91514096670308,19.13206383096576],[72.91513875477682,19.13206301385527],[72.9151346152852,19.132060854840873],[72.91513184789216,19.132060031431255],[72.91512962602478,19.132060006234976],[72.91512464007816,19.132058893657536],[72.91512022285346,19.132056731493282],[72.91510859118777,19.132053959497505],[72.91510803903472,19.132053689226943],[72.91510252744567,19.13205019460685],[72.91509781923301,19.1320490851783],[72.91511309519207,19.132027081654194],[72.91517976972588,19.13191572191134],[72.91519822332832,19.13188398607749],[72.91521238521356,19.13185484166522],[72.915227474176,19.131818227507893]]]]}},{"type":"Feature","properties":{"fid":404,"Tree_id":8,"Zone_name":"Academic","ZoneNumber":"Z02","Parcel No":"P59","canopyArea":670.446,"Count":8,"Type":"Tree","canopy_daimeter":29.217,"latitude":"19.13226° N","longitude":"72.915055° E","Geo-Coordinates":"19.13226° N, 72.915055° E","image_no":11,"botanical_name":"Acacia auriculiformis","comman_name":"Northern Black Wattle / Australian Acacia","tree_height":22.33,"canopy_height":13.398,"DbH":135.25},"geometry":{"type":"MultiPolygon","coordinates":[[[[72.9150995583285,19.132050688954244],[72.91510231909363,19.132052040307197],[72.91511115685616,19.132056100664933],[72.91512223636896,19.132058602390046],[72.91513441356095,19.13206217259839],[72.915138830786,19.132064334762322],[72.9151435124898,19.132067555961452],[72.91514706006403,19.132072612362528],[72.9151492189712,19.132077653016044],[72.91514747304144,19.132083969433612],[72.91514438814988,19.132086310531953],[72.91514211657638,19.132090244907445],[72.9151453897312,19.13209503418764],[72.91514896712938,19.13209771484575],[72.91515224359824,19.132102240154392],[72.9151544091333,19.13210675286499],[72.91515433623181,19.13211256023674],[72.91515429315365,19.13211599186552],[72.91515450792676,19.132121010472456],[72.9151569710778,19.132123942503874],[72.91516082289661,19.13212689028278],[72.9151654383287,19.132135390910438],[72.91516346105688,19.132138008578426],[72.91516092169047,19.13214114789027],[72.91515789734333,19.13214604176252],[72.91515760635494,19.13214709449877],[72.9151553612904,19.132148917102818],[72.91515279872766,19.13215390421462],[72.91515249448437,19.132156012836624],[72.91515079494567,19.132158633653948],[72.91515049070232,19.132160742275968],[72.91515045756512,19.132163381990377],[72.9151507121027,19.13216523294],[72.91515455729483,19.132168708661975],[72.91515648486151,19.13217005056578],[72.91515783045135,19.13217349794208],[72.91515776086342,19.132179041342383],[72.9151609281875,19.1321848854584],[72.9151578167844,19.13218933832831],[72.91515859696595,19.13219357131992],[72.91516296448911,19.132199693055245],[72.91516124838151,19.132203633729823],[72.91515954884237,19.132206254547185],[72.91516198879863,19.132211034378738],[72.91516470648872,19.13221581735978],[72.91516889568994,19.13221401680223],[72.91516944121621,19.13221481501557],[72.91516967918552,19.132217985822383],[72.91517072716002,19.132223013877795],[72.91517403345489,19.132225163443312],[72.91517456572645,19.132227017542395],[72.91517864778532,19.13223375206133],[72.91517719615659,19.132238751771325],[72.91517408143903,19.132243468612884],[72.91517182643214,19.132246083131324],[72.91516927049548,19.13225054230032],[72.91516924067213,19.132252918043296],[72.9151692241036,19.132254237900504],[72.91517000428554,19.132258470892104],[72.91517078446753,19.132262703883704],[72.91517019586293,19.1322653372991],[72.91516679015598,19.132271106876704],[72.91516595032722,19.132271625371057],[72.91516345493525,19.132278637313675],[72.9151587268333,19.13227911171469],[72.91515591967178,19.132281455962353],[72.91515393245663,19.132284865544335],[72.91514973993965,19.132286930072787],[72.9151425387433,19.132285264355996],[72.91513889838005,19.132287599154726],[72.91514102746525,19.13229501555137],[72.9151423564867,19.132299782785],[72.91514757709561,19.132304330140872],[72.91515197113078,19.132308340105133],[72.91515472195925,19.132310483372017],[72.91515819221776,19.132321699106843],[72.91515871454813,19.132324345120296],[72.91515810274684,19.132328826335677],[72.9151569553602,19.13233171742334],[72.91515468046923,19.13233591577005],[72.91515239895064,19.13234064205959],[72.91514714830944,19.132345862696734],[72.91514148096327,19.13235477473436],[72.9151347788977,19.132357602830492],[72.91513084754358,19.132360990365047],[72.91512943236363,19.132363086388583],[72.9151263077007,19.13236859514321],[72.9151251371166,19.132373334030618],[72.91511924836901,19.132377755403418],[72.91511534021082,19.13237929513756],[72.91511226194059,19.132381108291877],[72.91511327014801,19.13238930400462],[72.91511247318907,19.132393783119916],[72.91510744415305,19.132396102169672],[72.9150963613047,19.132393864413075],[72.91508856487029,19.1323953600516],[72.91508463682823,19.132398483613564],[72.91508072204154,19.13240055128971],[72.91507404979822,19.132401003640524],[72.91507155682015,19.132400447350605],[72.91506602202395,19.132398800528485],[72.91506275218039,19.132393747275255],[72.91505806384203,19.132391054016296],[72.91505610644865,19.132392087854107],[72.9150544234753,19.13239338881299],[72.91505247602363,19.1323936307365],[72.91504749006796,19.13239251815608],[72.91504589988455,19.13238642791521],[72.91504592639598,19.132384316143884],[72.91504486516908,19.13238034397376],[72.91504018014538,19.132377386742984],[72.9150371250721,19.132377352096032],[72.91503296237701,19.13237704087872],[72.91503268132912,19.132377301700398],[72.91502826409781,19.13237513953331],[72.9150210463296,19.132374793668586],[72.91501993870784,19.13237451709817],[72.9150078277766,19.13236566745218],[72.9150052629963,19.132370830542012],[72.91500184071138,19.132377919972797],[72.91499954593196,19.132383702145574],[72.9149981009242,19.132388173910627],[72.91499525067653,19.132393949783758],[72.9149938156106,19.132397629634518],[72.91499183170468,19.132400775242857],[72.91499067437253,19.13240445824336],[72.9149864487105,19.132409162481665],[72.91497947884874,19.132411195507625],[72.91497665842635,19.1324145956377],[72.91497024071818,19.13241689893432],[72.91496444807316,19.132413665130933],[72.91496085741579,19.132412040354563],[72.91495562686724,19.13240828490779],[72.91495734629622,19.132404080264475],[72.91495652635062,19.132403014929313],[72.91495233382854,19.132405079452734],[72.91495066411063,19.132405324524985],[72.9149478768287,19.13240608494057],[72.91494675926467,19.1324066002839],[72.91494425303077,19.1324070998779],[72.91494148563338,19.132406276464973],[72.91493873149243,19.132404397166432],[72.91493734945081,19.132403853474244],[72.91493067389341,19.132404569791213],[72.91492872644154,19.132404811713375],[72.91492569125268,19.132403193236144],[72.91492348263752,19.13240211215137],[72.91491903889423,19.132402061752913],[72.91491654260275,19.132401769432327],[72.91491854970897,19.132396776025182],[72.91491911843337,19.132395726439412],[72.91491916151709,19.13239229481125],[72.91491751831235,19.13239042811204],[72.91491480062746,19.132385645127854],[72.91491788552783,19.132383304034274],[72.91491595796104,19.132381962127937],[72.91491429818578,19.132381415285693],[72.91491374934623,19.132380881043076],[72.91491239713216,19.13237796160818],[72.91490964962028,19.132375554366465],[72.91490770879705,19.132375268345644],[72.91490353947428,19.132375485068184],[72.91489938672228,19.13237438193368],[72.91489937015149,19.132375701790647],[72.91489935026654,19.132377285619015],[72.9148962786227,19.132378570826674],[72.91489603403043,19.132375927962826],[72.91489606054374,19.132373816191677],[72.91489293321524,19.132357412166083],[72.91488457468552,19.132359429438846],[72.91488290828227,19.132359410539134],[72.91493792605952,19.132284175939766],[72.91498920642525,19.132211627026336],[72.91507118960416,19.132097800861384],[72.91508597638094,19.132070511612497],[72.9150995583285,19.132050688954244]]]]}},{"type":"Feature","properties":{"fid":406,"Tree_id":10,"Zone_name":"Academic","ZoneNumber":"Z02","Parcel No":"P59","canopyArea":44.887,"Count":10,"Type":"Tree","canopy_daimeter":7.56,"latitude":"19.132122° N","longitude":"72.915329° E","Geo-Coordinates":"19.132122° N, 72.915329° E","image_no":13,"botanical_name":"Pongamia pinnata","comman_name":"Karanj / Indian Beech","tree_height":18.38,"canopy_height":11.028,"DbH":43.88},"geometry":{"type":"MultiPolygon","coordinates":[[[[72.91529051783819,19.132128888995705],[72.91529365243106,19.13212258832281],[72.91529565620863,19.132117858881468],[72.91529402956913,19.132114672328107],[72.91528792274472,19.13211433907202],[72.91528403116166,19.132114558953205],[72.91528741698004,19.132110373201442],[72.91529023407722,19.13210723703686],[72.91529115011494,19.132100647198072],[72.91529202970426,19.132096961045434],[72.91529538238727,19.132095415008145],[72.91529870856245,19.132095980742516],[72.91530760928867,19.132095025633546],[72.9153137094856,19.13209588683183],[72.915319257529,19.132096477759948],[72.91532288794532,19.132094934871382],[72.91532845918275,19.132093677998892],[72.91533550523636,19.132085573614035],[72.91534302392128,19.13208407481418],[72.91534716341666,19.13208623382419],[72.91535101523847,19.13208918159935],[72.91535265181906,19.132091576237865],[72.91535260543165,19.13209527183857],[72.91535613644628,19.132101648093656],[72.91535944274163,19.132103797655827],[72.91536691172684,19.132106258427257],[72.91536690510009,19.132106786370226],[72.91536685871299,19.13211048197093],[72.9153648549375,19.13211521141326],[72.915362834595,19.13212126071294],[72.91536110855282,19.13212599330439],[72.91535688290828,19.132130697552988],[72.91535711756786,19.132134132331412],[72.91535849629562,19.13213493999184],[72.91535871107493,19.132139958599122],[72.91536114772305,19.132145002399984],[72.91535642625175,19.13214494886355],[72.9153494994787,19.132143550275913],[72.91534641790186,19.132145627406295],[72.91534529040041,19.132146934666796],[72.9153479528718,19.13215611717015],[72.91534570118216,19.132158467719652],[72.91533954796799,19.13216183006577],[72.91533618865705,19.132163904046724],[72.91533169521747,19.13216781323091],[72.91532667281791,19.13216960434472],[72.91532418315549,19.132168784086982],[72.91532171337379,19.132166380000406],[72.91532174982173,19.132163476314243],[72.91532289720412,19.1321605852251],[72.91532683517644,19.132156669742614],[72.9153235686419,19.132151352522136],[72.91532084763439,19.13214683351455],[72.91531778925136,19.132147062844144],[72.91531506161716,19.132143071779424],[72.91531316387044,19.132139354133965],[72.91530958646844,19.13213667347873],[72.91529990555485,19.132133395596238],[72.91529603053874,19.13213229562027],[72.91529244651021,19.13213014290767],[72.91529051783819,19.132128888995705]]]]}},{"type":"Feature","properties":{"fid":407,"Tree_id":11,"Zone_name":"Academic","ZoneNumber":"Z02","Parcel No":"P59","canopyArea":24.517,"Count":11,"Type":"Tree","canopy_daimeter":5.587,"latitude":"19.132189° N","longitude":"72.91535° E","Geo-Coordinates":"19.132189° N, 72.91535° E","image_no":14,"botanical_name":"Bismarckia nobilis","comman_name":"Bismarck Palm","tree_height":25.26,"canopy_height":15.156,"DbH":43.96},"geometry":{"type":"MultiPolygon","coordinates":[[[[72.91534118004817,19.132208842181857],[72.9153384358454,19.132206170974726],[72.915334550887,19.13220586291382],[72.91533177354998,19.132205831421317],[72.915326248697,19.132203392692947],[72.91532435094943,19.132199675047538],[72.91532440396463,19.13219545150402],[72.91532334604513,19.13219121536344],[72.91532202364579,19.13218592018773],[72.91532322735702,19.13217854158362],[72.91532660654907,19.132174883774127],[72.91532939713933,19.132173859380785],[72.91533111986958,19.132169390761263],[72.91533532894874,19.132166006370785],[72.91533840389926,19.13216445718358],[72.9153411646685,19.132165808533276],[72.91534335009003,19.132168737413334],[72.91534724830126,19.132167989588076],[72.91535008527892,19.132163269593736],[72.9153553953519,19.132160689714045],[72.91535899263555,19.132161786539637],[72.9153600439291,19.132166550623044],[72.91536111841641,19.132169466906095],[72.91536304267163,19.13217107277936],[72.91536529436124,19.13216872222965],[72.91536887507827,19.13217113891247],[72.91537216149489,19.132174872303445],[72.91537405924333,19.132178589948435],[72.91537150993979,19.132182521177935],[72.91537200245308,19.132187542934414],[72.91537530212354,19.132190220439426],[72.91537807283365,19.13219077987421],[72.91537971272886,19.132192910541125],[72.91537968622198,19.13219502231295],[72.91537769569902,19.13219869586939],[72.91537573168293,19.132200257653977],[72.91537167472391,19.13220258773405],[72.91537290630203,19.13220405374853],[72.91537248141802,19.13220470895344],[72.91537107121253,19.132206409022096],[72.9153706198215,19.13220917599882],[72.91536920795927,19.132211008053186],[72.915364481516,19.132211350473995],[72.91536226130299,19.13221119329459],[72.91535808038695,19.132212333928077],[72.91535641729806,19.13221205106131],[72.91535447481876,19.132211897031056],[72.91535265463926,19.13221306443275],[72.91534735450475,19.13221485239777],[72.9153439043705,19.132213097217793],[72.91534141305063,19.132212408945964],[72.91534016987579,19.132211866831447],[72.91534118004817,19.132208842181857]]]]}},{"type":"Feature","properties":{"fid":411,"Tree_id":12,"Zone_name":"Academic","ZoneNumber":"Z02","Parcel No":"P59","canopyArea":42.057,"Count":12,"Type":"Tree","canopy_daimeter":7.318,"latitude":"19.132051° N","longitude":"72.91534° E","Geo-Coordinates":"19.132051° N, 72.91534° E","image_no":17,"botanical_name":"Alstonia scholaris","comman_name":"Scholar Tree / Devil Tree","tree_height":17.72,"canopy_height":10.632,"DbH":42.21},"geometry":{"type":"MultiPolygon","coordinates":[[[[72.91530001966242,19.132091111442136],[72.91529673987596,19.13208685010723],[72.91529678957806,19.132082890535205],[72.9153014268528,19.13207858696912],[72.9153029991187,19.132075040675304],[72.91530554013819,19.132071769375376],[72.9153080679038,19.1320695539613],[72.9153100882474,19.132063504662323],[72.91531112326996,19.132058500226776],[72.91531486273125,19.132059334656162],[72.9153212307201,19.13206099091776],[72.91532319142142,19.132059693105106],[72.91532487107587,19.132058656114655],[72.91532670119395,19.132056696798635],[72.9153295100059,19.132054220561976],[72.91533093180728,19.13205159659338],[72.91533040616112,19.132049214551646],[72.91533000447131,19.13204802195616],[72.91532975158849,19.13204603902087],[72.91532949207881,19.132044584028524],[72.91533285635737,19.132042114090225],[72.91533398385812,19.132040806829746],[72.91533391447412,19.132038957979685],[72.91533453123895,19.13203408080583],[72.91533345509605,19.132031296508426],[72.91533056540251,19.132029151669776],[72.91532850393916,19.132027412235974],[72.91532644744596,19.132025276844942],[72.91532342716947,19.132022470502875],[72.91532360082705,19.132019700377008],[72.915325029255,19.132016548465472],[72.91532589724599,19.13201378621269],[72.91532703303008,19.132011819023546],[72.91532982527418,19.13201066264417],[72.91533247202476,19.13201003263309],[72.91533441615837,19.132010054677618],[72.91533843169542,19.13201102424138],[72.91534108175937,19.132010130258713],[72.91534206210964,19.132009481352245],[72.91534441521058,19.132006427928363],[72.91534708681138,19.132003818130965],[72.91535071391199,19.132002539213094],[72.91535570648583,19.132003123841436],[72.91535915495942,19.132005011006584],[72.91536411439988,19.132008235349527],[72.91536627828329,19.132012880043842],[72.91536437692908,19.132020514747207],[72.9153655952525,19.13202303664755],[72.91536586635922,19.1320235677397],[72.91537040257353,19.132027315301738],[72.91537636224518,19.132028306908918],[72.91537715402872,19.132031615999917],[72.9153756990949,19.132036879683785],[72.91537402441097,19.132037520717546],[72.91537250019047,19.13203723942565],[72.91537095940325,19.132038277991178],[72.9153719033068,19.132040532770866],[72.91536965262567,19.13204649145598],[72.91536880948529,19.132047273922915],[72.91536627675076,19.132049885295174],[72.91536347456609,19.13205183358949],[72.9153610922949,19.132053522636067],[72.91536093520467,19.132054972904616],[72.91536270899516,19.132057501103372],[72.91536296187842,19.13205948403865],[72.91536279319142,19.13206185820739],[72.91536138795726,19.13206316231888],[72.9153602654266,19.132064073622306],[72.91535926353913,19.13206643834348],[72.91535740857094,19.132070377445913],[72.91535639508659,19.132073666067228],[72.91535482944855,19.13207668441866],[72.915352875374,19.13207745428869],[72.91535050635588,19.132078087449177],[72.91534394648487,19.132080653157526],[72.9153398961554,19.13208245529421],[72.91533709231318,19.13208453557378],[72.91533387684075,19.132086215172258],[72.91533303038658,19.132087261610444],[72.91533162018183,19.132088961678853],[72.91532823933512,19.132092751474396],[72.91531917986165,19.132095288838595],[72.91530502870636,19.13209407234023],[72.91530156035095,19.13209376900278],[72.91530001966242,19.132091111442136]]]]}},{"type":"Feature","properties":{"fid":412,"Tree_id":13,"Zone_name":"Academic","ZoneNumber":"Z02","Parcel No":"P59","canopyArea":6.305,"Count":13,"Type":"Tree","canopy_daimeter":2.833,"latitude":"19.132084° N","longitude":"72.915364° E","Geo-Coordinates":"19.132084° N, 72.915364° E","image_no":18,"botanical_name":"Azadirachta indica","comman_name":"Neem Tree","tree_height":10.23,"canopy_height":6.138,"DbH":20.78},"geometry":{"type":"MultiPolygon","coordinates":[[[[72.91535382229556,19.13209053347366],[72.9153501176239,19.132086927344478],[72.91534460602794,19.132083432731065],[72.91534644111624,19.132081077457652],[72.91534950943824,19.132080056213034],[72.91535076586574,19.132079542441495],[72.91535286212047,19.132078510174612],[72.91535454343162,19.132077341198165],[72.91535735390029,19.132074732975315],[72.91535877404476,19.132072240992237],[72.91535905840499,19.13207171619846],[72.91536084544909,19.13207318851132],[72.9153619480996,19.132073861036773],[72.91536360124707,19.132074935817798],[72.91536857725636,19.132076840303423],[72.91537302761894,19.132076362747206],[72.91537706800794,19.132075352524215],[72.91537927993585,19.132076169631954],[72.91538260114109,19.132077131322024],[72.9153848014724,19.132078872329895],[72.91538560319626,19.132081389506453],[72.91538337967157,19.132081496298984],[72.91538073788995,19.132081730353473],[72.91537877718872,19.132083028166736],[72.9153780646316,19.13208447213701],[72.91537749094118,19.132085917681824],[72.91537662792052,19.132088283977673],[72.91537383567534,19.132089440357653],[72.91537173445055,19.132090868582004],[72.91536962162894,19.1320932207065],[72.91536806427435,19.13209557912935],[72.91536652017314,19.132096881666257],[72.91536387342124,19.132097511677692],[72.91536110105604,19.132097084228583],[72.91535667222983,19.13209584596982],[72.91535487358874,19.132095297557083],[72.91535382229556,19.13209053347366]]]]}},{"type":"Feature","properties":{"fid":413,"Tree_id":14,"Zone_name":"Academic","ZoneNumber":"Z02","Parcel No":"P59","canopyArea":6.302,"Count":14,"Type":"Tree","canopy_daimeter":2.833,"latitude":"19.132065° N","longitude":"72.915375° E","Geo-Coordinates":"19.132065° N, 72.915375° E","image_no":19,"botanical_name":"Tecoma stans","comman_name":"Yellow Bells","tree_height":12.56,"canopy_height":7.536,"DbH":22.54},"geometry":{"type":"MultiPolygon","coordinates":[[[[72.91536182579969,19.13207253960478],[72.91536078113312,19.132067247578444],[72.91536234180089,19.132064625184164],[72.91536347924168,19.132062526009044],[72.91536446787562,19.13206121717378],[72.91536436214248,19.132058575884372],[72.91536316204234,19.13205460214087],[72.91536402009291,19.132052631802306],[72.91536598245052,19.13205120200339],[72.9153676637613,19.132050033026786],[72.91536934507208,19.132048864050144],[72.91536989391226,19.13204939829145],[72.91537154871624,19.13205034108665],[72.91537543035781,19.13205091311792],[72.91537695126513,19.132051458381273],[72.91537466975733,19.132056184674678],[72.91537438374053,19.132056841454208],[72.91537505819412,19.13205843315603],[72.91537924904608,19.132056500607302],[72.91538034506989,19.132057701075606],[72.91538171385723,19.13205930065027],[72.91538336534803,19.132060507416885],[72.91538446965522,19.13206104795644],[72.91538681050977,19.132062658553124],[72.9153885876141,19.13206492278018],[72.91539050192854,19.132067320567543],[72.91539227737631,19.132069716780318],[72.91539239304981,19.132071566155286],[72.9153905563056,19.132074053414975],[72.91538788801749,19.132076399241452],[72.91538553059611,19.132076108502215],[72.91538344925158,19.132075952897825],[72.91537985196952,19.132074856072844],[72.91537443285313,19.132075058635643],[72.91536872937652,19.132075785992075],[72.91536678855545,19.132075499976345],[72.91536182579969,19.13207253960478]]]]}},{"type":"Feature","properties":{"fid":414,"Tree_id":15,"Zone_name":"Academic","ZoneNumber":"Z02","Parcel No":"P59","canopyArea":51.137,"Count":15,"Type":"Tree","canopy_daimeter":8.069,"latitude":"19.13205° N","longitude":"72.915415° E","Geo-Coordinates":"19.13205° N, 72.915415° E","image_no":20,"botanical_name":"Gliricidia sepium","comman_name":"Quickstick / Mexican Lilac","tree_height":13.64,"canopy_height":8.184,"DbH":39.57},"geometry":{"type":"MultiPolygon","coordinates":[[[[72.91537662090958,19.13204089427336],[72.9153821556983,19.13204254108535],[72.91538521407944,19.132042311754496],[72.91538574303972,19.13204442982466],[72.91538097518459,19.132048071889912],[72.91537982780413,19.1320509629796],[72.9153797880441,19.132054130637414],[72.91538142793817,19.1320562613042],[72.91538501196655,19.13205841401504],[72.91538857611508,19.13206215055474],[72.91539131700328,19.132065085732492],[72.91539268910407,19.13206642133562],[72.9153943223718,19.132069079945282],[72.91539566465285,19.13207279129176],[72.9153970268138,19.132074918809312],[72.91539503629295,19.132078592366177],[72.91539391210566,19.132079635655565],[72.91539054285711,19.132082501552198],[72.9153877224488,19.13208590169002],[72.91538880024956,19.132088554001463],[72.91539211317182,19.132090175620103],[72.91539625598138,19.132092070657606],[72.91540040210437,19.132093701723516],[72.91541817042356,19.13209443121004],[72.91542649911625,19.132094789654456],[72.91543323429943,19.13208932183124],[72.91543408406626,19.132088011421036],[72.91543609446597,19.132082754034727],[72.91543717486259,19.13207044586201],[72.91543138553158,19.132066948101997],[72.91542645922061,19.132061084045713],[72.91542623118606,19.13205712132425],[72.91543508883788,19.132059597838232],[72.91543619314528,19.132060138377497],[72.91544013773904,19.132055694949102],[72.91544489565358,19.1320528447967],[72.91545110187323,19.132045258902483],[72.91545036144306,19.132037858253465],[72.91545427290373,19.132036054539594],[72.91546041948465,19.13203322013193],[72.91546665883475,19.132022994522067],[72.91546641423322,19.132020351658046],[72.91546310462464,19.132018466069294],[72.91545837653024,19.132018940478808],[72.91545196215608,19.132020979822936],[72.91544559416695,19.132019323565906],[72.9154378474506,19.132016859648843],[72.91543450471005,19.13201761377454],[72.9154328217434,19.132018914737596],[72.91542719087043,19.132024923100445],[72.91542136178198,19.132024592998167],[72.91541519532123,19.13202901123344],[72.91541130705338,19.13202896714604],[72.91540910506572,19.132027358124255],[72.91540275695668,19.13202411803679],[72.91540724707724,19.132020472821758],[72.91540729346323,19.13201677722093],[72.91540238040766,19.13200985727821],[72.91539486503973,19.13201109210939],[72.91539232899287,19.13201396745358],[72.91539173707969,19.13201686484167],[72.91538559049847,19.132019699247007],[72.91538196008435,19.132021242137046],[72.9153780784434,19.13202067010597],[72.91537228248873,19.132017700287335],[72.91536919760131,19.132020041389886],[72.91536915784117,19.132023209047674],[72.91537162430835,19.132025877104983],[72.91537522821599,19.132026445987048],[72.91537772119001,19.132027002272423],[72.91537825677683,19.132028592399628],[72.91537821701682,19.13203176005744],[72.91537648434958,19.132037020592165],[72.91537591562937,19.132038070179792],[72.91537662090958,19.13204089427336]]]]}},{"type":"Feature","properties":{"fid":415,"Tree_id":16,"Zone_name":"Academic","ZoneNumber":"Z02","Parcel No":"P59","canopyArea":127.08,"Count":16,"Type":"Tree","canopy_daimeter":12.72,"latitude":"19.131971° N","longitude":"72.915402° E","Geo-Coordinates":"19.131971° N, 72.915402° E","image_no":21,"botanical_name":"Albizia lebbeck","comman_name":"Siris Tree / Woman's Tongue","tree_height":17.6,"canopy_height":10.56,"DbH":61.0},"geometry":{"type":"MultiPolygon","coordinates":[[[[72.91534116459405,19.132003530971772],[72.91534054481187,19.131997583740496],[72.91534126565234,19.13199547984169],[72.91534074000612,19.13199309779997],[72.91534062598983,19.13199111643927],[72.9153399465667,19.13198992069461],[72.91533789007376,19.13198778530372],[72.91533541366746,19.13198590916048],[72.91533460034785,19.131984315883976],[72.91533337705502,19.131982189940697],[72.91533324481514,19.131981660423126],[72.91533298696218,19.13198007344506],[72.91533203708354,19.13197460648739],[72.91533294814825,19.131968412605296],[72.91533496020588,19.13196302323448],[72.9153403957269,19.13194676030801],[72.91535154481807,19.13194371861785],[72.91535686482369,19.13194034682293],[72.91535779079722,19.131932965068927],[72.91535784712411,19.131928477553718],[72.91536349124908,19.13192141330694],[72.91537585398387,19.131910201095636],[72.9153846875242,19.131907221150815],[72.91539303277371,19.131906259738418],[72.91539407744085,19.131911551764652],[72.91539483774824,19.13191736858478],[72.91540172144006,19.131922198799284],[72.91540922686407,19.13192175588189],[72.91541613043606,19.131925002266957],[72.91542245866235,19.131929826182603],[72.91542631048232,19.13193277395601],[72.91542795368925,19.131934640650865],[72.91543458615536,19.131937355943233],[72.91543650709566,19.131939225787082],[72.91543576793768,19.131946477655436],[72.91543949745773,19.131948103996617],[72.91544338075396,19.13194854404052],[72.91544727730304,19.131947928198315],[72.91544936858573,19.131947291887347],[72.9154523030079,19.131945873108965],[72.91545495141372,19.13194511111021],[72.91545801973265,19.131944089863463],[72.91546247340476,19.131943348333234],[72.91546385213167,19.131944155992795],[72.91546480763226,19.131945486871853],[72.91546562095307,19.13194708014789],[72.91546643924364,19.131948277466666],[72.91546671532035,19.131948412601425],[72.91546754355046,19.131948818005686],[72.91546976873,19.131948579226243],[72.91547158890567,19.13194741182299],[72.91547466716408,19.131945598661456],[72.91547702789705,19.1319456254279],[72.9154792331976,19.131946970477347],[72.9154808830316,19.131948309228793],[72.91548184018895,19.131949508122],[72.91548223856657,19.131950964688752],[72.9154824864815,19.131953343581255],[72.91548272611352,19.13195638240255],[72.9154822780386,19.13195888540836],[72.91548181836761,19.131962312314418],[72.91548065773695,19.131966259291012],[72.9154763483574,19.131970258569474],[72.9154718287077,19.13196519115246],[72.9154689274171,19.131963970216137],[72.91546559296066,19.13196406441376],[72.9154639116514,19.131965233391433],[72.91546222537235,19.131966798326342],[72.91546137394984,19.131968240722546],[72.91546132425198,19.131972200295028],[72.9154601901263,19.131974035499443],[72.9154580938735,19.131975067767776],[72.91545598768107,19.13197689195054],[72.91545596448867,19.131978739751045],[72.91546024450653,19.131980768347177],[72.91546371120361,19.131981203667188],[72.91546620086419,19.13198202392284],[72.91545483283603,19.131991443356604],[72.91545620825005,19.131992514987747],[72.91545858711035,19.13199478603707],[72.91545840682868,19.13199808410629],[72.9154581141859,19.131999268829002],[72.9154580777407,19.13200217251547],[72.91545833228167,19.13200402346499],[72.91545858350945,19.132006138385997],[72.91546092436407,19.132007748981728],[72.91546314126144,19.132008170131172],[72.91546381074598,19.132010157789978],[72.91546378424042,19.13201226956197],[72.91546320558126,19.1320141110644],[72.91546095720844,19.132016197644198],[72.91545788888816,19.132017218890855],[72.91545579594798,19.13201798718759],[72.91545341864794,19.13201928027825],[72.91545258213449,19.132019534802637],[72.91545064959686,19.132018588859097],[72.91544567027486,19.13201694834729],[72.91544012388984,19.13201622543745],[72.9154351263452,19.132016036768572],[72.91543276229804,19.13201627397298],[72.91542628331531,19.13202346076028],[72.91542030542041,19.13202392099794],[72.91541414724286,19.132027679304464],[72.9154058516865,19.132024681144912],[72.91540755121983,19.132022060324676],[72.91540817129568,19.132016919178852],[72.91540299872976,19.132008544243853],[72.91539436414511,19.132010426407273],[72.91538985745804,19.13201539147942],[72.91538830341786,19.132017485931076],[72.91538147078639,19.132019652534698],[72.91537206429761,19.132016641777106],[72.9153684305701,19.13201844863834],[72.91536693782659,19.132015659617345],[72.91536644531344,19.132010637860855],[72.91536413427998,19.13200665152066],[72.91535895991282,19.13200395275879],[72.91535495348752,19.132002257273907],[72.91534996588375,19.132001276688314],[72.91534668760656,19.132002427556923],[72.91534116459405,19.132003530971772]]]]}},{"type":"Feature","properties":{"fid":416,"Tree_id":17,"Zone_name":"Academic","ZoneNumber":"Z02","Parcel No":"P59","canopyArea":17.122,"Count":17,"Type":"Tree","canopy_daimeter":4.669,"latitude":"19.132066° N","longitude":"72.915458° E","Geo-Coordinates":"19.132066° N, 72.915458° E","image_no":22,"botanical_name":"Gliricidia sepium","comman_name":"Quickstick / Mexican Lilac","tree_height":9.56,"canopy_height":5.736,"DbH":25.19},"geometry":{"type":"MultiPolygon","coordinates":[[[[72.91543885257038,19.132080629233446],[72.91544240015443,19.13208568562971],[72.91544623541195,19.132089953260504],[72.91545540393162,19.13208979320779],[72.91545769537741,19.132084274998775],[72.9154604925919,19.132082722660197],[72.91546637800701,19.132078565245955],[72.91547418767729,19.13207601370362],[72.91548007971824,19.132071328345887],[72.91548154127561,19.13206553671792],[72.91548215637975,19.13206079152893],[72.9154838525992,19.132058434679426],[72.91548448426903,19.1320523696329],[72.91548369745301,19.13204866458488],[72.91548372064518,19.132046816784385],[72.91547930672837,19.132044390656855],[72.91547552244266,19.132050815971844],[72.91547106545441,19.1320518214736],[72.91546744000995,19.13205296840808],[72.9154627235108,19.132052518917384],[72.91546191847263,19.132050265712554],[72.91546083901423,19.132047745387208],[72.91545864365222,19.13204560842295],[72.91545671608408,19.13204426652222],[72.91545548450621,19.132042800508312],[72.91545354037206,19.13204277846501],[72.91545255836533,19.132043559357847],[72.91545241618539,19.132043821754817],[72.91545112828281,19.13204684325632],[72.91545027685973,19.1320482856524],[72.91543790749168,19.13206002581105],[72.9154349780372,19.132061048631776],[72.91542792233962,19.132058856558313],[72.91543296763778,19.132066306018082],[72.91543807257484,19.132069003990864],[72.91543885257038,19.132080629233446]]]]}},{"type":"Feature","properties":{"fid":417,"Tree_id":18,"Zone_name":"Academic","ZoneNumber":"Z02","Parcel No":"P59","canopyArea":41.167,"Count":18,"Type":"Tree","canopy_daimeter":7.24,"latitude":"19.132058° N","longitude":"72.915514° E","Geo-Coordinates":"19.132058° N, 72.915514° E","image_no":23,"botanical_name":"Dalbergia sissoo","comman_name":"Shisham / Indian Rosewood","tree_height":12.71,"canopy_height":7.626,"DbH":35.88},"geometry":{"type":"MultiPolygon","coordinates":[[[[72.91554851838896,19.132073908368806],[72.91555058785595,19.13208607624956],[72.91554830966538,19.132090538574012],[72.91554160761633,19.13209336668671],[72.91553549085206,19.132093825353433],[72.91552795228894,19.132096907990334],[72.91552015587074,19.13209840364892],[72.9155154333908,19.132094741981287],[72.91550683855996,19.132093456491617],[72.91550159806727,19.13209049297459],[72.91549970031663,19.13208677533068],[72.91549988059776,19.1320834772614],[72.9154972818871,19.132080279688044],[72.91549217860518,19.132077449731028],[72.91548695799226,19.132072902384625],[72.91548644890962,19.132069200485624],[72.91548621424731,19.132065765707118],[72.91548916026748,19.132063423028058],[72.9154919607945,19.132061606717436],[72.91549322881755,19.132060169044607],[72.91549270316898,19.132057787003113],[72.91549064336,19.132055915585198],[72.91548844302771,19.132054174578492],[72.91548585094405,19.13205044906204],[72.91548546416234,19.132048068595047],[72.91548548735449,19.132046220794518],[72.91548605607407,19.132045171206514],[72.91548532539103,19.132044370894693],[72.91548645620382,19.13204279966166],[72.91548394123672,19.132040307061875],[72.9154829857355,19.132038976182876],[72.91548384378459,19.132037005843603],[72.91548523410839,19.13203688960284],[72.9154835067004,19.132030665804066],[72.91548508393174,19.132026723551014],[72.91548651898314,19.132023043694936],[72.91548974107933,19.132020836150527],[72.91549473696773,19.132021156803695],[72.91549737709181,19.132021054733208],[72.91549741850608,19.132017755089397],[72.91550021571906,19.132016202750084],[72.91550285584307,19.132016100679504],[72.91550603983796,19.13201692880708],[72.91550993307548,19.132016576935214],[72.91551299973895,19.132015687673398],[72.91551537206888,19.132014790539174],[72.91551677067528,19.132014014369382],[72.91552023240365,19.132014845645653],[72.91552340977242,19.132016201715956],[72.91552492239728,19.132017406906876],[72.91552628290307,19.132019666409345],[72.91552667962465,19.132021254961796],[72.91552662827164,19.132025346520184],[72.91552368722235,19.132027293242707],[72.91552004190005,19.132030024007367],[72.91551820515812,19.132032511268555],[72.91551638995139,19.13203328271493],[72.91551578478777,19.132037235989646],[72.91551936881775,19.132039388697983],[72.91552380592685,19.132039967024042],[72.91552657994835,19.132040262484885],[72.9155286563231,19.1320408140449],[72.91553225194917,19.132042042852735],[72.91553334797412,19.13204324332021],[72.91553401580308,19.132045362964607],[72.91553480262027,19.13204906801249],[72.91553725915145,19.132052527982395],[72.91553986448871,19.132055197612203],[72.91554110103709,19.13205626766838],[72.91553708715385,19.13205516612303],[72.91553692509551,19.132057012349165],[72.9155353710566,19.132059106802163],[72.91553327480307,19.13206013907129],[72.91553240515854,19.132063033311088],[72.91553278862786,19.132065677749566],[72.9155367958851,19.13206730723803],[72.91554024436236,19.132069194400074],[72.91554312743341,19.132071867178794],[72.91554534598849,19.13207215634157],[72.91554841762249,19.13207087112198],[72.91554851838896,19.132073908368806]]]]}},{"type":"Feature","properties":{"fid":418,"Tree_id":19,"Zone_name":"Academic","ZoneNumber":"Z02","Parcel No":"P59","canopyArea":16.587,"Count":19,"Type":"Tree","canopy_daimeter":4.595,"latitude":"19.132043° N","longitude":"72.915548° E","Geo-Coordinates":"19.132043° N, 72.915548° E","image_no":24,"botanical_name":"Cycas revoluta","comman_name":"NULLSago Palm / Cycad","tree_height":11.74,"canopy_height":7.044,"DbH":27.03},"geometry":{"type":"MultiPolygon","coordinates":[[[[72.91555515280109,19.132065403293815],[72.91555553792729,19.132067915746525],[72.91555454598166,19.132069488554464],[72.91555341351268,19.132071191773697],[72.91555147600421,19.132070641788403],[72.91554801924413,19.13206941455531],[72.91554552461213,19.132068990257906],[72.91554344492387,19.132068702669567],[72.91554233895945,19.132068294116657],[72.9155399964466,19.132066815507574],[72.91553528822936,19.13206570608991],[72.9155340450548,19.13206516397672],[72.91553296559519,19.132062643651693],[72.91553424024411,19.13206067803553],[72.91553690687354,19.132058464192454],[72.91553804265564,19.132056497001802],[72.91553901969247,19.132056112065744],[72.91554165153444,19.132056669923443],[72.91553642958733,19.132050384503522],[72.91553420703274,19.13204488111611],[72.91553320611756,19.132041635656634],[72.91552275812356,19.132038613097954],[72.9155168736815,19.13203716033251],[72.91551683572271,19.132034651815964],[72.91551782352707,19.132033408972607],[72.91552072877916,19.132030625815627],[72.91552346815469,19.132028148788418],[72.91552555446856,19.132027908433916],[72.91552700428639,19.132028584894563],[72.91552975263122,19.13203092613455],[72.91553563707323,19.132032378899556],[72.91553822515783,19.132030890190823],[72.91554005610156,19.132028864879555],[72.91554298721154,19.13202771007128],[72.9155443878446,19.132023083791907],[72.91554607743664,19.132021254884737],[72.91554761159665,19.132020744260636],[72.91554858035059,19.13202101925329],[72.91555064678603,19.132022362727565],[72.9155547962223,19.13202372981849],[72.91555744794212,19.13202270384685],[72.91555982192848,19.13202167472626],[72.91556233478154,19.132020647180084],[72.91556302083254,19.132021314981074],[72.91556452517518,19.13202318010049],[72.91556493017971,19.1320241087241],[72.91556490864498,19.13202582453894],[72.91556500941178,19.132028861785805],[72.91556663771256,19.13203191635145],[72.91556883804549,19.132033657357262],[72.91556992413159,19.132035649739105],[72.91557060190011,19.132036977468843],[72.91557113251932,19.132038963552944],[72.91557067616276,19.13204212648785],[72.91557062646731,19.132046086060573],[72.91557198863048,19.132048213577033],[72.9155719687523,19.13204979740613],[72.91557111567367,19.132051371788624],[72.91556679755249,19.132052378867204],[72.91556193224693,19.132052719719134],[72.9155585994451,19.132052681932528],[72.9155560981872,19.132052785578296],[72.91555469129797,19.132054221677166],[72.91555440196879,19.132055142428563],[72.91555493093131,19.132057260498467],[72.91555515280109,19.132065403293815]]]]}},{"type":"Feature","properties":{"fid":419,"Tree_id":20,"Zone_name":"Academic","ZoneNumber":"Z02","Parcel No":"P59","canopyArea":5.748,"Count":20,"Type":"Tree","canopy_daimeter":2.705,"latitude":"19.132038° N","longitude":"72.91547° E","Geo-Coordinates":"19.132038° N, 72.91547° E","image_no":25,"botanical_name":"Tamarindus indica","comman_name":"Tamarind Tree / Imli","tree_height":11.0,"canopy_height":6.6,"DbH":21.0},"geometry":{"type":"MultiPolygon","coordinates":[[[[72.91546813455767,19.132023451269365],[72.91546459331282,19.132028955308055],[72.9154609165142,19.132034193800685],[72.91545169498612,19.132038577397882],[72.91545263392099,19.132041228134494],[72.91545844975735,19.132042614121804],[72.91546145015747,19.132047004290882],[72.91546390834357,19.132050332275874],[72.91547057063356,19.132050671823944],[72.915473648894,19.132048858662618],[72.91547589561056,19.132046904068474],[72.91547731575308,19.132044412084266],[72.9154798418596,19.132042328653295],[72.91548207366671,19.13204156193082],[72.91548156292761,19.132037992017544],[72.91548130341661,19.132036537025286],[72.91548161593833,19.132033768473526],[72.91548164078712,19.132031788687268],[72.9154822376686,19.132028495341494],[72.91547700546127,19.13202487189522],[72.91547213021703,19.132026004659323],[72.91546813455767,19.132023451269365]]]]}},{"type":"Feature","properties":{"fid":420,"Tree_id":21,"Zone_name":"Academic","ZoneNumber":"Z02","Parcel No":"P59","canopyArea":24.386,"Count":21,"Type":"Tree","canopy_daimeter":5.572,"latitude":"19.131999° N","longitude":"72.915487° E","Geo-Coordinates":"19.131999° N, 72.915487° E","image_no":26,"botanical_name":"Jacaranda mimosifolia","comman_name":"Blue Jacaranda","tree_height":15.61,"canopy_height":9.366,"DbH":33.88},"geometry":{"type":"MultiPolygon","coordinates":[[[[72.91545892282471,19.131990169684883],[72.91546763692425,19.131981952202263],[72.91547114172292,19.13197935184987],[72.91547687998428,19.13197585278913],[72.91548633120084,19.13197529992603],[72.91549046903924,19.1319775909185],[72.91549406466366,19.131978819726957],[72.91549852827606,19.13197728628141],[72.9155027108419,19.13197601365829],[72.9155043557067,19.131977748366833],[72.91550737432927,19.131980686691893],[72.91550900759823,19.131983345300682],[72.9155083842126,19.131988750418675],[72.91551154335865,19.13199155833241],[72.91551415366428,19.131993832005204],[72.9155159241436,19.13199662417417],[72.91551437673134,19.131998190684016],[72.91551351702628,19.132000293009263],[72.91551403273573,19.132003466965234],[72.91551646607408,19.132008774735876],[72.91551642631677,19.132011942393955],[72.91551628413696,19.132012204791003],[72.91551022682232,19.132015304221884],[72.91550425389737,19.13201536850505],[72.9154989670231,19.1320161005892],[72.91549590035955,19.13201698985078],[72.91549490344399,19.132018958615653],[72.9154869648495,19.13202071667015],[72.91548513804673,19.132022412016482],[72.91548385677127,19.132024905575285],[72.91548272761517,19.13202634482256],[72.91547885259988,19.13202524485057],[72.91547497427146,19.132024408850018],[72.9154707124748,19.132020928410835],[72.91546823772298,19.132018920283457],[72.91546563404407,19.13201611866703],[72.91546454961598,19.13201399429895],[72.91546442897184,19.132012540881195],[72.91546446044717,19.132010033151968],[72.91546434477283,19.13200818377696],[72.9154639447387,19.13200685919593],[72.91546228827794,19.132006048387304],[72.9154602119039,19.13200549682662],[72.91545892282471,19.131990169684883]]]]}},{"type":"Feature","properties":{"fid":421,"Tree_id":22,"Zone_name":"Academic","ZoneNumber":"Z02","Parcel No":"P59","canopyArea":3.753,"Count":22,"Type":"Tree","canopy_daimeter":2.186,"latitude":"19.132047° N","longitude":"72.9156° E","Geo-Coordinates":"19.132047° N, 72.9156° E","image_no":27,"botanical_name":"Tecoma stans","comman_name":"Yellow Bells / Tecoma","tree_height":12.81,"canopy_height":7.686,"DbH":20.78},"geometry":{"type":"MultiPolygon","coordinates":[[[[72.91557260087761,19.13204738448977],[72.91557139911588,19.132043542732895],[72.91557172654475,19.132039586309013],[72.91557258127983,19.132037879940764],[72.91557398154272,19.132036971784746],[72.91557578018418,19.13203752019537],[72.91557797554773,19.132039657158362],[72.91557961710095,19.132041655837853],[72.91558138758187,19.132044448006326],[72.91558192317075,19.132046038133126],[72.91558274146263,19.1320472354515],[72.91558384411404,19.1320479079757],[72.91558467400148,19.13204818139374],[72.91558564109914,19.132048588371966],[72.91558675534608,19.132048336995837],[72.91558954758942,19.13204718061241],[72.91559190832402,19.132047207377518],[72.91559692574813,19.132045812213125],[72.91559958243761,19.132044390283582],[72.91560251189107,19.132043367460113],[72.91560501480535,19.13204313182793],[72.91560958746882,19.132043975697876],[72.91561166715697,19.132044263285447],[72.91561414522403,19.132046007439563],[72.91561758210656,19.132048818500557],[72.91562104052338,19.13204991374656],[72.91562160095978,19.132049524086867],[72.91562136795112,19.132045957322482],[72.9156218193373,19.132043190344664],[72.91562308735918,19.132041752670833],[72.91562460329801,19.132042693889478],[72.91562694249849,19.132044436469055],[72.91562928335547,19.13204604706284],[72.91563064883236,19.132047910607394],[72.91563076119563,19.132050023953997],[72.91563102070796,19.132051478946167],[72.91559576180637,19.13205002316212],[72.91557327698965,19.132048844205265],[72.91557260087761,19.13204738448977]]]]}},{"type":"Feature","properties":{"fid":422,"Tree_id":23,"Zone_name":"Academic","ZoneNumber":"Z02","Parcel No":"P59","canopyArea":74.744,"Count":23,"Type":"Tree","canopy_daimeter":9.755,"latitude":"19.132006° N","longitude":"72.915615° E","Geo-Coordinates":"19.132006° N, 72.915615° E","image_no":28,"botanical_name":"Gliricidia sepium","comman_name":"Quickstick / Mexican Lilac","tree_height":17.01,"canopy_height":10.206,"DbH":49.74},"geometry":{"type":"MultiPolygon","coordinates":[[[[72.91556825350054,19.132028590555848],[72.91557181268345,19.13203272304959],[72.91557222100106,19.132033387701693],[72.91557359144673,19.13203485528933],[72.91557772266191,19.13203767422311],[72.91557867982046,19.13203887311593],[72.91558045858389,19.132041005355617],[72.91558154963968,19.13204260178012],[72.91558222740834,19.132043929509834],[72.91558331183815,19.132046053877367],[72.91558413509956,19.132046855238475],[72.9155860726079,19.1320474052234],[72.91559024689263,19.132046792527237],[72.9155926225357,19.132045631420485],[72.91559778379599,19.132043841873188],[72.91560056941323,19.132043213432613],[72.91560335503043,19.132042584991993],[72.91560599846792,19.132042218948456],[72.915607805392,19.132042107429964],[72.91561112825481,19.132042937130237],[72.91561305748085,19.132044147043707],[72.91561553389147,19.132046023183577],[72.9156171820711,19.132047493919742],[72.91561980894389,19.132048447733617],[72.91562038428859,19.132046870202057],[72.9156205595978,19.132043968089697],[72.91562127712214,19.132042128160986],[72.91562253851812,19.1320412184302],[72.91562447768305,19.13204163642899],[72.91562696071965,19.132042984625663],[72.91562833779177,19.132043924269897],[72.91563012152534,19.13204566055187],[72.91563094147406,19.13204672588431],[72.91563161593018,19.132048317585394],[72.91563365420677,19.1320519048168],[72.91563492388511,19.13205033515713],[72.91563523309142,19.13204783057638],[72.91563526125131,19.13204558681842],[72.91563597214967,19.132044274832694],[72.91563693759102,19.132044813796423],[72.91564022898135,19.132048151225707],[72.91564390411857,19.13204304471475],[72.91564144261575,19.132039980703375],[72.91563634761444,19.13203649082141],[72.91564051196006,19.132036670038616],[72.91564449602755,19.132040147325462],[72.91564344141318,19.13203564721447],[72.91564442673197,19.132034602348998],[72.91564611632316,19.1320327734408],[72.91564516082056,19.132031442562514],[72.91563989051058,19.132030854793108],[72.91564129242954,19.132029814650775],[72.9156439441491,19.132028788677854],[72.91564810683809,19.132029099880636],[72.91564935663868,19.13202911404997],[72.91565502698441,19.132031026399886],[72.91565504686177,19.132029442570698],[72.91565416810784,19.132021996352005],[72.91565848457141,19.132021121257],[72.91566005351643,19.13201783893088],[72.91565941715831,19.13201321155727],[72.91565921562118,19.132007137063308],[72.91565883214986,19.132004492624898],[72.9156578965246,19.13200157791749],[72.91565863558205,19.131998022173622],[72.9156611583729,19.13199620271143],[72.91566360413726,19.131989454206217],[72.91566014599545,19.131977270582343],[72.91565246553462,19.131969527243584],[72.91564892125872,19.131964206879417],[72.91564234510659,19.13195700407832],[72.91564178632699,19.13195726175237],[72.91563643650952,19.131963009299785],[72.91563167197467,19.131966387400777],[72.91562995919362,19.1319700641096],[72.91562745628046,19.131970299742214],[72.91562665952259,19.1319673866091],[72.9156240530807,19.13196480497101],[72.91562016812674,19.13196449691662],[72.91561932001848,19.13196567534214],[72.91561666829989,19.13196670131482],[72.91561601372183,19.13196352578455],[72.91561368611785,19.1319608593046],[72.91561117989187,19.131961358908537],[72.91560880590664,19.1319623880299],[72.91560669640293,19.131964476186095],[72.91560296522405,19.1319629818339],[72.91560073838784,19.13196335260074],[72.91559793786362,19.131965168913307],[72.91559637720047,19.13196779131003],[72.91559383453158,19.13197119460046],[72.91559314019821,19.13197118672842],[72.91559117287383,19.13197301248731],[72.91559031482636,19.13197498282725],[72.91559029660495,19.1319764346706],[72.91559040896773,19.13197854801721],[72.91559039405928,19.13197973588904],[72.91559063534982,19.1319826427246],[72.9155897673633,19.13198540497908],[72.91558737349968,19.13198801792925],[72.91558652373455,19.13198932834035],[72.91558540948802,19.131989579716517],[72.91558416631378,19.13198903760372],[72.9155819394772,19.13198940837029],[72.91557985150732,19.13198978071125],[72.91557830078266,19.13199161119324],[72.91557728564666,19.131995031802003],[72.91557669704979,19.13199766521949],[72.91557487853065,19.131998700638036],[72.91557357903508,19.132002646040956],[72.91557135385483,19.132002884821606],[72.91556967917185,19.13200352585725],[72.91556841446292,19.132004699559175],[72.91556673315385,19.13200586853784],[72.91556533123467,19.13200690867955],[72.91556282666444,19.132007276297003],[72.91556074366386,19.13200725268044],[72.9155581002269,19.13200761872338],[72.91555628667714,19.132008258184445],[72.91555431603886,19.132010347914367],[72.91555424094305,19.13201633126869],[72.91555501616494,19.132020960216842],[72.91555667593946,19.13202150705318],[72.915559469839,19.132020218684435],[72.91556255141106,19.132018141549946],[72.91556546926856,19.132018042627355],[72.91556655701106,19.132019903023426],[72.91556818696833,19.132022825603308],[72.91556772398573,19.13202651648123],[72.91556825350054,19.132028590555848]]]]}},{"type":"Feature","properties":{"fid":423,"Tree_id":24,"Zone_name":"Academic","ZoneNumber":"Z02","Parcel No":"P59","canopyArea":48.358,"Count":24,"Type":"Tree","canopy_daimeter":7.847,"latitude":"19.131971° N","longitude":"72.915559° E","Geo-Coordinates":"19.131971° N, 72.915559° E","image_no":29,"botanical_name":"Gliricidia sepium","comman_name":"Quickstick / Mexican Lilac","tree_height":17.01,"canopy_height":10.206,"DbH":43.17},"geometry":{"type":"MultiPolygon","coordinates":[[[[72.9155531962704,19.132011039242858],[72.91555212509338,19.132007858989148],[72.91554935107234,19.13200756352871],[72.91554685312822,19.132007403202927],[72.91554242430249,19.132006164948717],[72.91554046029025,19.132007726735452],[72.91553738203123,19.13200953989805],[72.91553557510754,19.132009651415867],[72.91553474356385,19.132009509983366],[72.91553240933455,19.132007371445496],[72.91553089670971,19.13200616625465],[72.91552746148618,19.132003223206492],[72.91552609104122,19.132001755618564],[72.91552348239185,19.131999349960143],[72.91552037781707,19.13199588264263],[72.91551727996321,19.131988191256134],[72.91551721232825,19.131982514294222],[72.91552045430184,19.13197872292008],[72.91552269936032,19.131976900310956],[72.91552510647708,19.131973231475687],[72.91552654152702,19.131969551619164],[72.91552738135323,19.1319690331229],[72.9155296600945,19.131964526803312],[72.91553026194428,19.131960837499978],[72.91553502979382,19.131957195430285],[72.91553755258519,19.13195537596982],[72.91554040943184,19.1319490721425],[72.91554597735023,19.13194807923431],[72.9155487745616,19.131946526894076],[72.91555102293238,19.13194444031301],[72.91555715294328,19.131942925759176],[72.91555624483512,19.13194150741484],[72.9155607382633,19.131937598223995],[72.91556353216134,19.13193630985502],[72.91556717251127,19.131933975046497],[72.91557362332401,19.131929032011175],[72.91558030880074,19.131927523754158],[72.91558589990917,19.13192468304401],[72.91559061143593,19.131925528488534],[72.9155936333723,19.131928202840722],[72.91559471780167,19.131930327208153],[72.91559573597166,19.131937731006047],[72.91559572271979,19.13193878689215],[72.91559264446263,19.131940600055856],[72.91559067713865,19.131942425814774],[72.91558894779216,19.131947422380772],[72.91559111002505,19.131952199058734],[72.91559163898785,19.13195431712855],[72.9155921613247,19.1319569631414],[72.91559433680969,19.131960683933258],[72.91559595020213,19.131964926370543],[72.91559481939088,19.131966497604378],[72.91559255776832,19.131969640072093],[72.9155902928327,19.131973046511295],[72.91558972080107,19.131974360071258],[72.91558913220446,19.131976993488806],[72.91558878821131,19.13198226977039],[72.91558848066101,19.131984642365243],[72.91558650671044,19.131986996067106],[72.91558400711001,19.131986967727585],[72.91557842593838,19.131989016522912],[72.91557730837883,19.131989531870556],[72.91557727524872,19.131992171585754],[72.91557668996485,19.13199454103172],[72.91557498380831,19.13199768979683],[72.9155724510776,19.132000301172322],[72.9155696472394,19.132002381455877],[72.91556657891985,19.13200340270443],[72.91556267740006,19.132004414506326],[72.91555793605392,19.13200594480454],[72.91555542651412,19.132006708379144],[72.91555318808159,19.13200800304563],[72.9155531962704,19.132011039242858]]]]}},{"type":"Feature","properties":{"fid":424,"Tree_id":25,"Zone_name":"Academic","ZoneNumber":"Z02","Parcel No":"P59","canopyArea":27.794,"Count":25,"Type":"Tree","canopy_daimeter":5.949,"latitude":"19.131936° N","longitude":"72.91562° E","Geo-Coordinates":"19.131936° N, 72.91562° E","image_no":30,"botanical_name":"Dalbergia sissoo","comman_name":"Shisham / Indian Rosewood","tree_height":14.76,"canopy_height":8.856,"DbH":34.21},"geometry":{"type":"MultiPolygon","coordinates":[[[[72.91564020698323,19.131957683862037],[72.91562953716407,19.13196680321281],[72.91562429335964,19.131964103670928],[72.91562152596497,19.13196328026859],[72.91561874863149,19.131963248780806],[72.91561709879612,19.131961910030483],[72.91561599780158,19.131961105520766],[72.91561462238664,19.131960033890728],[72.91560628044759,19.131960731341508],[72.91560265666232,19.1319617462932],[72.91559986607702,19.131962770691214],[72.915596007627,19.131960350864144],[72.91559245672727,19.13195555844211],[72.91559220549777,19.13195344352113],[72.91559170303879,19.131949213679132],[72.91559175273345,19.131945254106295],[72.91559456982225,19.1319421179362],[72.91559654045918,19.1319400282057],[72.91559739022391,19.131938717794498],[72.91559692420745,19.13193158426574],[72.91559750286478,19.131929742762694],[72.91559946024965,19.131928708918245],[72.91560145407703,19.131924771387006],[72.91560481338001,19.131922697400388],[72.91560486638727,19.13191847385599],[72.91560490614269,19.13191530619768],[72.91560717107711,19.131911899758173],[72.91561052044094,19.13191061768601],[72.91561139008306,19.131907723445575],[72.91561339053573,19.131903257971075],[72.91561672996055,19.131902767813347],[72.91562503545458,19.131904974048613],[72.9156317010526,19.131905049618798],[72.91563448501091,19.13190455316323],[72.91563779793255,19.131906174777356],[72.91563776480356,19.131908814492682],[72.91563747713163,19.131909603258524],[72.9156377051714,19.131913565980238],[72.91563791002089,19.13191937650265],[72.91563839260365,19.13192519017382],[72.91564140791506,19.13192839246836],[72.91564223448914,19.13192892985766],[72.91564443979102,19.131930274905216],[72.91564383794393,19.131933964209185],[72.91564184743025,19.131937637769436],[72.91564235651633,19.13194133966835],[72.91564344094644,19.131943464035555],[72.91564395334542,19.131946901962944],[72.91564392021645,19.13194954167826],[72.91564249510793,19.13195242962139],[72.91564249179504,19.13195269359291],[72.91564020698323,19.131957683862037]]]]}},{"type":"Feature","properties":{"fid":425,"Tree_id":26,"Zone_name":"Academic","ZoneNumber":"Z02","Parcel No":"P59","canopyArea":30.665,"Count":26,"Type":"Tree","canopy_daimeter":6.249,"latitude":"19.131895° N","longitude":"72.915596° E","Geo-Coordinates":"19.131895° N, 72.915596° E","image_no":31,"botanical_name":"Duranta erecta","comman_name":"Golden Dewdrop / Pigeon Berry","tree_height":11.25,"canopy_height":6.75,"DbH":31.29},"geometry":{"type":"MultiPolygon","coordinates":[[[[72.91563173418166,19.131902409903496],[72.91563352978436,19.131892133906295],[72.91563143049599,19.131882341769664],[72.91562924838514,19.131879148921296],[72.91562485103462,19.13187540293981],[72.91561431373766,19.13187396342908],[72.91560710923928,19.131872561703187],[72.91559991136694,19.131870632033984],[72.91559102059198,19.131870795243856],[72.91558268197045,19.131871228722463],[72.91557125515388,19.131874267278725],[72.91556900678435,19.131876353860175],[72.91556729069013,19.131880294539908],[72.91556697982688,19.131882931106254],[72.91556689700172,19.131889530394254],[72.91556738952103,19.131894552150808],[72.91556952524869,19.131901440601112],[72.91557084434177,19.131906999747248],[72.91557082115074,19.13190884754788],[72.91557128716613,19.131915981076602],[72.91557150526529,19.131920735712782],[72.91557477511749,19.131925788957794],[72.91558090512753,19.131924274403072],[72.9155848099583,19.131922998629083],[72.91558981578318,19.131922527364818],[72.91559256992511,19.131924406653653],[72.91559641843537,19.131927618395288],[72.91559894453863,19.131925534962363],[72.91560146732886,19.131923715500918],[72.91560259482677,19.13192240823849],[72.91560209568048,19.131917914424957],[72.91560240654331,19.131915277858518],[72.9156035572318,19.131912122795374],[72.91560833501728,19.13190768880894],[72.91560948239265,19.131904797717276],[72.91561284832098,19.13190219578741],[72.91561368483366,19.131901941262225],[72.91562117700539,19.13190255422217],[72.91562173247188,19.13190256051968],[72.91562671510573,19.131903937055068],[72.91562727057224,19.131903943352594],[72.91563173418166,19.131902409903496]]]]}},{"type":"Feature","properties":{"fid":426,"Tree_id":27,"Zone_name":"Academic","ZoneNumber":"Z02","Parcel No":"P59","canopyArea":7.006,"Count":27,"Type":"Tree","canopy_daimeter":2.987,"latitude":"19.131905° N","longitude":"72.91556° E","Geo-Coordinates":"19.131905° N, 72.91556° E","image_no":32,"botanical_name":"Rauvolfia tetraphylla","comman_name":"Wild Snake Root / Devil Pepper","tree_height":10.3,"canopy_height":6.18,"DbH":21.25},"geometry":{"type":"MultiPolygon","coordinates":[[[[72.91556874118466,19.131919648338247],[72.91556589759172,19.1319248962801],[72.91556143398124,19.131926429727468],[72.91555870634387,19.131922438666095],[72.91555541992712,19.13191870527844],[72.9155521335105,19.131914971890737],[72.91554995140092,19.131911779041545],[72.91554886365921,19.13190991864542],[72.91554891666784,19.13190569510116],[72.9155514560234,19.131902555782844],[72.91555287781986,19.13189993181204],[72.91555601239801,19.131893631133163],[72.91555383691467,19.131889910340977],[72.9155527591121,19.13188725803036],[72.91555754021104,19.131882560073723],[72.91556143510188,19.131882076214698],[72.91556364702843,19.131882893320057],[72.91556529023661,19.131884760013797],[72.91556581919895,19.13188687808365],[72.91556785553627,19.13190168567954],[72.9155691713163,19.131907508797212],[72.91556911830818,19.13191173234151],[72.91556874118466,19.131919648338247]]]]}},{"type":"Feature","properties":{"fid":427,"Tree_id":28,"Zone_name":"Academic","ZoneNumber":"Z02","Parcel No":"P59","canopyArea":118.21,"Count":28,"Type":"Tree","canopy_daimeter":12.268,"latitude":"19.131913° N","longitude":"72.915493° E","Geo-Coordinates":"19.131913° N, 72.915493° E","image_no":33,"botanical_name":"Bucida buceras","comman_name":"Black Olive / Geometry Tree","tree_height":17.35,"canopy_height":10.41,"DbH":48.85},"geometry":{"type":"MultiPolygon","coordinates":[[[[72.9154769726189,19.13193927226445],[72.91547878358489,19.1319363392249],[72.91548576873934,19.131934139445192],[72.915497151954,19.1319177633065],[72.91551448548543,19.131907008826463],[72.91552261281723,19.131891580397188],[72.91552406443171,19.131886580683013],[72.91552606157325,19.131882379181178],[72.91552776110309,19.131879758359478],[72.9155280686539,19.131877385764767],[72.91552781742523,19.13187527084375],[72.91552477561251,19.131874180319727],[72.91552451444467,19.131872857313265],[72.9155239987352,19.13186968335729],[72.91552013034924,19.13186805544343],[72.91551904260811,19.13186619504719],[72.91551318039383,19.13186850466346],[72.91551149742935,19.131869805627456],[72.91550843905137,19.13187003496073],[72.91550177345529,19.13186995938622],[72.91549484669164,19.131868560804993],[72.91549068400728,19.131868249599144],[72.91548513597027,19.131867658676867],[72.91548487148962,19.131866599641874],[72.91548961945838,19.131864541402198],[72.91549157021673,19.131864035501895],[72.91549437074015,19.131862219190882],[72.91549416589557,19.13185640866875],[72.91548863111143,19.131854761860584],[72.9154852751218,19.13185657187358],[72.91548272251333,19.13186076707696],[72.91548081813895,19.1318575773761],[72.91548087777542,19.131852825888984],[72.91547784921605,19.131850679478227],[72.91547310456073,19.131852473746115],[72.91547223822984,19.131855104014214],[72.91547081311943,19.13185799195583],[72.9154691367811,19.1318587649764],[72.91546687847118,19.13186164347102],[72.91546631637856,19.13186216511603],[72.91545988544487,19.131865524318563],[72.91545737590694,19.13186628789201],[72.91545343131864,19.131870731321357],[72.91545313701955,19.13187204802985],[72.91545173510099,19.13187308817076],[72.91544809806429,19.131875159005485],[72.91543752101146,19.131876887142734],[72.9154349717147,19.131880818373826],[72.91543715382156,19.131884011224138],[72.9154380990937,19.1318972223952],[72.91543585734877,19.131898781031833],[72.91543415450411,19.131901665824014],[72.91543357915835,19.131903243354888],[72.91543356259224,19.131904563212373],[72.9154318365549,19.131909295804977],[72.91542903603008,19.1319111121149],[72.9154234349802,19.13191474473457],[72.91542064770817,19.131915505158336],[72.91542060132275,19.131919200759256],[72.91542222465002,19.131922651283123],[72.91542385460382,19.131925573863967],[72.91542850317792,19.131931434770994],[72.91543236493773,19.131933590629785],[72.91543894439238,19.131940529465975],[72.9154377804477,19.131944740413736],[72.91544103327386,19.131947461387668],[72.91544696221213,19.131943524474682],[72.91545474205728,19.13194334867607],[72.91545920566897,19.131941815231414],[72.91546198631497,19.131941582750066],[72.91546419492852,19.131942663828188],[72.91546640354208,19.131943744906266],[72.91546915768275,19.13194562419682],[72.91547697065967,19.13194280868225],[72.9154769726189,19.13193927226445]]]]}},{"type":"Feature","properties":{"fid":504,"Tree_id":29,"Zone_name":"Academic","ZoneNumber":"Z02","Parcel No":"P59","canopyArea":62.225,"Count":29,"Type":"Tree","canopy_daimeter":8.901,"latitude":"19.132137° N","longitude":"72.916005° E","Geo-Coordinates":"19.132137° N, 72.916005° E","image_no":37,"botanical_name":"Butea monosperma","comman_name":"Flame of the Forest","tree_height":17.03,"canopy_height":10.218,"DbH":46.83},"geometry":{"type":"MultiPolygon","coordinates":[[[[72.91604796043583,19.13210116809793],[72.91604329882833,19.132095872520836],[72.91602776241238,19.132091993203954],[72.91601794567873,19.13209805394201],[72.91600741770888,19.132109044228194],[72.91598595253312,19.132111886917706],[72.9159690401068,19.132114164011476],[72.91595783961483,19.132126998275],[72.91595834176907,19.13213873079265],[72.91596080727112,19.132149251163472],[72.91596583894533,19.132162269428814],[72.91597414028566,19.13217347315369],[72.91601764250375,19.13217396627209],[72.91603076762476,19.132163005425145],[72.91603928578851,19.13215692996712],[72.91604264768118,19.13215106462755],[72.91604796043583,19.13210116809793]]]]}},{"type":"Feature","properties":{"fid":505,"Tree_id":30,"Zone_name":"Academic","ZoneNumber":"Z02","Parcel No":"P59","canopyArea":140.196,"Count":30,"Type":"Tree","canopy_daimeter":13.36,"latitude":"19.132242° N","longitude":"72.915985° E","Geo-Coordinates":"19.132242° N, 72.915985° E","image_no":38,"botanical_name":"Conocarpus erectus","comman_name":"Buttonwood / Silver Buttonwood","tree_height":20.55,"canopy_height":12.33,"DbH":68.67},"geometry":{"type":"MultiPolygon","coordinates":[[[[72.91603733218695,19.132200986871656],[72.91603614659356,19.132200098478652],[72.9160264692379,19.132195051172133],[72.91602517066406,19.132195036452384],[72.9160213214041,19.132191289611583],[72.91601558623255,19.132182583782424],[72.91601305877766,19.1321770003206],[72.91601111091711,19.13217697824083],[72.91600721519599,19.132176934081265],[72.91599811743637,19.132177448155485],[72.91598967670734,19.132177352475686],[72.91597604942734,19.132176580801648],[72.9159721924252,19.132173451073538],[72.91596311789726,19.132172113805368],[72.91595397367496,19.132176330558735],[72.91594996179604,19.13218554310118],[72.91594853932037,19.132195402197635],[72.91594851608873,19.1321972535383],[72.91593743174784,19.132200831096636],[72.91593021215229,19.132206921269777],[72.91592882839491,19.132213694798267],[72.91593001855351,19.132222349108254],[72.9159312551759,19.13222730073701],[72.9159265630313,19.132238974372584],[72.91592575112067,19.132251926396563],[72.9159229990923,19.13226423922621],[72.91592799204602,19.132280343060177],[72.91593927733375,19.13227800218342],[72.91594317305707,19.13227804634466],[72.91594706878041,19.13227809050582],[72.91595225533433,19.132278766500786],[72.91595741091277,19.132281910949796],[72.91595998483015,19.132283791731012],[72.9159651094335,19.13228940463402],[72.91596894320645,19.132294385703137],[72.91597860507787,19.132300667240123],[72.91598704581314,19.13230076292103],[72.91599744215418,19.13230026356804],[72.91600516390879,19.132305905910147],[72.91600445267169,19.132310835458643],[72.91600435974706,19.132318240821395],[72.91600621468471,19.13232566826412],[72.91601198083467,19.13233190563961],[72.9160177779598,19.132335674560714],[72.91602289851369,19.13233654547157],[72.91603733218695,19.132200986871656]]]]}},{"type":"Feature","properties":{"fid":506,"Tree_id":31,"Zone_name":"Academic","ZoneNumber":"Z02","Parcel No":"P59","canopyArea":5.046,"Count":31,"Type":"Tree","canopy_daimeter":2.535,"latitude":"19.132318° N","longitude":"72.91599° E","Geo-Coordinates":"19.132318° N, 72.91599° E","image_no":39,"botanical_name":"Phoenix dactylifera","comman_name":"Date Palm / Palm Tree","tree_height":19.91,"canopy_height":11.946,"DbH":26.98},"geometry":{"type":"MultiPolygon","coordinates":[[[[72.9159806708833,19.132325790178214],[72.9159772120879,19.132316801551234],[72.91597923738819,19.132310652496002],[72.91598578834024,19.132306097745076],[72.91599228121375,19.132306171345565],[72.9159967875065,19.132309308433552],[72.91600093818083,19.13231491029571],[72.91600346176502,19.132320802314553],[72.91600341917453,19.132324196439146],[72.91600013014683,19.132327553763663],[72.91599071547897,19.132327447043178],[72.9159806708833,19.132325790178214]]]]}},{"type":"Feature","properties":{"fid":507,"Tree_id":32,"Zone_name":"Academic","ZoneNumber":"Z02","Parcel No":"P59","canopyArea":220.356,"Count":32,"Type":"Tree","canopy_daimeter":16.75,"latitude":"19.132376° N","longitude":"72.915936° E","Geo-Coordinates":"19.132376° N, 72.915936° E","image_no":40,"botanical_name":"Conocarpus erectus","comman_name":"Buttonwood / Silver Buttonwood","tree_height":22.68,"canopy_height":13.608,"DbH":86.25},"geometry":{"type":"MultiPolygon","coordinates":[[[[72.91601667340016,19.132395010642963],[72.91601541263664,19.132394796210548],[72.91600768313408,19.132389770982066],[72.91600255078266,19.13238477519343],[72.91600137997936,19.13237457809971],[72.91600405456731,19.13236843640423],[72.91600671753942,19.13236322037904],[72.91600986330896,19.132371279655327],[72.91601765476038,19.132371367975157],[72.91601934592848,19.13236991072958],[72.91602243147375,19.132340931829443],[72.9160171813905,19.132340091074646],[72.91600881421834,19.13233413281611],[72.91600300934978,19.13233098100831],[72.91599716189086,19.132331223324897],[72.91598870953831,19.13233205331465],[72.91598065152377,19.132327332962102],[72.91597774908989,19.132325757057814],[72.9159758786659,19.132319563842017],[72.91597508671474,19.132305050633438],[72.91596576884652,19.132297229992453],[72.91596351957254,19.132295352891344],[72.91596002593113,19.132289141275113],[72.91595489358409,19.13228414548552],[72.91594518525106,19.132281566628684],[72.9159354304546,19.13228269045259],[72.91593085059604,19.13228541594182],[72.91592555562609,19.132293379535692],[72.91592415637942,19.13230138729105],[72.91592026065558,19.132301343129367],[72.9159131107512,19.132301879279566],[72.91590388133538,19.13231288427832],[72.91590265354546,19.132315853499698],[72.91590264580137,19.13231647061321],[72.91590327960053,19.132317712200614],[72.9159070901398,19.13232454461145],[72.91590188035246,19.132325719955652],[72.91589732759662,19.13232628554658],[72.91589340863987,19.132328092724794],[72.91589334668677,19.13233302963293],[72.91589328473363,19.132337966541073],[72.91589325375706,19.132340434995122],[72.91589319180392,19.132345371903256],[72.91589188548484,19.132345974295987],[72.9158866989293,19.132345298299125],[72.91588023703143,19.132342756240718],[72.91586064224408,19.132351792128837],[72.91585934366915,19.13235177740779],[72.91585869438168,19.13235177004726],[72.9158566613321,19.13235853621418],[72.91585652193491,19.132369644257185],[72.91585774306711,19.132375830113265],[72.9158602937517,19.13237956223638],[72.91586545707534,19.132382089574584],[72.9158654415868,19.132383323801587],[72.91586539512122,19.132387026482586],[72.91586533316708,19.132391963390617],[72.91586530993428,19.13239381473112],[72.9158652789572,19.132396283185116],[72.91586004593452,19.132399309868376],[72.91585612697564,19.132401117045603],[72.9158528418157,19.132404165810286],[72.91585468900263,19.132412210367434],[72.91586108120393,19.13242030644841],[72.91586619031881,19.132427153581187],[72.91586740370731,19.132433956550734],[72.91585703833549,19.132431987441546],[72.9158518517775,19.13243131144349],[72.9158407519302,19.132436123221222],[72.91583931816122,19.132438367803708],[72.91594970929148,19.13244541896694],[72.91595299870274,19.13244377341413],[72.91596662600425,19.132444545091936],[72.91597096021981,19.132446776356435],[72.9159861770605,19.13244774832242],[72.91598672295339,19.13244724171058],[72.91599132991932,19.1324423563229],[72.9159932855268,19.132441761289606],[72.91599784602958,19.132440578583044],[72.9159972432045,19.132436868541692],[72.91598703270685,19.132422557168706],[72.9159940203939,19.132417698767895],[72.91599568620424,19.13241432304354],[72.91599832594618,19.132410958359248],[72.91600098117553,19.13240635944778],[72.91600491174893,19.13240362659701],[72.91601542301296,19.132406754057076],[72.91601667340016,19.132395010642963]]]]}},{"type":"Feature","properties":{"fid":509,"Tree_id":33,"Zone_name":"Academic","ZoneNumber":"Z02","Parcel No":"P59","canopyArea":296.909,"Count":33,"Type":"Tree","canopy_daimeter":19.443,"latitude":"19.132149° N","longitude":"72.915751° E","Geo-Coordinates":"19.132149° N, 72.915751° E","image_no":41,"botanical_name":"Tabebuia rosea","comman_name":"Pink Poui / Rosy Trumpet Tree","tree_height":20.95,"canopy_height":12.57,"DbH":92.83},"geometry":{"type":"MultiPolygon","coordinates":[[[[72.91563608907659,19.132151536261798],[72.915630439123,19.13213604217491],[72.91563719531842,19.132115133930725],[72.91565025849711,19.13210911002031],[72.91566464348247,19.132101249490805],[72.91566734905639,19.13209263934707],[72.91568369738825,19.132083566672225],[72.91570520903014,19.132077021337402],[72.915722136943,19.132073510040946],[72.91573513815894,19.132072423031655],[72.91574746685474,19.132073180001047],[72.91575453155907,19.13207943210467],[72.91576742435252,19.132086984681866],[72.91578047203625,19.132082194988502],[72.9157914789273,19.132084788574083],[72.91579859010024,19.13208733799523],[72.91580373018103,19.132091716674786],[72.91581144417488,19.132097976137093],[72.91581660748933,19.13210050347583],[72.91582761438232,19.13210309705941],[72.91583278544147,19.132105007284217],[72.91584626557373,19.13211750412501],[72.91585074862599,19.132122492556434],[72.91585516198079,19.132133035009428],[72.91585702465456,19.132139845339466],[72.9158588021424,19.132153443918167],[72.91585924233596,19.132170113343506],[72.91585374601728,19.132194121886698],[72.91584518912427,19.132203282902807],[72.91583602166487,19.13220935099034],[72.91582036133555,19.13221534547135],[72.91580729040858,19.132221986507083],[72.91577990418935,19.132230934059532],[72.91576439874785,19.132224586265927],[72.91575152917838,19.132215182347203],[72.9157359462929,19.132215005686067],[72.91572296055517,19.132214858467428],[72.91570740864914,19.13221221335007],[72.91569840382591,19.132205322047785],[72.9156919961507,19.1321984601894],[72.91568752859148,19.132192237527498],[72.91568303779803,19.13218786620584],[72.91567273440371,19.13218096018034],[72.9156623613059,19.13217960817528],[72.91565719799193,19.13217708083222],[72.91564561926106,19.13216830874272],[72.91564701077418,19.132160918103974],[72.91564384953585,19.132154093050193],[72.91563800595632,19.132154026799185],[72.91563608907659,19.132151536261798]]]]}},{"type":"Feature","properties":{"fid":510,"Tree_id":34,"Zone_name":"Academic","ZoneNumber":"Z02","Parcel No":"P59","canopyArea":235.086,"Count":34,"Type":"Tree","canopy_daimeter":17.301,"latitude":"19.132222° N","longitude":"72.915602° E","Geo-Coordinates":"19.132222° N, 72.915602° E","image_no":42,"botanical_name":"Alstonia scholaris","comman_name":"Scholar Tree / Devil Tree","tree_height":21.47,"canopy_height":12.882,"DbH":85.75},"geometry":{"type":"MultiPolygon","coordinates":[[[[72.91553282661721,19.13225590690782],[72.91551858877703,19.1322520422709],[72.91550772130074,19.1322383406277],[72.91550662411076,19.132222280956626],[72.91551523524033,19.132208800164516],[72.91552049924377,19.132203305037535],[72.9155277188525,19.13219721488189],[72.91552583295584,19.132192255889933],[72.91551874502028,19.13218785511808],[72.91551369014543,19.132176688183904],[72.91551382956405,19.132165580143102],[72.91552103368032,19.132160724214334],[72.91553006172927,19.132165764184258],[72.91554811008358,19.13217646123629],[72.91555069948488,19.132177107795897],[72.91555721558751,19.13217533007109],[72.91556968370374,19.132164979011854],[72.91557563571679,19.132156405677417],[72.91557832580595,19.13214902976235],[72.91559016012268,19.13213743711313],[72.91560052547173,19.132139406235382],[72.91560759791761,19.132145041230945],[72.9156107359189,19.132153717625446],[72.91561328659469,19.132157449751244],[72.91561861255401,19.13214701771359],[72.91562319628534,19.13214398367551],[72.91563029971242,19.132147150216575],[72.91563342222493,19.13215706083765],[72.91563470530814,19.132158309787005],[72.91563600388139,19.13215832450949],[72.91564119817441,19.13215838339933],[72.91564370238102,19.132165818205355],[72.91564367140104,19.132168286659084],[72.91564681714961,19.132176345939733],[72.91564875726473,19.132176985136773],[72.9156636443895,19.13218085712445],[72.91567074781901,19.13218402366417],[72.91567398650783,19.13218467758321],[72.91567847730094,19.132189048905058],[72.91568426666787,19.132193434948995],[72.91569065110808,19.132202148147957],[72.91569192644722,19.132204014210405],[72.91569313982778,19.13221081718043],[72.91568901176119,19.13222928641736],[72.91568752731068,19.132244082417802],[72.91568542455221,19.13225640260332],[72.91568339149737,19.13226316876784],[72.91568004437836,19.132271154436925],[72.91567805004763,19.13227483503414],[72.9156727783015,19.13228094727931],[72.91566037214139,19.13228636143779],[72.91564670613143,19.132288675305734],[72.91563890694069,19.132289204083992],[72.91562850285628,19.132290320530043],[72.91561290447467,19.132291378084627],[72.9156116059004,19.13229136336188],[72.91560900100667,19.13229195102976],[72.9156044559967,19.13229189950003],[72.91558627595701,19.132291693379884],[72.91557911830803,19.132292846630424],[72.91556495017136,19.1322834279762],[72.91556049810598,19.132275971084724],[72.91555147005027,19.13227093111569],[72.91553282661721,19.13225590690782]]]]}},{"type":"Feature","properties":{"fid":511,"Tree_id":35,"Zone_name":"Academic","ZoneNumber":"Z02","Parcel No":"P59","canopyArea":13.138,"Count":35,"Type":"Tree","canopy_daimeter":4.09,"latitude":"19.132062° N","longitude":"72.915674° E","Geo-Coordinates":"19.132062° N, 72.915674° E","image_no":43,"botanical_name":"Tecoma stans","comman_name":"Yellow Bells","tree_height":9.7,"canopy_height":5.82,"DbH":23.76},"geometry":{"type":"MultiPolygon","coordinates":[[[[72.91566218574489,19.132090112004377],[72.91566357079441,19.132031493588308],[72.9156738819245,19.132037782500056],[72.91568349730045,19.13204776673098],[72.9156898507567,19.132058948383396],[72.91568980428804,19.132062651064114],[72.91569232398545,19.132068851642718],[72.9156922852616,19.132071937209993],[72.91568899236134,19.132075603085628],[72.91568242979478,19.132081083496345],[72.91567722001437,19.13208225883478],[72.91567133771298,19.132085278152314],[72.91566871733295,19.132087100048267],[72.91566218574489,19.132090112004377]]]]}},{"type":"Feature","properties":{"fid":512,"Tree_id":36,"Zone_name":"Academic","ZoneNumber":"Z02","Parcel No":"P59","canopyArea":9.399,"Count":36,"Type":"Tree","canopy_daimeter":3.459,"latitude":"19.132087° N","longitude":"72.915912° E","Geo-Coordinates":"19.132087° N, 72.915912° E","image_no":44,"botanical_name":"Conocarpus erectus","comman_name":"Buttonwood / Silver Buttonwood","tree_height":16.24,"canopy_height":9.744,"DbH":27.43},"geometry":{"type":"MultiPolygon","coordinates":[[[[72.91590878294002,19.132103399995948],[72.91590175694836,19.132094062329944],[72.91590188085237,19.132084188513375],[72.9159013477259,19.132074924450052],[72.91590014208109,19.132067504367054],[72.9159008842954,19.132060106364882],[72.9159034891848,19.132059518692408],[72.91590800321342,19.132062038668323],[72.91591311232088,19.132068885799175],[72.915915639771,19.13207446926195],[72.91591941158657,19.132084387239953],[72.91592450520731,19.13209246859767],[72.91592833897502,19.132097449667178],[72.9159289263103,19.132102393935725],[72.91592102645681,19.132110945202943],[72.91591907859714,19.132110923122287],[72.91590878294002,19.132103399995948]]]]}},{"type":"Feature","properties":{"fid":513,"Tree_id":37,"Zone_name":"Academic","ZoneNumber":"Z02","Parcel No":"P59","canopyArea":76.927,"Count":37,"Type":"Tree","canopy_daimeter":9.897,"latitude":"19.132104° N","longitude":"72.915969° E","Geo-Coordinates":"19.132104° N, 72.915969° E","image_no":45,"botanical_name":"Butea monosperma","comman_name":"Flame of the Forest","tree_height":16.28,"canopy_height":9.768,"DbH":49.15},"geometry":{"type":"MultiPolygon","coordinates":[[[[72.91605244687779,19.132059032151457],[72.91604839620041,19.132051903269478],[72.9160334238962,19.13205481956267],[72.91601320309543,19.132061996770787],[72.91600654761571,19.132074882557095],[72.91600650889768,19.13207796812498],[72.91598957324393,19.132082096561724],[72.91598052969553,19.132078290840596],[72.91597344949433,19.132073272972004],[72.915969546032,19.132073845925394],[72.91596238064993,19.132075616305602],[72.91595071672548,19.132073632483525],[72.91594035137425,19.132071663381],[72.91593109099895,19.13208513683696],[72.9159310367917,19.132089456631785],[72.91593225018187,19.13209625960116],[72.91593150796861,19.13210365760356],[72.91592819958467,19.13210855771101],[72.9159203461945,19.13211340629688],[72.91591709976166,19.132113369495762],[72.91591195967693,19.132108990819074],[72.91590740692709,19.132109556410803],[72.91590345699979,19.13211383204392],[72.91590069722913,19.132126761987003],[72.9159082331166,19.132147215057042],[72.9159214557291,19.13215435989565],[72.91593735938214,19.1321548487774],[72.91594508887205,19.132159874007744],[72.91595893238018,19.132169288953754],[72.9159616534284,19.132159444577265],[72.91595423369112,19.13212973480546],[72.91597070591395,19.132110788287022],[72.91600712016827,19.13210688065072],[72.91601469924596,19.132098017142635],[72.91603007750463,19.132088624838637],[72.91604432309073,19.13209187232215],[72.91605020498695,19.13208008763353],[72.91605244687779,19.132059032151457]]]]}},{"type":"Feature","properties":{"fid":514,"Tree_id":38,"Zone_name":"Academic","ZoneNumber":"Z02","Parcel No":"P59","canopyArea":231.197,"Count":38,"Type":"Tree","canopy_daimeter":17.157,"latitude":"19.132041° N","longitude":"72.915823° E","Geo-Coordinates":"19.132041° N, 72.915823° E","image_no":46,"botanical_name":"Peltophorum pterocarpum","comman_name":"Copperpod / Yellow Gulmohar","tree_height":20.78,"canopy_height":12.468,"DbH":75.8},"geometry":{"type":"MultiPolygon","coordinates":[[[[72.91573390283398,19.132067368549915],[72.91573247710593,19.132051613754232],[72.91573187815968,19.132047595155807],[72.91572844261633,19.132036755185283],[72.91572661092718,19.13202747640061],[72.91573103264695,19.13201147929592],[72.91574510459392,19.132002689408225],[72.91575647484463,19.13200220110835],[72.91576069133181,19.132002557509974],[72.91576820458839,19.131998939477427],[72.9157734414713,19.13199560423887],[72.91579680214467,19.132008015364132],[72.91581232471013,19.132011192822265],[72.9158343150112,19.13200312696688],[72.91585915111592,19.132004104646334],[72.91586545939757,19.13201104875016],[72.91587057624588,19.132017278768394],[72.91587507091266,19.13202134152881],[72.91587951524328,19.13202941552709],[72.91588331416006,19.132037173608193],[72.91588330641602,19.13203779072174],[72.91588682715421,19.132041842441442],[72.91589745906585,19.132048443578427],[72.91589906679361,19.132049696206185],[72.91589869955848,19.132053086650505],[72.91589843755308,19.132073965658495],[72.91589963158181,19.132082311411793],[72.91590020342821,19.13208848990743],[72.91590012986012,19.132094352486018],[72.91590001757196,19.132103300632288],[72.91590000208392,19.132104534859344],[72.91590087921355,19.13211225981895],[72.91590086372551,19.13211349404603],[72.91589281435411,19.132125335357276],[72.91588719861709,19.132132986713543],[72.91588360043629,19.132135106128967],[72.91587349777278,19.132138077610737],[72.9158676348326,19.132139554150896],[72.91586146273735,19.13213979278361],[72.91585823566457,19.132138213197592],[72.91585354025928,19.132124272940096],[72.91583720029054,19.132106806069373],[72.91582622437421,19.1321017440323],[72.91581296433954,19.132097581902837],[72.91579786486768,19.13208475810161],[72.91578168691872,19.132080254290422],[72.91576767305007,19.132084415829283],[72.91575220247276,19.132075291025224],[72.91574834934974,19.132071852736264],[72.91573699071121,19.132071415364987],[72.91573390283398,19.132067368549915]]]]}},{"type":"Feature","properties":{"fid":515,"Tree_id":39,"Zone_name":"Academic","ZoneNumber":"Z02","Parcel No":"P59","canopyArea":8.054,"Count":39,"Type":"Tree","canopy_daimeter":3.202,"latitude":"19.132012° N","longitude":"72.915881° E","Geo-Coordinates":"19.132012° N, 72.915881° E","image_no":47,"botanical_name":"Conocarpus erectus","comman_name":"Buttonwood / Silver Buttonwood","tree_height":17.36,"canopy_height":10.416,"DbH":27.45},"geometry":{"type":"MultiPolygon","coordinates":[[[[72.91588622046015,19.132038440956716],[72.91587383042085,19.132016698456642],[72.91586742661623,19.13200952804747],[72.91586717554208,19.13200366178876],[72.91586949450796,19.13199998486887],[72.9158721342448,19.13199662018586],[72.9158751450889,19.131989556501775],[72.91588514707082,19.131994607494967],[72.9158876977511,19.131998339617382],[72.91588957978534,19.13200360716331],[72.91588984247633,19.13200854775175],[72.91589009355131,19.132014414010506],[72.91589067314138,19.132019975392613],[72.91589090872833,19.132027075878433],[72.9158908506482,19.13203170422994],[72.91588978766258,19.132038789995164],[72.91588622046015,19.132038440956716]]]]}},{"type":"Feature","properties":{"fid":516,"Tree_id":40,"Zone_name":"Academic","ZoneNumber":"Z02","Parcel No":"P59","canopyArea":198.852,"Count":40,"Type":"Tree","canopy_daimeter":15.912,"latitude":"19.132006° N","longitude":"72.915963° E","Geo-Coordinates":"19.132006° N, 72.915963° E","image_no":48,"botanical_name":"Alstonia scholaris","comman_name":"Scholar Tree / Devil Tree","tree_height":21.34,"canopy_height":12.804,"DbH":80.05},"geometry":{"type":"MultiPolygon","coordinates":[[[[72.91592649694896,19.132088993701508],[72.91591161042685,19.132059199286452],[72.91590265593761,19.132048296756057],[72.915897253164,19.13203897749072],[72.91589569190033,19.13203402218173],[72.91589320317142,19.132025353151093],[72.9158929830724,19.13201701843819],[72.9158917735561,19.132009906911946],[72.91589146440104,19.132008669004723],[72.9158896946548,19.131994453312515],[72.9158887633177,19.131991048147636],[72.91588435770753,19.13197988858191],[72.91588737242276,19.13197251634077],[72.91589822116121,19.13196183829816],[72.91590604744053,19.131959149609926],[72.91590961464138,19.131959498647863],[72.91591803103667,19.131952907706783],[72.91592403723114,19.13194001456356],[72.91593449549981,19.13193457830352],[72.91594615941433,19.131936562125727],[72.91595447623106,19.13194653162342],[72.91597070837946,19.131946715623663],[72.91597916458397,19.131945577076074],[72.91598701796424,19.131940728486665],[72.91599417559661,19.131939575218507],[72.91600674007313,19.13193879183901],[72.91601680400497,19.131938905916407],[72.91603196155945,19.131947101348203],[72.9160361006121,19.131953628879405],[72.9160373256214,19.13195950617808],[72.91603594187144,19.13196627970815],[72.9160352190226,19.131972134927558],[72.91603386624624,19.131976440003207],[72.9160298853515,19.13198318409408],[72.91602612843401,19.13199795434144],[72.91603028297443,19.132003247645645],[72.91603219985907,19.132005738179394],[72.91603608008933,19.132007016565247],[72.91603962406137,19.13200921694155],[72.91603534562493,19.132013797455006],[72.91603142667712,19.13201560463708],[72.91602644862127,19.132024189028844],[72.91603055282955,19.13203349357144],[72.91603211409735,19.13203844887966],[72.91603045216402,19.132041516048126],[72.91602614662413,19.132048256458813],[72.91602253295973,19.13205161010447],[72.91601500808976,19.13205615381808],[72.91600686877916,19.132057913160324],[72.91600348186776,19.132060446440743],[72.91600277450426,19.132065067432684],[72.91600041682193,19.13207182992231],[72.91599712779973,19.132075187247327],[72.91599451129478,19.1320767005915],[72.91599026382997,19.13207881264932],[72.91598863674196,19.132079102806195],[72.9159854019252,19.132078140335988],[72.91597960093746,19.13207467997146],[72.91597540767862,19.132072472233954],[72.91597314291982,19.132071829360335],[72.91597151970375,19.1320718109603],[72.91596957184447,19.132071788880207],[72.91596533986706,19.132072666710297],[72.9159630596208,19.132073258063677],[72.91596175330416,19.132073860457133],[72.91595560057065,19.13207255630935],[72.91594847390765,19.132071241121196],[72.91594361200337,19.132070568806796],[72.91594069021451,19.132070535686218],[72.91593872299565,19.13207205638969],[72.91592812145579,19.1320889092497],[72.91592649694896,19.132088993701508]]]]}},{"type":"Feature","properties":{"fid":517,"Tree_id":41,"Zone_name":"Academic","ZoneNumber":"Z02","Parcel No":"P59","canopyArea":16.303,"Count":41,"Type":"Tree","canopy_daimeter":4.556,"latitude":"19.132017° N","longitude":"72.916044° E","Geo-Coordinates":"19.132017° N, 72.916044° E","image_no":49,"botanical_name":"Conocarpus erectus","comman_name":"Buttonwood / Silver Buttonwood","tree_height":14.67,"canopy_height":8.802,"DbH":29.65},"geometry":{"type":"MultiPolygon","coordinates":[[[[72.91604983477951,19.13208356456279],[72.91604639336114,19.132090764253167],[72.91604730921496,19.132095403644787],[72.91604840369587,19.132097005071042],[72.91604983477951,19.13208356456279]]],[[[72.91605857574113,19.13200147082819],[72.91605716659733,19.131999849166803],[72.91605463914316,19.131994265705565],[72.91605079763004,19.131989901752107],[72.91604627585731,19.131987998893248],[72.916041112542,19.13198547156095],[72.91603758018563,19.13198234551431],[72.91603530768425,19.13198231975515],[72.91603333659553,19.131984149016645],[72.9160320147929,19.13198598563787],[72.91602972293278,19.13198750266261],[72.91602962613923,19.13199521658254],[72.91602991593665,19.131997997273583],[72.91603054586407,19.13199954741736],[72.9160321381056,19.1320020342712],[72.91603502891954,19.13200453584459],[72.91604017674838,19.132008297404287],[72.9160408105477,19.132009538991248],[72.91604011480077,19.132013234313057],[72.91603813983993,19.13201537213136],[72.91603422089212,19.132017179313483],[72.91602961394047,19.132022064703662],[72.91603145726206,19.132030417816548],[72.9160361449375,19.132044975184385],[72.91603820875444,19.132044381376783],[72.91604336819967,19.132047217266116],[72.91604885616002,19.13204974827839],[72.91605303780435,19.13205288168467],[72.91605309271567,19.132052966544286],[72.91605857574113,19.13200147082819]]]]}},{"type":"Feature","properties":{"fid":796,"Tree_id":42,"Zone_name":"Academic","ZoneNumber":"Z02","Parcel No":"P59","canopyArea":38.956,"Count":42,"Type":"Tree","canopy_daimeter":7.043,"latitude":"19.132492° N","longitude":"72.915404° E","Geo-Coordinates":"19.132492° N, 72.915404° E","image_no":50,"botanical_name":"Alstonia scholaris","comman_name":"Scholar Tree / Devil Tree","tree_height":26.13,"canopy_height":15.678,"DbH":51.25},"geometry":{"type":"MultiPolygon","coordinates":[[[[72.91542806966997,19.13245103669237],[72.91542770989824,19.13245047477716],[72.9154232494329,19.132447814037576],[72.91542001326135,19.132447065480676],[72.91541678006782,19.132446079669876],[72.91541228684484,19.1324460287222],[72.91540979060984,19.132446000417897],[72.91540854249236,19.13244598626575],[72.91540678023786,19.132447152721863],[72.9154067534358,19.132449288006345],[72.91540621249669,19.132452603899115],[72.91540618569461,19.132454739183594],[72.9154061797386,19.13245521369126],[72.91540194209495,19.132454691066116],[72.9154011694003,19.132456580605407],[72.91540088701859,19.132459187567115],[72.91540111281797,19.13246108842819],[72.9154040874541,19.132462783170354],[72.91540606359625,19.132464466590697],[72.91540357033901,19.132464201032445],[72.9154005718787,19.13246440432093],[72.91539957338459,19.132464392999147],[72.91539732081685,19.132464842032746],[72.91539504442487,19.13246718909698],[72.91539101471204,19.1324699908556],[72.9153895110148,19.132470448380506],[72.91538749020224,19.1324723237674],[72.91538796562502,19.13247422745895],[72.9153894514541,19.13247519345707],[72.9153891660941,19.132478037672534],[72.9153859090759,19.132478949891784],[72.9153801558222,19.132479833806226],[72.91537940397353,19.132480062568625],[72.91537490181555,19.132480723381427],[72.91537238771176,19.132482118599537],[72.91537161501662,19.132484008138665],[72.91536979617821,19.132489682417027],[72.91537049144368,19.132493961477383],[72.91537468739533,19.13249780565691],[72.91537663077884,19.132502098869654],[72.91537882378601,19.132506394912863],[72.91537929325263,19.132508773112118],[72.91538050633403,19.132513236009633],[72.91537904270683,19.132515473645697],[72.91537786295085,19.13251498569324],[72.91537672103179,19.132516455792473],[72.91538000769809,19.132518154073182],[72.91538386635195,19.132522350359334],[72.91538857644201,19.132525013930426],[72.91539158085949,19.132524336134594],[72.91539333120284,19.132524118694036],[72.91539760458457,19.13252179427361],[72.91539830878494,19.13252536157242],[72.91539804427116,19.132526545011103],[72.91539826113643,19.132529157633666],[72.91539974994407,19.132529886377913],[72.91540198166653,19.132531098121156],[72.91540396376541,19.132532307033934],[72.91540644808958,19.13253328435376],[72.91540719696049,19.132533292845103],[72.91540817163086,19.13253520219752],[72.91541016861989,19.1325352248411],[72.91541170209786,19.132532394777794],[72.915413728867,19.132530044883005],[72.9154167303065,19.132529604340572],[72.91541970792198,19.13253106182875],[72.91542070641648,19.13253107315047],[72.91542297685312,19.13252920059366],[72.9154239932156,19.13252778839237],[72.9154242964431,19.13252352065381],[72.91542447623985,19.13252294847852],[72.91542806966997,19.13245103669237]]]]}},{"type":"Feature","properties":{"fid":802,"Tree_id":43,"Zone_name":"Academic","ZoneNumber":"Z02","Parcel No":"P59","canopyArea":10.282,"Count":43,"Type":"Tree","canopy_daimeter":3.618,"latitude":"19.132546° N","longitude":"72.915409° E","Geo-Coordinates":"19.132546° N, 72.915409° E","image_no":52,"botanical_name":"Ficus benghalensis","comman_name":"Banyan Tree","tree_height":24.87,"canopy_height":14.922,"DbH":35.18},"geometry":{"type":"MultiPolygon","coordinates":[[[[72.91542416625019,19.132529151996007],[72.91542338445485,19.132529877530235],[72.91542136959784,19.132531278409818],[72.91541937260882,19.13253125576638],[72.91541788082307,19.13253076427613],[72.91541588383406,19.132530741632642],[72.91541361637535,19.13253237693553],[72.91541057622159,19.132535901777672],[72.91540833556492,19.132535401796016],[72.91540710233687,19.132534201374632],[72.9154051142819,19.13253346696956],[72.91540338180661,19.132532260887242],[72.91540188406486,19.132532243904517],[72.91539792880128,19.132529114317435],[72.91539543852113,19.132528611505162],[72.9153934117518,19.132530961399723],[72.91539018749101,19.13252926382684],[72.91538863316642,19.13253375466673],[72.9153880743582,19.132538494082315],[72.91538979789927,19.132540411926243],[72.91539226137718,19.13254305002305],[72.91539222564064,19.13254589706898],[72.91539369658013,19.132548049336247],[72.91539494767643,19.13254782623475],[72.91539872478954,19.1325452588996],[72.91540022848748,19.132544801374696],[72.91539867118492,19.1325495294685],[72.91539838284679,19.132552610937797],[72.91539784190698,19.13255592683046],[72.91539753570058,19.13256043182273],[72.91539951779976,19.13256164073558],[72.9154010453221,19.132559285180058],[72.915403562405,19.13255765270785],[72.91540509290527,19.132555059898454],[72.91540607055374,19.132556731997063],[72.91540879854591,19.132558186655004],[72.91541053995553,19.132558680975798],[72.91541052506544,19.13255986724496],[72.91541149973597,19.132561776597377],[72.91541420092614,19.132565366539712],[72.91541467634937,19.132567270231238],[72.91541642371513,19.132567290044324],[72.91541867628429,19.1325668410106],[72.91542228088802,19.132566881882497],[72.91542416625019,19.132529151996007]]]]}},{"type":"Feature","properties":{"fid":1056,"Tree_id":44,"Zone_name":"Academic","ZoneNumber":"Z02","Parcel No":"P59","canopyArea":41.355,"Count":44,"Type":"Tree","canopy_daimeter":7.256,"latitude":"19.13324° N","longitude":"72.91537° E","Geo-Coordinates":"19.13324° N, 72.91537° E","image_no":53,"botanical_name":"Alstonia scholaris","comman_name":"Scholar Tree / Devil Tree","tree_height":20.25,"canopy_height":12.15,"DbH":45.06},"geometry":{"type":"MultiPolygon","coordinates":[[[[72.9153913595212,19.13318567935651],[72.91538543457374,19.13318561217186],[72.91537250736273,19.13319212496816],[72.91536074775352,19.133198651003433],[72.9153541935998,19.133209120704784],[72.91535294241463,19.13321576589928],[72.91535003037264,19.13321517792963],[72.91534915275487,19.133285091491498],[72.9153862485317,19.13328796010333],[72.9153913595212,19.13318567935651]]]]}},{"type":"Feature","properties":{"fid":1110,"Tree_id":45,"Zone_name":"Academic","ZoneNumber":"Z02","Parcel No":"P59","canopyArea":139.964,"Count":45,"Type":"Tree","canopy_daimeter":13.349,"latitude":"19.13349° N","longitude":"72.915321° E","Geo-Coordinates":"19.13349° N, 72.915321° E","image_no":56,"botanical_name":"Dalbergia sissoo","comman_name":"Shisham / Indian Rosewood","tree_height":19.76,"canopy_height":11.856,"DbH":67.18},"geometry":{"type":"MultiPolygon","coordinates":[[[[72.9153754266589,19.13350452641851],[72.91537270433871,19.13350501187101],[72.91537065920838,19.13350878616866],[72.91536933550722,19.133508138243734],[72.91536333516102,19.133508703117126],[72.9153646111991,19.13351314799012],[72.9153580006373,19.133509275540497],[72.91536003782406,19.13350613406766],[72.91536541206686,19.133502397520886],[72.91537077836561,19.13349929379857],[72.91536819451404,19.13349293535135],[72.91536424724252,19.133489093102494],[72.9153636449708,19.133484022954995],[72.91536966914752,19.133481559607482],[72.91537369585697,19.133479073609458],[72.91536975652943,19.133474598536058],[72.91537247542539,19.133470198963785],[72.91537722921161,19.133468453920386],[72.91537758163052,19.13346140134869],[72.91537662923493,19.133457587770817],[72.91537404538361,19.133451229323693],[72.915370803654,19.13344423050177],[72.9153702013821,19.133439160354232],[72.91536890151286,19.133436613955322],[72.91536428047654,19.133433396981154],[72.91536023788049,19.133437148628424],[72.91535627472265,19.133434572028865],[72.91535359554625,19.133435807477568],[72.91535159807968,19.13343578482707],[72.91534834046358,19.133430051654198],[72.9153369817673,19.13343308742414],[72.91532569456626,19.133430427771405],[72.91531362238351,19.13343725293754],[72.91530243845529,19.133426366562926],[72.91529646194425,19.133425032960456],[72.91528709277,19.133428724202986],[72.91528370805055,19.13343311622348],[72.91528499997429,19.133436295447506],[72.91528105270609,19.133432453197162],[72.91527844502644,19.133427993222963],[72.91527171530775,19.133433613140276],[72.91527295956632,19.133440589312197],[72.91526697511095,19.133439888533374],[72.91526171208724,19.133434765532424],[72.91526103037668,19.133436023631194],[72.91525828764593,19.13344232167549],[72.9152582240922,19.133447384272554],[72.91526020567036,19.133448672573326],[72.91526084765991,19.133450578597728],[72.91526342356254,19.133457569870693],[72.91525604390831,19.133461916587493],[72.91525602801985,19.133463182236735],[72.91525793810008,19.13347016595923],[72.91526121160199,19.13347463348422],[72.9152651668148,19.133477842910413],[72.91526505559588,19.133486702455258],[72.91527249086033,19.133477925965725],[72.91527513826128,19.133479221816867],[72.91527507470792,19.133484284413942],[72.9152769927333,19.13349063531169],[72.91527761089068,19.133494439809954],[72.91527689740327,19.133498229207305],[72.9152788313172,19.133503314455783],[72.91528413406418,19.133505273333267],[72.91528546570905,19.133505288434147],[72.9152847442776,19.133509710656167],[72.91528140722117,19.133510305728585],[72.9152813198354,19.133517266799565],[72.91528128805875,19.133519798098117],[72.91528187443961,19.133526133894932],[72.91527985313954,19.13352800971746],[72.91527778417431,19.133533682487755],[72.91527772856503,19.133538112260172],[72.91527963864677,19.133545095982555],[72.91528225427211,19.13354892313222],[72.91528490167423,19.133550218983324],[72.9152901805903,19.133554076334686],[72.91529346998281,19.133557278210027],[72.91529545950665,19.133557933685935],[72.91530017587398,19.133553556766323],[72.91530620799814,19.13355046059659],[72.91531880301987,19.13355503382584],[72.91532545330239,19.1335557421537],[72.91533545653024,19.13355458975874],[72.9153447462717,19.133557226760942],[72.91534748105774,19.133551561539957],[72.91535211798457,19.13355351286547],[72.91535415517204,19.13355037139277],[72.91535419489155,19.13354720726946],[72.91536419811881,19.133546054872856],[72.91536751928815,19.133546725448337],[72.91537218799047,19.13354614547467],[72.9153733402005,19.13354628039762],[72.9153754266589,19.13350452641851]]]]}},{"type":"Feature","properties":{"fid":1112,"Tree_id":46,"Zone_name":"Academic","ZoneNumber":"Z02","Parcel No":"P59","canopyArea":66.819,"Count":46,"Type":"Tree","canopy_daimeter":9.224,"latitude":"19.133497° N","longitude":"72.914775° E","Geo-Coordinates":"19.133497° N, 72.914775° E","image_no":57,"botanical_name":"Tabebuia rosea","comman_name":"Pink Poui / Rosy Trumpet Tree","tree_height":13.3,"canopy_height":7.98,"DbH":42.67},"geometry":{"type":"MultiPolygon","coordinates":[[[[72.91474657338466,19.133561516505047],[72.91475174191262,19.13355762159309],[72.91475312123464,19.13355383975133],[72.91475754840744,19.133545978536493],[72.91476496383422,19.13353878413142],[72.9147686616147,19.133535977959284],[72.9147723315837,19.133535386672566],[72.91477468977321,19.1335331982201],[72.91478034529003,19.13353357882672],[72.9147843720083,19.13353109284259],[72.91478505372274,19.133529834745982],[72.91478673019765,19.133528904389973],[72.91478872369157,19.133529243458906],[72.91479106996178,19.133528004242873],[72.9147923698223,19.133530550645077],[72.91479370146696,19.133530565749528],[72.91479600800704,19.13353249065562],[72.91479868718842,19.133531255215583],[72.91480170722693,19.133529390727166],[72.91480272185241,19.133528136406575],[72.91480473521135,19.133526893414253],[72.91480644347001,19.133523431760253],[72.9148084687478,19.13352123953121],[72.91481117971273,19.133517472793187],[72.9148125272492,19.133516222248616],[72.91481454060792,19.133514979256155],[72.91481723568074,19.133512478166907],[72.91481826222486,19.13351027460954],[72.914820572738,19.133511883103104],[72.91482587945139,19.133513525581105],[72.91482721506888,19.133513224273077],[72.91482789281,19.13351228258849],[72.91482662075965,19.133507521300906],[72.91482666843497,19.133503724354195],[72.91482602645043,19.133501818328725],[72.91482607015281,19.13349833779425],[72.91482541624943,19.13349738100547],[72.91482275693355,19.133497034384842],[72.91481810809697,19.133496032283368],[72.91481611063035,19.13349600962699],[72.91481312237639,19.133495342817927],[72.9148071736794,19.13349179431412],[72.91480788717732,19.133488004919613],[72.91480823200732,19.133487059459007],[72.914810891323,19.133487406079826],[72.91481290468134,19.133486163087355],[72.91481428797421,19.133482064832716],[72.91481365393578,19.13347952598279],[72.91481300797847,19.133477936369523],[72.91481069746587,19.133476327875925],[72.91480938171351,19.13347504712275],[72.91480773305011,19.13347376259348],[72.91480507373467,19.13347341597262],[72.91480512538338,19.133469302613744],[72.91480080945875,19.13346830428797],[72.91479848702745,19.13346764503089],[72.91479620035312,19.13346413806381],[72.91479420685991,19.133463798995002],[72.91478915359934,19.133468488536764],[72.91478519045098,19.133465911925665],[72.91478523415414,19.13346243139126],[72.91478626864433,19.133459595009626],[72.9147833082023,19.133456713314608],[72.91477934505431,19.13345413670343],[72.91477571481745,19.133451563868288],[72.91477140286658,19.13345024912969],[72.9147690844087,19.133449273460062],[72.91476644893207,19.133447028365403],[72.91476615972458,19.133443544054877],[72.91476283856083,19.133442873468955],[72.91476012362324,19.133446956618517],[72.91475710755901,19.133448504694158],[72.91474813088148,19.133447453500903],[72.91474707255225,19.133452188355555],[72.9147493711446,19.133454746086514],[72.9147510396727,19.13345444855519],[72.91475331045362,19.13345922117158],[72.91474733792083,19.133457571139342],[72.91474238001354,19.133454666786637],[72.91474008936751,19.133451476231183],[72.91473899881818,19.133451047212017],[72.91474657338466,19.133561516505047]]]]}},{"type":"Feature","properties":{"fid":1198,"Tree_id":47,"Zone_name":"Academic","ZoneNumber":"Z02","Parcel No":"P59","canopyArea":467.299,"Count":47,"Type":"Tree","canopy_daimeter":24.392,"latitude":"19.132816° N","longitude":"72.914761° E","Geo-Coordinates":"19.132816° N, 72.914761° E","image_no":59,"botanical_name":"Pongamia pinnata (Millettia pinnata)","comman_name":"Indian Beech / Karanj","tree_height":20.09,"canopy_height":12.054,"DbH":109.32},"geometry":{"type":"MultiPolygon","coordinates":[[[[72.9146895627056,19.13273005728249],[72.9147073353793,19.13298925923021],[72.91472325039791,19.132991604654844],[72.91473127202369,19.132989163984163],[72.91473266193474,19.13298453837603],[72.91474281610193,19.13297136234577],[72.91474896740142,19.132958773826278],[72.91475236801485,19.132953116166952],[72.91476574798186,19.132948204613832],[72.91477692389667,19.13295972383972],[72.91478817132516,19.13296554764481],[72.91480219327525,19.1329625421145],[72.91480898655293,19.13295185961796],[72.91481979858655,19.13293932395907],[72.91483383642527,19.132935052777103],[72.91484066148202,19.13292183898107],[72.91484549702356,19.13290796970475],[72.91484707497501,19.13288836724879],[72.91484328664056,19.13287186850096],[72.91484209802094,19.13286046255633],[72.91483621688184,19.132851535047077],[72.91482909150557,19.1328356313645],[72.9148169340805,19.132822729694553],[72.91481698175423,19.132818932747586],[72.91481838887653,19.13281293601861],[72.91482048565493,19.132805048367956],[72.91482322044295,19.13279938315486],[72.91482662105018,19.13279372549351],[72.91483400862784,19.13278874596741],[72.91483763885226,19.13279131880029],[72.91483991757424,19.132795458590813],[72.9148445187188,19.13280025763701],[72.91485686021456,19.132798498870688],[72.91485608236754,19.13278973472928],[72.91485642322269,19.132789105680637],[72.91485844451718,19.132787229862217],[72.91486016071096,19.132783135382134],[72.91486121903075,19.13277840052581],[72.91486195635898,19.13277271265685],[72.9148626936871,19.13276702478789],[72.91486210732201,19.132760688991034],[72.91486180619405,19.1327581539171],[72.91485991599953,19.13274958813106],[72.91486131120134,19.13274454063828],[72.91485904837022,19.132739135198978],[72.91485307586116,19.13273748517241],[72.91484271593654,19.132740532243194],[72.91483427401396,19.132749930213784],[72.91482959341559,19.132751459412518],[72.91481858753451,19.132752916868775],[72.91481357402633,19.13275444229116],[72.91480155749768,19.132756837655297],[72.91479688484456,19.132757734028655],[72.91478623173687,19.132757613197654],[72.9147829264779,19.13275567696437],[72.91478681863903,19.132746227391518],[72.91477957011244,19.132740132487278],[72.9147772993384,19.132735359871717],[72.91477635622984,19.13273091877234],[72.91477609085902,19.132725535988225],[72.91477646747009,19.132722059229543],[72.91477952722168,19.13271703061753],[72.91478253929888,19.132715798952376],[72.91478889238984,19.132713655810132],[72.91479392576106,19.132710548327076],[72.91479495627223,19.132708028356962],[72.91479868978766,19.13270237447197],[72.91480643013519,19.132695816661318],[72.91480945810301,19.132693319346654],[72.91480749640125,19.132690448980846],[72.9148002717129,19.132682455604076],[72.9147990235041,19.132675795843085],[72.91479671300202,19.132674187350236],[72.91478981327863,19.132666830573587],[72.91478987287101,19.13266208438986],[72.91478792706128,19.132657948374924],[72.91477865724468,19.132653729288684],[72.91477300573052,19.13265303227258],[72.91476569761518,19.132651683551842],[72.91476137376588,19.132651318051593],[72.91475674084457,19.132649050301794],[72.91475077231291,19.132647083860032],[72.91474878120667,19.132655394651554],[72.91474811538785,19.132655387099494],[72.91474346260206,19.132654701410566],[72.91472684891578,19.132651981310076],[72.91471688547188,19.13264996955441],[72.91470680283881,19.13265745016518],[72.91470805501677,19.132663793514197],[72.91470997301366,19.132670144415442],[72.91470664391943,19.13267010665441],[72.91468806456025,19.132664832595864],[72.91468126903038,19.132665684401168],[72.9146895627056,19.13273005728249]]]]}},{"type":"Feature","properties":{"fid":1199,"Tree_id":48,"Zone_name":"Academic","ZoneNumber":"Z02","Parcel No":"P59","canopyArea":32.672,"Count":48,"Type":"Tree","canopy_daimeter":6.45,"latitude":"19.132726° N","longitude":"72.914811° E","Geo-Coordinates":"19.132726° N, 72.914811° E","image_no":60,"botanical_name":"Grevillea robusta","comman_name":"Silver Oak / Silky Oak","tree_height":21.31,"canopy_height":12.786,"DbH":43.21},"geometry":{"type":"MultiPolygon","coordinates":[[[[72.91477907035623,19.132731318757216],[72.91477830164814,19.132726246721347],[72.91477954032946,19.13272040631081],[72.91478457171459,19.132717457034165],[72.91478792067416,19.13271591273266],[72.91479412916085,19.13271202743487],[72.91479733152957,19.132708899183967],[72.91479919630089,19.132706230447567],[72.91480173682318,19.13270277823241],[72.91480528004668,19.132699020932762],[72.91480847446934,19.13269652550611],[72.91481536069219,19.13269169852259],[72.91482388166632,19.132689263510166],[72.9148290278587,19.13269042947939],[72.91483012749143,19.13269566349719],[72.91482988356792,19.132701831648216],[72.91483213447938,19.13270818632453],[72.9148342427728,19.132712640639337],[72.91483501545535,19.132717396262876],[72.9148407579448,19.132724106998122],[72.91484282055207,19.132732200053816],[72.91484108250842,19.132738034801164],[72.91483887290948,19.13274164899889],[72.9148358350092,19.13274493734462],[72.91483213327597,19.13274805993237],[72.91483129107003,19.132748841523263],[72.91481327091272,19.132752065423368],[72.91480542568645,19.132753716956234],[72.9147955869752,19.132755029420753],[72.91479241638824,19.132755626373562],[72.91478841551361,19.13275605568028],[72.91478609507845,19.13275523821783],[72.91478597033863,19.132751914001297],[72.91478683240902,19.132749550349402],[72.9147878629206,19.132747030379377],[72.91478789867625,19.13274418266918],[72.91478493029993,19.13274193379968],[72.91478180341463,19.132739050217673],[72.91478032717228,19.1327372929584],[72.91477907035623,19.132731318757216]]]]}},{"type":"Feature","properties":{"fid":1202,"Tree_id":49,"Zone_name":"Academic","ZoneNumber":"Z02","Parcel No":"P59","canopyArea":76.554,"Count":49,"Type":"Tree","canopy_daimeter":9.873,"latitude":"19.132779° N","longitude":"72.914907° E","Geo-Coordinates":"19.132779° N, 72.914907° E","image_no":63,"botanical_name":"Gliricidia sepium","comman_name":"Quickstick / Mexican Lilac","tree_height":18.49,"canopy_height":11.094,"DbH":52.34},"geometry":{"type":"MultiPolygon","coordinates":[[[[72.9148604864766,19.132735090307673],[72.91486254551101,19.13273020857267],[72.91486622340713,19.132728984457795],[72.91487055719064,19.132728558925127],[72.9148798707134,19.132729297472387],[72.91489117374849,19.132730691498452],[72.91489502604453,19.132728836446333],[72.91490051905262,19.132728898746553],[72.91490514999211,19.132731324699243],[72.91490945596736,19.132733114051533],[72.91491845644416,19.132732266759795],[72.91492108396757,19.1327351446761],[72.91492238382524,19.132737691077196],[72.91492599815987,19.13274152955745],[72.9149299612946,19.13274410616427],[72.91493390456661,19.13274826483238],[72.91493781009946,19.132755429417013],[72.91494008683738,19.13275972741265],[72.91494072683503,19.132761791643834],[72.91493885080952,19.132765356883244],[72.91494180329833,19.132768871399577],[72.91494707423735,19.132773361582558],[72.91495099367516,19.132779418724045],[72.9149489644366,19.132781927368143],[72.91494561150428,19.132783788084865],[72.91494589674333,19.132787588807865],[72.91494752156633,19.13279077180908],[72.91495010539305,19.132797130260123],[72.91493731181066,19.132808377625302],[72.91493391120666,19.132814035289005],[72.91493317388057,19.132819723158438],[72.91493450551967,19.13281973826133],[72.91493616609591,19.13282007355221],[72.91494045419721,19.13282328675924],[72.91493906694201,19.132827701428194],[72.91493700989453,19.132832424957964],[72.9149362407877,19.132840644125565],[72.91493085861433,19.132845013485714],[72.91491951187214,19.132847099996287],[72.9149083558165,19.132833998717388],[72.91490307693161,19.132830141357783],[72.91489644257187,19.13282816736845],[72.91489044225054,19.132828732228614],[72.91488880948303,19.132826182051474],[72.91488654267745,19.13282109302464],[72.9148925588892,19.132819262515536],[72.91489789339069,19.132818690103694],[72.91490157923394,19.13281683316375],[72.91489995441168,19.132813650162177],[72.91489766376995,19.13281045960903],[72.91490571716605,19.132805487631515],[72.91490321676643,19.132792484522408],[72.9149005574614,19.13279213790394],[72.91489588480755,19.13279303427977],[72.9148909149979,19.132791079169323],[72.91488327396543,19.1327897266768],[72.91487893024862,19.13279094324028],[72.91486994963213,19.13279020846846],[72.91486629159817,19.132789850522002],[72.91486230065453,19.132789488799606],[72.91485998220485,19.13278851313189],[72.91486060445743,19.132787570817516],[72.91486238818734,19.132778097329005],[72.91486360303006,19.132774155391235],[72.91486384099369,19.132768461858493],[72.91486378974739,19.132759284015062],[72.91486254749478,19.13275214963586],[72.91486140813373,19.13275007974073],[72.91486266654304,19.132747087669028],[72.9148604864766,19.132735090307673]]]]}},{"type":"Feature","properties":{"fid":1203,"Tree_id":50,"Zone_name":"Academic","ZoneNumber":"Z02","Parcel No":"P59","canopyArea":80.172,"Count":50,"Type":"Tree","canopy_daimeter":10.103,"latitude":"19.132841° N","longitude":"72.914876° E","Geo-Coordinates":"19.132841° N, 72.914876° E","image_no":64,"botanical_name":"Grevillea robusta","comman_name":"Silver Oak / Silky Oak","tree_height":24.95,"canopy_height":14.97,"DbH":62.89},"geometry":{"type":"MultiPolygon","coordinates":[[[[72.91482477056817,19.132826194122188],[72.91481991994273,19.132814746642335],[72.91482169970256,19.132805589566754],[72.91482678472244,19.13279836872378],[72.91483216689657,19.1327939993668],[72.91483450123722,19.132793709385847],[72.91483879330843,19.132796606182776],[72.91484107997601,19.132800113148775],[72.91484305757052,19.13280171786535],[72.914850385557,19.132801484522403],[72.91485540303914,19.132799642686876],[72.91486043243935,19.132796851614422],[72.91486513687511,19.132793423941457],[72.91487678871476,19.132793556095592],[72.91488443769266,19.13279427576386],[72.91489277632604,19.1327931045098],[72.91489741322606,19.13279505584445],[72.91489972373083,19.13279666433624],[72.91490234728215,19.13279985866514],[72.91490231550098,19.13280238996326],[72.91490162981832,19.132803964473027],[72.9148962238095,19.13281023230578],[72.91489750777663,19.132814044356092],[72.91489716294892,19.132814989817103],[72.9148921375213,19.132817464478308],[72.91488712401157,19.13281898990256],[72.91488509477159,19.132821498545805],[72.91488931930903,19.132829774350128],[72.91489558315092,19.13283032007943],[72.9149023919109,19.13283166313216],[72.91490552475905,19.132834072094056],[72.91490849115239,19.13283647916803],[72.91491112264971,19.13283904067231],[72.91491538492883,19.132844310559655],[72.91491768550287,19.132846710081974],[72.9149211592066,19.132848489994874],[72.91492799974844,19.13284730174859],[72.91493183615663,19.132846712345017],[72.91493452922965,19.132844369458823],[72.91493754925354,19.132842504966714],[72.91494001032396,19.132845380995054],[72.91494211862171,19.132849835309024],[72.91494274074303,19.13285332339543],[72.91493854560306,19.132855965703268],[72.91492964205385,19.132862352097938],[72.91493190091602,19.13286807394895],[72.91493435602774,19.13287142459579],[72.91494676466917,19.132877578018494],[72.91493904020768,19.13288287018558],[72.9149297266758,19.132882131640475],[72.91492151913457,19.132872861290977],[72.91491354916077,19.132871188611343],[72.91490880499704,19.13287778040804],[72.91490874540732,19.132882526592],[72.91490272124801,19.132884989925962],[72.91489171933083,19.13288613097353],[72.91488640071789,19.132885437735926],[72.91487814153393,19.132880280744068],[72.91487180830079,19.132880841827593],[72.9148661130783,19.13288362534839],[72.914861420558,19.132886103784355],[72.91485820269601,19.132877206482547],[72.91485765208583,19.132868022975433],[72.91485136652624,19.13286478711125],[72.91485093032473,19.132873010053952],[72.91485188138127,19.132876818328633],[72.91484982035787,19.13288185826936],[72.91484814786297,19.132882472214412],[72.91484624972287,19.13287453925276],[72.91484596845898,19.1328704221176],[72.91484472024769,19.13286376235676],[72.91484377316415,19.132859637669792],[72.91484117344984,19.13285454486658],[72.9148365683313,19.132850062232453],[72.91483464238252,19.132844344156503],[72.91483206650541,19.132837352879733],[72.91482946281897,19.132832576488674],[72.91482387883602,19.132826500465303],[72.91482322096209,19.13282586008896],[72.91482477056817,19.132826194122188]]]]}},{"type":"Feature","properties":{"fid":1204,"Tree_id":51,"Zone_name":"Academic","ZoneNumber":"Z02","Parcel No":"P59","canopyArea":62.559,"Count":51,"Type":"Tree","canopy_daimeter":8.925,"latitude":"19.132842° N","longitude":"72.914972° E","Geo-Coordinates":"19.132842° N, 72.914972° E","image_no":65,"botanical_name":"Tamarindus indica","comman_name":"Tamarind / Imli","tree_height":9.43,"canopy_height":5.658,"DbH":36.4},"geometry":{"type":"MultiPolygon","coordinates":[[[[72.91494172228803,19.1328725629986],[72.91493580141695,19.132866799614703],[72.91493720059044,19.132861435709014],[72.91494190502681,19.13285800803414],[72.91494428306666,19.13285423751686],[72.91494468351023,19.13284886228393],[72.91494177869104,19.132841550820274],[72.91494147756184,19.132839015746377],[72.91493986862892,19.132834567095994],[72.91494233009244,19.13282415192099],[72.91493679377619,19.13281427895341],[72.91493985352523,19.13280925033849],[72.91494793472805,19.132802063473047],[72.9149533248446,19.132797061287658],[72.91495804516886,19.13279236796303],[72.9149700180013,19.13279345312377],[72.91497996159566,19.132797046928193],[72.91498493537928,19.132798685624067],[72.91499054320268,19.132802863169324],[72.91499775598821,19.13281180577675],[72.9150053334639,19.132818220861243],[72.91500695034344,19.13282203668666],[72.91500683911485,19.132830896230644],[72.91500642675601,19.13283722070078],[72.91500395337877,19.13284858511384],[72.91500048127152,19.13285993820001],[72.9149990225129,19.13287004829061],[72.91499658885924,19.132878248580628],[72.91498881672915,19.132887337697312],[72.9149821068882,19.132891375544084],[72.91497409321488,19.132893183401972],[72.91496875473847,19.13289407222808],[72.91495980986855,19.13289048974964],[72.91495286643111,19.132886613512742],[72.91495190742707,19.13288343806292],[72.91494899863453,19.13287644301155],[72.91494702501065,19.13287452188369],[72.91494172228803,19.1328725629986]]]]}},{"type":"Feature","properties":{"fid":1205,"Tree_id":52,"Zone_name":"Academic","ZoneNumber":"Z02","Parcel No":"P59","canopyArea":39.012,"Count":52,"Type":"Tree","canopy_daimeter":7.048,"latitude":"19.132909° N","longitude":"72.914918° E","Geo-Coordinates":"19.132909° N, 72.914918° E","image_no":66,"botanical_name":"Conocarpus erectus","comman_name":"Buttonwood / Button Mangrove","tree_height":19.53,"canopy_height":11.718,"DbH":43.42},"geometry":{"type":"MultiPolygon","coordinates":[[[[72.91487950124328,19.132913418698177],[72.91488365507072,19.13290080751787],[72.91488772149825,19.132895157407116],[72.914893452475,19.132889526175287],[72.9149038203539,19.132885846277958],[72.91490915485755,19.132885273866012],[72.91491085118821,19.132882761446776],[72.91491359789276,19.13287614699542],[72.91491928119648,19.13287431270983],[72.91492983499738,19.13288234384056],[72.9149344520373,19.132885877235875],[72.91494044044296,19.132886261611276],[72.91494410642451,19.132885986731928],[72.91494974205749,19.132887949392682],[72.91495104588915,19.13289017938141],[72.91495091876686,19.132900304574125],[72.91495047462485,19.132909160342034],[72.91495075986388,19.132912961064996],[72.9149539975944,19.13292027630434],[72.9149566132034,19.132924103457224],[72.91494724802544,19.13292747827231],[72.91494488984739,19.13292966672815],[72.91493546110716,19.132938104138848],[72.91492116186745,19.13293667613229],[72.91491925180554,19.132929692407846],[72.91490991443528,19.132930852335072],[72.91489989535427,19.13293327035925],[72.91489150109605,19.13293887138455],[72.91488449806795,19.132939741328926],[72.91488724874739,19.132932810465913],[72.91487950124328,19.132913418698177]]]]}},{"type":"Feature","properties":{"fid":1206,"Tree_id":53,"Zone_name":"Academic","ZoneNumber":"Z02","Parcel No":"P59","canopyArea":5.55,"Count":53,"Type":"Tree","canopy_daimeter":2.658,"latitude":"19.132909° N","longitude":"72.914965° E","Geo-Coordinates":"19.132909° N, 72.914965° E","image_no":67,"botanical_name":"Conocarpus erectus","comman_name":"Buttonwood / Button Mangrove","tree_height":11.86,"canopy_height":7.116,"DbH":21.5},"geometry":{"type":"MultiPolygon","coordinates":[[[[72.91496229253593,19.132922585582705],[72.91495769138464,19.132917786538872],[72.91495475478342,19.132913006373474],[72.91495415649719,19.132907619813444],[72.91495591638848,19.1329000447974],[72.91495798138156,19.13289468844293],[72.9149642987251,19.13289539300556],[72.91497455139995,19.132900889060142],[72.91497614047168,19.13290691977173],[72.91497607691123,19.13291198236817],[72.91497467376584,19.132917662686467],[72.91497128905057,19.132922054701616],[72.91496229253593,19.132922585582705]]]]}},{"type":"Feature","properties":{"fid":1208,"Tree_id":54,"Zone_name":"Academic","ZoneNumber":"Z02","Parcel No":"P59","canopyArea":128.982,"Count":54,"Type":"Tree","canopy_daimeter":12.815,"latitude":"19.132979° N","longitude":"72.914855° E","Geo-Coordinates":"19.132979° N, 72.914855° E","image_no":69,"botanical_name":"Pongamia pinnata","comman_name":"Karanj / Indian Beech","tree_height":19.0,"canopy_height":11.4,"DbH":63.83},"geometry":{"type":"MultiPolygon","coordinates":[[[[72.91479805953931,19.13298056301773],[72.91479887290389,19.132979487662077],[72.9148029830379,19.13297035701905],[72.91480537697404,19.13296532085512],[72.91480949902584,19.132955240975146],[72.91481557880866,19.132948347873242],[72.91482099277097,19.13294144721919],[72.91482533649211,19.132940230657532],[72.9148333501687,19.132938422806482],[72.91484077748096,19.132930279158305],[72.91484321114314,19.132922078871186],[72.91484795928355,19.132915170664322],[72.91485594514943,19.13291557769792],[72.9148579704184,19.132913385467436],[72.91486929730192,19.132912881022442],[72.91487125900703,19.13291575138791],[72.9148765577572,19.1329180266873],[72.91487984315692,19.132921544980544],[72.91488111123341,19.132926622680024],[72.91488240711892,19.132929485493694],[72.91488301732096,19.13293392281696],[72.91488363149571,19.132938043727993],[72.91488756285247,19.132943151634105],[72.91489859655492,19.132939479289067],[72.91490096267904,19.132936658009385],[72.91491198843555,19.132933618487993],[72.9149136529855,19.13293363736691],[72.91492026351374,19.1329375098296],[72.91492289898532,19.132939754921598],[72.91492688993281,19.132940116643027],[72.91493321522302,19.132940188382335],[72.91493724192401,19.13293770239313],[72.91494490679939,19.132937156410435],[72.91494480351196,19.132945383129435],[72.91494339241993,19.1329516962719],[72.91493965095741,19.13295798298417],[72.91493455401863,19.132966153066956],[72.91492848615752,19.1329720969364],[72.91491316037619,19.132972872487485],[72.91490052171154,19.13297177977024],[72.91489082361988,19.132975150806256],[72.91488573859637,19.132982371650616],[72.91488368154508,19.132987095179395],[72.91488255966037,19.132996892631752],[72.91488079579159,19.133004784058866],[72.91488007832582,19.13300888986646],[72.91487911243502,19.133015102571825],[72.91487934205405,19.133023333066273],[72.91487625448947,19.133030576565307],[72.91487122905474,19.133033051225237],[72.9148661996471,19.13303584229726],[72.91485952952502,19.133036716016154],[72.91485484097285,19.13303887803924],[72.91484614557984,19.133041943987887],[72.91483580947249,19.133043092582923],[72.9148254972021,19.1330423427039],[72.91481444480988,19.13304328357971],[72.91480610366277,19.13304155252683],[72.91479844680568,19.133034296494113],[72.9147992010441,19.13302320060407],[72.91479255579864,19.13301412082795],[72.91479265114819,19.133006526934285],[72.91479278622666,19.132995768918256],[72.91479560047718,19.132983775461284],[72.91479702833075,19.132981135287054],[72.91479805953931,19.13298056301773]]]]}},{"type":"Feature","properties":{"fid":1209,"Tree_id":55,"Zone_name":"Academic","ZoneNumber":"Z02","Parcel No":"P59","canopyArea":27.76,"Count":55,"Type":"Tree","canopy_daimeter":5.945,"latitude":"19.133051° N","longitude":"72.914993° E","Geo-Coordinates":"19.133051° N, 72.914993° E","image_no":70,"botanical_name":"Bismarckia nobilis","comman_name":"Bismarck Palm","tree_height":23.49,"canopy_height":14.094,"DbH":43.59},"geometry":{"type":"MultiPolygon","coordinates":[[[[72.91496917775935,19.13306369815336],[72.9149679255698,19.133057354805132],[72.91496473948015,19.133045926206336],[72.91496687995419,19.13303455801886],[72.91498029964875,19.133026482327427],[72.91499761892398,19.13302604583735],[72.91501289306831,19.133029383639304],[72.91502012969855,19.13303642777299],[72.91502330784705,19.133048489195744],[72.91502322839769,19.13305481744139],[72.91501444561136,19.133064844468358],[72.91500634453456,19.133073613396974],[72.91498629046615,19.133079715102905],[72.91497702459358,19.133075179611904],[72.91496917775935,19.13306369815336]]]]}},{"type":"Feature","properties":{"fid":1210,"Tree_id":56,"Zone_name":"Academic","ZoneNumber":"Z02","Parcel No":"P59","canopyArea":395.766,"Count":56,"Type":"Tree","canopy_daimeter":22.448,"latitude":"19.132796° N","longitude":"72.915142° E","Geo-Coordinates":"19.132796° N, 72.915142° E","image_no":71,"botanical_name":"Pongamia pinnata (Millettia pinnata)","comman_name":"Indian Beech / Karanj","tree_height":19.7,"canopy_height":11.82,"DbH":100.92},"geometry":{"type":"MultiPolygon","coordinates":[[[[72.91520930348945,19.132890682061653],[72.91519655758013,19.13289813249789],[72.91518378783692,19.132907481407027],[72.91516103079192,19.1329167170555],[72.91515425342598,19.13292613391812],[72.91512554371874,19.13293213748239],[72.91511022985715,19.13293196381344],[72.91509370352482,19.132922282672403],[72.91508714860488,19.132913980443444],[72.91507870745097,19.132896796017096],[72.9150683641754,19.132871995042446],[72.91506322034509,19.132857379668923],[72.91507048926042,19.132844170896195],[72.91506811198973,19.13282135900688],[72.91505771259477,19.1328187094098],[72.91504646516448,19.132812885621195],[72.9150511025796,19.1327971153466],[72.91501019466358,19.132784626029224],[72.91501410270283,19.13277391080125],[72.9150428362185,19.132766008778333],[72.91505635071175,19.132768060789278],[72.915070919292,19.132774555156374],[72.91507897268183,19.132769583170553],[72.91506844668564,19.13275933716219],[72.91507258460487,19.132747991624907],[72.91508861193577,19.13274437589858],[72.91509664943455,19.13274066956102],[72.9151147457223,19.132731381063163],[72.91512464562278,19.13273845539516],[72.91513463291226,19.132738568655768],[72.91513807322978,19.13272974686436],[72.91513155803592,19.132718280514176],[72.91512428169096,19.13271440050865],[72.91511450095834,19.132697833807406],[72.91511461218035,19.13268897426265],[72.91511875009425,19.132677628723798],[72.9151188930935,19.13266623788049],[72.91513233658323,19.132656263700245],[72.91513898682862,19.132656972031437],[72.91514958432231,19.132661522613905],[72.91515822408083,19.132662886420853],[72.91516295631193,19.132657243853004],[72.91516833052908,19.132653507309488],[72.91518096569803,19.13263719481138],[72.91519236406067,19.132630994922653],[72.91519757939461,19.13263991487136],[72.91521284556596,19.132643885478483],[72.91522144560439,19.132648413405793],[72.91522796874654,19.132659246928533],[72.91522574091363,19.13267757619302],[72.91522020781626,19.132693969231614],[72.91521471443797,19.132707198146583],[72.91520926872316,19.132716630113322],[72.91520188910275,19.132720976831262],[72.91519386749508,19.13272341752444],[72.91518384048526,19.132726468390388],[72.91517776866975,19.132732728682196],[72.91517227528658,19.132745957595404],[72.91517148235945,19.132756075239136],[72.91517668180698,19.1327662608379],[72.91518723164347,19.132774608366777],[72.91519909723175,19.132784236645403],[72.915205699818,19.132788741922596],[72.91521892882389,19.132795854002406],[72.91521890499163,19.1327977524764],[72.91522416005171,19.132803508301524],[72.91522679155389,19.13280606980172],[72.91520930348945,19.132890682061653]]]]}},{"type":"Feature","properties":{"fid":1211,"Tree_id":57,"Zone_name":"Academic","ZoneNumber":"Z02","Parcel No":"P59","canopyArea":23.786,"Count":57,"Type":"Tree","canopy_daimeter":5.503,"latitude":"19.132749° N","longitude":"72.915203° E","Geo-Coordinates":"19.132749° N, 72.915203° E","image_no":72,"botanical_name":"Bismarckia nobilis","comman_name":"Bismarck Palm","tree_height":24.61,"canopy_height":14.766,"DbH":42.93},"geometry":{"type":"MultiPolygon","coordinates":[[[[72.91518851718999,19.132769454141403],[72.91517866494999,19.13275858286458],[72.9151761128915,19.13274969311738],[72.91518028258011,19.13273581627835],[72.91519105882348,19.132726128304284],[72.91520640841532,19.13272345425374],[72.91522295989282,19.132731131438806],[72.9152297484233,19.13274734774656],[72.91522926325327,19.132759473110827],[72.91522082929367,19.13276823827648],[72.91520978369194,19.132772859879662],[72.9151967922682,19.13277334547048],[72.91518851718999,19.132769454141403]]]]}},{"type":"Feature","properties":{"fid":1212,"Tree_id":58,"Zone_name":"Academic","ZoneNumber":"Z02","Parcel No":"P59","canopyArea":1076.934,"Count":58,"Type":"Tree","canopy_daimeter":37.03,"latitude":"19.132564° N","longitude":"72.915061° E","Geo-Coordinates":"19.132564° N, 72.915061° E","image_no":73,"botanical_name":"Alstonia scholaris","comman_name":"Scholar Tree / Devil Tree","tree_height":26.44,"canopy_height":15.864,"DbH":177.53},"geometry":{"type":"MultiPolygon","coordinates":[[[[72.91488776597684,19.132555704690546],[72.91488788515528,19.132546212322403],[72.91489171797863,19.132532648127956],[72.91489946625946,19.13252545748763],[72.91490552218576,19.13252046285426],[72.91491369474335,19.13250599850654],[72.91491944159465,19.132499101623228],[72.91493410548628,19.13249800210382],[72.91494012565809,19.13249585517964],[72.9149386541806,19.132489298372747],[72.91495568893808,19.13245847875042],[72.91495594317564,19.132438228363945],[72.91496203087657,19.1324307024299],[72.9149701239757,19.132422566324504],[72.91498511308231,19.132413242597732],[72.91499912703793,19.132410869872068],[72.91501577248627,19.132411058647694],[72.9150377444784,19.132411307829244],[72.91504771585853,19.132412686741958],[72.91505493657718,19.132420996521553],[72.91506015189792,19.132429916473033],[72.91506224840491,19.13243088962095],[72.91506528430858,19.132427759476556],[72.91506113127065,19.132413788254492],[72.91506121071572,19.132407460008274],[72.91506626790617,19.132402454042424],[72.91507256139863,19.132405057073516],[72.91507588254387,19.132405727652056],[72.91508426087906,19.13240139226414],[72.91509128771709,19.132398623835964],[72.91509760504296,19.132399328392324],[72.91510591982272,19.13240005560044],[72.9151068669115,19.13240418028662],[72.91510612959455,19.13240986815772],[72.91511673501637,19.132413785915983],[72.91512476852576,19.132410395987804],[72.91513566713601,19.132417481643564],[72.91513759706422,19.132422883304795],[72.91514249139695,19.13243085024211],[72.91515540732405,19.132436376486858],[72.91516746354688,19.132430816973493],[72.91517288144856,19.132423599893382],[72.91518552801963,19.132424059763498],[72.91518648702655,19.132427235212408],[72.91518575368413,19.132432606671728],[72.91519733797686,19.132438117812914],[72.91520205431162,19.132433740892548],[72.91521045647745,19.132427507024673],[72.91521880700725,19.132425386516807],[72.91522277808404,19.13242733029241],[72.9152260873148,19.13242895010536],[72.91523144960698,19.13242616279611],[72.91523540876823,19.13242905580851],[72.9152403309095,19.132434807857237],[72.91524526099494,19.132439927081165],[72.91525120569554,19.132443791980833],[72.91525376569895,19.1324520489025],[72.91525130029059,19.13246278049679],[72.91524824452989,19.13246749270624],[72.91524216875517,19.13247406941383],[72.9152341312725,19.13247777575939],[72.91523274402871,19.132482190431716],[72.9152410270384,19.13248544893295],[72.91524664280314,19.132488993645445],[72.91525059402223,19.132492519482348],[72.91525056224695,19.132495050781117],[72.915250811746,19.132501699215492],[72.91525068067286,19.132512140822904],[72.91525062506602,19.132516570595755],[72.91524915441192,19.132527629927466],[72.91524878575537,19.132530473863472],[72.91524609924082,19.132558819077936],[72.9152365950702,19.13257326834236],[72.9152396699587,19.132593556483464],[72.91523943958525,19.132611908399202],[72.91523863871973,19.1326226588685],[72.91523306590625,19.132642216031247],[72.91522161350622,19.132643879420723],[72.91520833684737,19.132640564290117],[72.91520304207211,19.132637972588306],[72.91519846872457,19.132630958664127],[72.91519585708558,19.132626815102157],[72.91519118046521,19.13262802789843],[72.91518046380995,19.132632969688267],[72.91517575938475,19.13263639737041],[72.9151709953779,19.132644571237304],[72.91516762259009,19.132648014020234],[72.91516088098614,19.132654583173533],[72.91515120277822,19.132656372164057],[72.915140585424,19.132653403643317],[72.91512560449745,19.132653233753405],[72.91512190674347,19.132656039935398],[72.91511481633918,19.132663870960716],[72.9151147329228,19.132670515619292],[72.91511465347862,19.132676843865546],[72.91511489370322,19.13268423059488],[72.91511247594768,19.132691165238132],[72.91511102514282,19.132700642505984],[72.91511193648266,19.13270761490296],[72.91511882430646,19.132715920905923],[72.91512243864562,19.132719759382717],[72.91512337381918,19.132724833305797],[72.91511632710609,19.132729183795423],[72.91510762776122,19.13273256617084],[72.91509993508944,19.132735327047424],[72.91508958311258,19.132737741307963],[72.91508388789815,19.132740524836368],[72.91507719395464,19.132743297038235],[72.91507117774715,19.132745127553864],[72.91506461437963,19.1327551797551],[72.91505724269886,19.132758893642112],[72.91504991074135,19.1327594434058],[72.91504467157853,19.13275242192718],[72.91503382062076,19.13274153931702],[72.91503559639543,19.132732698650393],[72.91503770507946,19.13272386175924],[72.9150367778533,19.13271815501137],[72.91502739679906,19.132722795481033],[72.91502066313153,19.13272873180374],[72.91501557812198,19.132735952653142],[72.91501086574581,19.132740013155004],[72.9150009022917,19.13273800141394],[72.91499565518679,19.132731612758747],[72.91499377293025,19.132722414148848],[72.9149929052924,19.1327119612166],[72.91498630668804,19.132707139520257],[72.9149813249621,19.13270613364923],[72.91497536039753,19.13270385080205],[72.91496750960579,19.132692685756954],[72.91496265897304,19.132681238280167],[72.91496205274159,19.13267648454466],[72.91496351547194,19.132666058041906],[72.91495988127532,19.132663801623846],[72.91495463020165,19.13265772938008],[72.91496204557698,19.132650534961854],[72.91496708291588,19.13264711106127],[72.91497035488895,19.132639350653516],[72.91495638458005,19.13262737412577],[72.9149462949125,19.132627618544706],[72.91494034459575,19.132625174355265],[72.91493982717691,19.13262884063942],[72.91493077234706,19.13262737412577],[72.91492792654338,19.132620041557328],[72.91492766783395,19.132613686664424],[72.91492559815856,19.13260488758153],[72.91492533944914,19.13259535524119],[72.91491602590987,19.132589489185328],[72.91489658450222,19.132587028497113],[72.91489132946056,19.13258127266423],[72.91489039826718,19.132575882328343],[72.91489048169208,19.132569237670648],[72.91488776597684,19.132555704690546]]]]}},{"type":"Feature","properties":{"fid":1213,"Tree_id":59,"Zone_name":"Academic","ZoneNumber":"Z02","Parcel No":"P59","canopyArea":21.846,"Count":59,"Type":"Tree","canopy_daimeter":5.274,"latitude":"19.13259° N","longitude":"72.914865° E","Geo-Coordinates":"19.13259° N, 72.914865° E","image_no":74,"botanical_name":"Bismarckia nobilis","comman_name":"Bismarck Palm","tree_height":20.6,"canopy_height":12.36,"DbH":37.92},"geometry":{"type":"MultiPolygon","coordinates":[[[[72.91484439639974,19.132606689857976],[72.91484115470622,19.13259969102978],[72.91483897927704,19.132587324520678],[72.91484444089754,19.132576626917327],[72.91485654481146,19.132567270479235],[72.91487650347592,19.132568762676154],[72.91488539668288,19.13257645851647],[72.91489029497916,19.13258410904737],[72.91489155510925,19.132589819571287],[72.9148914557938,19.132597729878032],[72.91488670766559,19.132604638087304],[72.91487730675146,19.132610860610907],[72.91486629293462,19.132612950895485],[72.91485365827047,19.13261154176534],[72.91484870038474,19.132608637417494],[72.91484439639974,19.132606689857976]]]]}},{"type":"Feature","properties":{"fid":1214,"Tree_id":60,"Zone_name":"Academic","ZoneNumber":"Z02","Parcel No":"P59","canopyArea":137.79,"Count":60,"Type":"Tree","canopy_daimeter":13.245,"latitude":"19.132525° N","longitude":"72.915129° E","Geo-Coordinates":"19.132525° N, 72.915129° E","image_no":75,"botanical_name":"Tabebuia rosea","comman_name":"Pink Poui / Rosy Trumpet Tree","tree_height":23.45,"canopy_height":14.07,"DbH":73.54},"geometry":{"type":"MultiPolygon","coordinates":[[[[72.91507798100133,19.132477270813386],[72.91507036778643,19.13247370344365],[72.91506779984769,19.13246607934489],[72.9150732376159,19.13245728020672],[72.91507995140857,19.132452925942257],[72.91508665725647,19.132449204502155],[72.91509862212175,19.13245092247692],[72.91510954456625,19.13245610966042],[72.91511844969618,19.132462856253035],[72.91512407737362,19.13246545173199],[72.9151337635146,19.1324630299172],[72.91514276397659,19.132462182612944],[72.91515237861958,19.132465456219013],[72.91516231425587,19.13246968283687],[72.9151615848844,19.13247473788364],[72.91515950004388,19.132481676303385],[72.91516038755303,19.13249054717435],[72.91516029619513,19.132497824657875],[72.91515352282086,19.132506925110185],[72.91515342749045,19.132514519006026],[72.91516314938285,19.13250924947897],[72.91517080232234,19.132509652721883],[72.91518577926433,19.132510139019214],[72.91519408213433,19.132511815460912],[72.91519500142152,19.132518155033214],[72.91519026919588,19.13252379760244],[72.91518425299745,19.13252562812267],[72.91517683366489,19.132533138963737],[72.91517370243137,19.132543863005854],[72.91517866429395,19.13254645093297],[72.91518232232391,19.132546808872785],[72.91518591680118,19.13255222940983],[72.91518447791864,19.132560757441897],[72.91517978143986,19.13256355229972],[72.91517303586804,19.132570437866214],[72.91517296437067,19.13257613328813],[72.9151729405382,19.132578031762097],[72.91517439588885,19.13259471502094],[72.91517197019326,19.13260228249005],[72.9151658864661,19.132609492018915],[72.9151582756419,19.132614574514072],[72.91515158964889,19.132616713894652],[72.91514394464893,19.132615677825836],[72.91514004506759,19.13260803862646],[72.91513714818687,19.132600094340642],[72.91514025956343,19.13259095236114],[72.91514307377945,19.13257895889535],[72.91513955477384,19.132567526523438],[72.91513757320656,19.13256623822234],[72.91512550108395,19.13257306338192],[72.9151191440295,19.132575522949065],[72.91510979079099,19.132577948537794],[72.91509948649089,19.132576565852116],[72.9150936450678,19.132564474227348],[72.91508371340046,19.132559931193153],[72.91507980587859,19.13255292481745],[72.91508994410131,19.13254101441158],[72.915095358038,19.132534113746825],[72.91508765345893,19.132537823860734],[72.91508631387751,19.132538441583776],[72.91507943400639,19.132529502755666],[72.91507626380417,19.13251680850918],[72.91507969220213,19.132508935955425],[72.91507743333825,19.13250321410603],[72.91507379517094,19.132501274102694],[72.91507519830802,19.132495593782714],[72.91507880230212,19.13249141522286],[72.91508089906281,19.132483527567423],[72.91507798100133,19.132477270813386]]]]}},{"type":"Feature","properties":{"fid":1215,"Tree_id":61,"Zone_name":"Academic","ZoneNumber":"Z02","Parcel No":"P59","canopyArea":18.676,"Count":61,"Type":"Tree","canopy_daimeter":4.876,"latitude":"19.132485° N","longitude":"72.915185° E","Geo-Coordinates":"19.132485° N, 72.915185° E","image_no":76,"botanical_name":"Pongamia pinnata (Millettia pinnata)","comman_name":"Indian Beech / Karanj","tree_height":24.24,"canopy_height":14.544,"DbH":39.93},"geometry":{"type":"MultiPolygon","coordinates":[[[[72.91516419709939,19.13250535838601],[72.91517285273834,19.132505456542226],[72.9151791621248,19.13250679392084],[72.91519417084281,19.132504748918794],[72.91520526409025,19.132496330366724],[72.915209405964,19.13248466841221],[72.91520491603156,19.13247100982937],[72.9151883579597,19.13246385999892],[72.91517539833671,19.132461814291823],[72.91517035703548,19.132465554611468],[72.91516864482519,19.132469332683296],[72.91516655998502,19.13247627110314],[72.91516480805382,19.132483213298205],[72.91516373782902,19.132488897394403],[72.91516419709939,19.13250535838601]]]]}},{"type":"Feature","properties":{"fid":1216,"Tree_id":62,"Zone_name":"Academic","ZoneNumber":"Z02","Parcel No":"P59","canopyArea":14.63,"Count":62,"Type":"Tree","canopy_daimeter":4.316,"latitude":"19.132608° N","longitude":"72.915202° E","Geo-Coordinates":"19.132608° N, 72.915202° E","image_no":77,"botanical_name":"Pongamia pinnata (Millettia pinnata)","comman_name":"Indian Beech / Karanj","tree_height":19.57,"canopy_height":11.742,"DbH":33.33},"geometry":{"type":"MultiPolygon","coordinates":[[[[72.91519050550205,19.132624328241587],[72.91518626307877,19.13261747629858],[72.91518286285948,19.13260984276276],[72.91518095080255,19.132603017246296],[72.91518169804867,19.13259653834401],[72.91518392352654,19.13259165849191],[72.91518798397779,19.132586482991137],[72.91519545457818,19.132588149995073],[72.9152028874445,19.132592822915893],[72.91521164797679,19.132597827349517],[72.91522077518096,19.132600146053075],[72.91523013996742,19.132610062427453],[72.91522389971753,19.13261647904004],[72.91521585031128,19.132621134621036],[72.91521131631383,19.132624247779457],[72.915213428589,19.132628385678505],[72.91521027190731,19.132627875195737],[72.91520263485025,19.13262620630464],[72.91519050550205,19.132624328241587]]]]}},{"type":"Feature","properties":{"fid":1218,"Tree_id":63,"Zone_name":"Academic","ZoneNumber":"Z02","Parcel No":"P59","canopyArea":11.352,"Count":63,"Type":"Tree","canopy_daimeter":3.802,"latitude":"19.132647° N","longitude":"72.914711° E","Geo-Coordinates":"19.132647° N, 72.914711° E","image_no":79,"botanical_name":"Bougainvillea spectabilis","comman_name":"Bougainvillea / Paperflower","tree_height":6.83,"canopy_height":4.098,"DbH":20.53},"geometry":{"type":"MultiPolygon","coordinates":[[[[72.91468113063408,19.132664610212625],[72.91468618933052,19.13266391469641],[72.91468968487928,19.132663954345876],[72.91469234418152,19.132664300967168],[72.91469798178996,19.132666105428584],[72.91470264252172,19.13266615829421],[72.9147074498433,19.132667795108944],[72.91470730126701,19.132666369365843],[72.91470717454214,19.13266320335548],[72.91470654845318,19.132660031680974],[72.91470525455895,19.13265701066036],[72.91470710343903,19.132655607573902],[72.91471213879616,19.132652341886928],[72.91471500428266,19.132649526273607],[72.91471751500839,19.132648447151414],[72.91472035069756,19.13264800462975],[72.91472715944812,19.132649347688172],[72.91473512146287,19.132651653199208],[72.91473860310626,19.132652800290554],[72.91473927091153,19.13265264963652],[72.9147403034095,19.132649971460644],[72.91473968526574,19.132646166961678],[72.91473641179287,19.132641699429907],[72.91473015008178,19.132636565089122],[72.9147227192154,19.13263173394415],[72.91471425386482,19.13262973918076],[72.91470286939297,19.132634831595347],[72.91469576903913,19.13264345363329],[72.91469302829056,19.132649593462748],[72.91469146067065,19.132655113684162],[72.91468991887524,19.132658577226078],[72.91468807198149,19.13265982210625],[72.91468092436205,19.132658949888565],[72.91468037523376,19.132658747033325],[72.91468113063408,19.132664610212625]]]]}},{"type":"Feature","properties":{"fid":1219,"Tree_id":64,"Zone_name":"Academic","ZoneNumber":"Z02","Parcel No":"P59","canopyArea":74.8,"Count":64,"Type":"Tree","canopy_daimeter":9.759,"latitude":"19.132621° N","longitude":"72.914777° E","Geo-Coordinates":"19.132621° N, 72.914777° E","image_no":80,"botanical_name":"Pongamia pinnata (Millettia pinnata)","comman_name":"Indian Beech / Karanj","tree_height":17.41,"canopy_height":10.446,"DbH":50.34},"geometry":{"type":"MultiPolygon","coordinates":[[[[72.91471909086624,19.13261133403619],[72.91471815570553,19.132606260112215],[72.91471990567037,19.13259947612951],[72.91472367295532,19.13259113274196],[72.91473335513453,19.132589027361803],[72.91473933955551,19.132589728154958],[72.91474233375247,19.132589920345342],[72.91474470185987,19.13258694086122],[72.91474773975858,19.132583652516853],[72.91475246206781,19.132578800991244],[72.91476233652428,19.132574640817843],[72.91476800392712,19.132574072185072],[72.91477150344701,19.132573795420544],[72.91477383381174,19.13257382185233],[72.91477596991197,19.132576061281835],[72.91477758877068,19.132579718902495],[72.9147765304504,19.13258445375833],[72.91477598937173,19.13258777042298],[72.91478405228763,19.132595298621794],[72.91478687407096,19.132595963541878],[72.9147885664271,19.132593767535862],[72.9147922641845,19.13259096136095],[72.91479723001417,19.132593232885675],[72.91480136555714,19.132595336764382],[72.91480602827363,19.13259523142109],[72.91480998743019,19.132598124442268],[72.91481240678095,19.13260432280051],[72.91481434663172,19.132608933433602],[72.91481682756059,19.13261022740184],[72.91482271703781,19.132605230883843],[72.91482718151802,19.13260765495015],[72.914830976207,19.13261038787687],[72.91483159435282,19.132614192375723],[72.9148312296616,19.1326167198979],[72.91482985432408,19.132620185329237],[72.91482747827207,19.132623797639052],[72.91482577598418,19.132626784676106],[72.914824876174,19.13263215424473],[72.9148248165827,19.132636900428576],[72.914825484649,19.132649988241518],[72.91482074247563,19.132656421830237],[72.91482067493861,19.132661800838562],[72.9148184693132,19.13266509862387],[72.91481428410859,19.132666949898532],[72.9148052399346,19.13267127772024],[72.91480191878576,19.13267060713642],[72.91479664388126,19.132666433362164],[72.91479469012565,19.13266293017176],[72.9147913987732,19.13265988649592],[72.91479010289093,19.13265702368189],[72.91478797274878,19.132654309634063],[72.91478183776178,19.132652341305295],[72.91477752583096,19.132651026568706],[72.91477237368099,19.13265033521652],[72.91477004728809,19.132649992372382],[72.91476339307307,19.13264960044025],[72.91475792787828,19.132647323250485],[72.91475313048888,19.132644895406486],[72.91474336329644,19.13264051244848],[72.91473808044863,19.13263697149722],[72.9147321675387,19.132630575283613],[72.91472773682948,19.132625461711065],[72.91472526782006,19.132623218504957],[72.91471909086624,19.13261133403619]]]]}},{"type":"Feature","properties":{"fid":1220,"Tree_id":65,"Zone_name":"Academic","ZoneNumber":"Z02","Parcel No":"P59","canopyArea":84.385,"Count":65,"Type":"Tree","canopy_daimeter":10.365,"latitude":"19.13255° N","longitude":"72.914815° E","Geo-Coordinates":"19.13255° N, 72.914815° E","image_no":81,"botanical_name":"Pongamia pinnata (Millettia pinnata)","comman_name":"Indian Beech / Karanj","tree_height":18.88,"canopy_height":11.328,"DbH":54.71},"geometry":{"type":"MultiPolygon","coordinates":[[[[72.91475836572104,19.132563836230993],[72.9147588098704,19.132554980464135],[72.91476283656368,19.13255249447801],[72.91476420395612,19.13254966187171],[72.9147619133203,19.132546471317376],[72.91475837845076,19.13253630458968],[72.91476214374566,19.132528119407098],[72.9147724837935,19.132526654400912],[72.9147784841038,19.1325260895436],[72.91478222158783,19.13252011924624],[72.91479130548156,19.132512627302354],[72.91479768637382,19.132508269273227],[72.9148066351924,19.132511535345174],[72.91481093520179,19.132513799317557],[72.91482264661236,19.132509185289386],[72.91483495630462,19.132509957820535],[72.91484728983313,19.13250883187728],[72.91486085965437,19.13251531493079],[72.9148661305836,19.132519805115237],[72.91487102887757,19.13252745564648],[72.91487092558887,19.132535682365443],[72.91486416411607,19.132543833568597],[72.91485775144247,19.132550722898184],[72.91485867071668,19.132557062470905],[72.91486094149127,19.13256183508555],[72.91485622514446,19.132566211995904],[72.91484952723268,19.132569300602086],[72.91484550451275,19.132571470177943],[72.91484347130292,19.132574295233265],[72.91484038771995,19.13258122232041],[72.9148383147827,19.132587211498254],[72.91483823532835,19.132593539743468],[72.91483818765573,19.132597336690562],[72.91483848083783,19.132600504589014],[72.9148364357093,19.13260427888098],[72.91483242490655,19.132605499219675],[72.91482811297637,19.13260418448433],[72.9148187954883,19.13260376234736],[72.91481714286003,19.132602794231133],[72.91481486016804,19.132598970852804],[72.91481288654883,19.132597049723884],[72.91480893931055,19.132593207465984],[72.91480629192733,19.132591911609687],[72.91479897586865,19.13259119571501],[72.91479365726572,19.132590502475637],[72.91478966235434,19.132590457164373],[72.91478667808929,19.132589473944147],[72.9147817797979,19.132581823410924],[72.91478120535433,19.13257453837727],[72.91478056337277,19.132572632351888],[72.91475836572104,19.132563836230993]]]]}},{"type":"Feature","properties":{"fid":1221,"Tree_id":66,"Zone_name":"Academic","ZoneNumber":"Z02","Parcel No":"P59","canopyArea":11.889,"Count":66,"Type":"Tree","canopy_daimeter":3.891,"latitude":"19.132395° N","longitude":"72.91503° E","Geo-Coordinates":"19.132395° N, 72.91503° E","image_no":82,"botanical_name":"Conocarpus erectus","comman_name":"Buttonwood / Button Mangrove","tree_height":12.07,"canopy_height":7.242,"DbH":25.27},"geometry":{"type":"MultiPolygon","coordinates":[[[[72.91500774982438,19.13240474400186],[72.91501264889027,19.132385812120834],[72.9150193944598,19.132378926560012],[72.9150333925231,19.132377819480627],[72.91503867139814,19.132381676835603],[72.91504160004953,19.13238708982387],[72.91504291182385,19.132388686987202],[72.9150445525348,19.132390604338255],[72.91504783395685,19.132394439040354],[72.91505248673752,19.132395124721036],[72.91505779739163,19.13239645077705],[72.91505843143148,19.132398989626367],[72.91505770205745,19.132404044672516],[72.91505235962495,19.132405249914946],[72.9150423564669,19.132406402300987],[72.91502204107552,19.132406804822104],[72.91501670658747,19.132407377238856],[72.91501303664423,19.132407968532977],[72.91500774982438,19.13240474400186]]]]}},{"type":"Feature","properties":{"fid":1222,"Tree_id":67,"Zone_name":"Academic","ZoneNumber":"Z02","Parcel No":"P59","canopyArea":116.026,"Count":67,"Type":"Tree","canopy_daimeter":12.154,"latitude":"19.132383° N","longitude":"72.91519° E","Geo-Coordinates":"19.132383° N, 72.91519° E","image_no":83,"botanical_name":"Alstonia scholaris","comman_name":"Scholar Tree / Devil Tree","tree_height":17.48,"canopy_height":10.488,"DbH":58.81},"geometry":{"type":"MultiPolygon","coordinates":[[[[72.91511485143072,19.132404692777527],[72.91511733670713,19.13239237912414],[72.91512007544934,19.132386397492454],[72.91512517633086,19.13237791098918],[72.91512755038666,19.13237445688063],[72.91513133552019,19.132364689626634],[72.91513468844181,19.132362828905443],[72.91514140620112,19.132358158225856],[72.9151471411217,19.132352210570904],[72.91515052979152,19.1323475021384],[72.91515494896422,19.132340273732844],[72.91516000614985,19.132335267763928],[72.91516331140609,19.13233720399014],[72.91517329867169,19.13233731724637],[72.91518823587829,19.132340967665424],[72.9151998559128,19.132343631094827],[72.91521186049205,19.13234218493819],[72.91521988208048,19.132339744242373],[72.91523122878549,19.132337657709485],[72.91524651876217,19.132339729837284],[72.91524970089138,19.13235147484492],[72.91524953010045,19.132365080576026],[72.91525198683404,19.13238156421879],[72.91525350441925,19.132393290351086],[72.91525098340567,19.132408451718405],[72.91524751132718,19.132419804812205],[72.91523549085464,19.132422516620057],[72.91522551152742,19.132421770542017],[72.9152195191648,19.132421702589756],[72.91521217133426,19.13242351801079],[72.91520948423015,19.132425386283646],[72.91520413782561,19.132426907942875],[72.9151965246097,19.132423340578306],[72.9151862203178,19.132421957898327],[72.91517624893518,19.132420578992978],[72.91517190522973,19.132421795564547],[72.91516753769189,19.13242491060999],[72.915158485595,19.132429871275953],[72.91515480770728,19.13243109539757],[72.91514982996007,19.13242977311943],[72.91514393292782,19.13242211126881],[72.915140362287,19.132414792257315],[72.91513341091913,19.13241154885319],[72.9151264516073,19.13240893827349],[72.91511485143072,19.132404692777527]]]]}},{"type":"Feature","properties":{"fid":1224,"Tree_id":68,"Zone_name":"Academic","ZoneNumber":"Z02","Parcel No":"P59","canopyArea":57.047,"Count":68,"Type":"Tree","canopy_daimeter":8.523,"latitude":"19.132314° N","longitude":"72.915456° E","Geo-Coordinates":"19.132314° N, 72.915456° E","image_no":85,"botanical_name":"Alstonia scholaris","comman_name":"Scholar Tree / Devil Tree","tree_height":23.49,"canopy_height":14.094,"DbH":54.19},"geometry":{"type":"MultiPolygon","coordinates":[[[[72.91542153375781,19.13234044853131],[72.91541670692959,19.13232710258978],[72.91541657657005,19.13231096178333],[72.9154251812704,19.13228859087239],[72.91543990074521,19.13228306153704],[72.91545529397969,19.132276906924975],[72.91546895515461,19.132276112449006],[72.91548059901963,19.13227687738626],[72.91548653577824,19.13228137510315],[72.91549246856579,19.13228618923228],[72.91549372077303,19.132292532578777],[72.91549364134494,19.132298860826825],[72.91549356191685,19.132305189074877],[72.91549345071745,19.132314048622128],[72.91549431838763,19.132324501555225],[72.91549189668281,19.132331752618125],[72.91548177041527,19.132342713813177],[72.91546667434092,19.13235171991317],[72.91545335401166,19.132351885338263],[72.91543839693844,19.13234981700205],[72.91542842952808,19.132348121698204],[72.91542153375781,19.13234044853131]]]]}},{"type":"Feature","properties":{"fid":1225,"Tree_id":69,"Zone_name":"Academic","ZoneNumber":"Z02","Parcel No":"P59","canopyArea":180.042,"Count":69,"Type":"Tree","canopy_daimeter":15.141,"latitude":"19.132344° N","longitude":"72.915548° E","Geo-Coordinates":"19.132344° N, 72.915548° E","image_no":86,"botanical_name":"Gliricidia sepium","comman_name":"Quickstick / Mata Ratón","tree_height":21.83,"canopy_height":13.098,"DbH":78.04},"geometry":{"type":"MultiPolygon","coordinates":[[[[72.91556953867678,19.13242113580944],[72.91557276559114,19.13241890416908],[72.91558465733257,19.13241318453342],[72.91559156735076,19.132406459042908],[72.9155933661439,19.13240020303127],[72.91559803481334,19.13239962304868],[72.9156077408021,19.132395619145754],[72.91561387612833,19.13238429623804],[72.91561406674558,19.13236910844167],[72.91561162188913,19.132351675563072],[72.91560234876464,19.132321190512386],[72.91559502147038,19.132294841469513],[72.91557605757927,19.132293677088914],[72.91557044578386,19.132289815973973],[72.91555895282545,19.132277027370467],[72.9155325504572,19.13225837348955],[72.91551995552271,19.132253800283113],[72.91549039346808,19.132274667750895],[72.91549384840495,19.132286785049224],[72.91549592494154,19.13229377065704],[72.91549497749881,19.132302937180206],[72.91549512772308,19.132317495925324],[72.91549619759047,19.13232510303411],[72.91549427723481,19.13233220155277],[72.9154863545897,19.132340023159106],[72.91548837354074,19.13235159674679],[72.91549108213844,19.132361279409327],[72.91549446979246,19.132369914913102],[72.91549299121385,19.13238160707338],[72.91549345086315,19.132384776859315],[72.91550136522281,19.132390879285833],[72.91550827887025,19.132397128594462],[72.91551230917739,19.132407617386242],[72.91551643281258,19.132410670486518],[72.91552221702194,19.132414058872012],[72.91552604328324,19.13241835756848],[72.91556953867678,19.13242113580944]]]]}},{"type":"Feature","properties":{"fid":1239,"Tree_id":70,"Zone_name":"Academic","ZoneNumber":"Z02","Parcel No":"P59","canopyArea":115.773,"Count":70,"Type":"Tree","canopy_daimeter":12.141,"latitude":"19.133057° N","longitude":"72.914755° E","Geo-Coordinates":"19.133057° N, 72.914755° E","image_no":87,"botanical_name":"Butea monosperma","comman_name":"Flame of the Forest","tree_height":11.83,"canopy_height":7.098,"DbH":33.07},"geometry":{"type":"MultiPolygon","coordinates":[[[[72.91471837190973,19.133097391083396],[72.914722006286,19.133108363281767],[72.91472930647446,19.133110344830513],[72.91474658205355,19.13311338889945],[72.91475918099691,19.13311764575045],[72.91477011936225,19.133121567308024],[72.91478008283478,19.13312357906345],[72.91478710970851,19.133120810650478],[72.91478851286263,19.133115130334495],[72.91478994780003,19.13310691872061],[72.91479008287943,19.13309616070471],[72.91477218346996,19.133077348785932],[72.91473751640711,19.133063172525276],[72.91472095900396,19.133070505074038],[72.91471837190973,19.133097391083396]]]]}},{"type":"Feature","properties":{"fid":1247,"Tree_id":71,"Zone_name":"Academic","ZoneNumber":"Z02","Parcel No":"P59","canopyArea":21.519,"Count":71,"Type":"Tree","canopy_daimeter":5.234,"latitude":"19.132985° N","longitude":"72.914776° E","Geo-Coordinates":"19.132985° N, 72.914776° E","image_no":88,"botanical_name":"Conocarpus erectus","comman_name":"Buttonwood / Silver Buttonwood","tree_height":19.39,"canopy_height":11.634,"DbH":36.56},"geometry":{"type":"MultiPolygon","coordinates":[[[[72.91477271467434,19.133012102521995],[72.9147591607105,19.133004353809866],[72.91476228800893,19.132993946190894],[72.91476304520697,19.13298667626172],[72.91475955006032,19.132973345411298],[72.91475030009268,19.132967544261028],[72.91475340752588,19.13295871870331],[72.9147681270792,19.13295318942991],[72.91477142042288,19.132956074900473],[72.91478328202321,19.132966019616966],[72.9147955758571,19.132968057802866],[72.91480122738204,19.132968754819288],[72.91479712916663,19.13297693622555],[72.91479363717757,19.132989871367233],[72.91478983611518,19.13300090425935],[72.91479123845419,19.133021806347024],[72.91477271467434,19.133012102521995]]]]}},{"type":"Feature","properties":{"fid":1248,"Tree_id":72,"Zone_name":"Academic","ZoneNumber":"Z02","Parcel No":"P59","canopyArea":29.705,"Count":72,"Type":"Tree","canopy_daimeter":6.15,"latitude":"19.133145° N","longitude":"72.914737° E","Geo-Coordinates":"19.133145° N, 72.914737° E","image_no":89,"botanical_name":"Alstonia scholaris","comman_name":"Scholar Tree / Devil Tree","tree_height":11.18,"canopy_height":6.708,"DbH":30.93},"geometry":{"type":"MultiPolygon","coordinates":[[[[72.91472031198249,19.133178513605465],[72.91473387788685,19.133179384371452],[72.91475090399601,19.133175780007846],[72.91475930224411,19.133169862578455],[72.91476433165752,19.13316707150995],[72.91475478849922,19.133158102460655],[72.91475910336497,19.1331503454565],[72.91475866797776,19.133131985995213],[72.91475514104567,19.13312118644244],[72.91474788853245,19.133115407948],[72.91473925670222,19.13311341129544],[72.91472761676029,19.13311232989382],[72.91471800209189,19.133109056262953],[72.9147154799584,19.133108042053273],[72.91472031198249,19.133178513605465]]]]}},{"type":"Feature","properties":{"fid":1249,"Tree_id":73,"Zone_name":"Academic","ZoneNumber":"Z02","Parcel No":"P59","canopyArea":142.471,"Count":73,"Type":"Tree","canopy_daimeter":13.468,"latitude":"19.133259° N","longitude":"72.914762° E","Geo-Coordinates":"19.133259° N, 72.914762° E","image_no":90,"botanical_name":"Pongamia pinnata (Millettia pinnata)","comman_name":"Indian Beech / Karanj","tree_height":14.34,"canopy_height":8.604,"DbH":57.59},"geometry":{"type":"MultiPolygon","coordinates":[[[[72.91473423217853,19.13338152935916],[72.91473544764223,19.133381407408333],[72.91475371326182,19.133367479501413],[72.91475446251755,19.133360842397167],[72.91476096263665,19.13334699200632],[72.91477397794159,19.133344607977424],[72.91478302215478,19.13334028016111],[72.91478781798705,19.133329575010777],[72.91478223823732,19.133314321771824],[72.91477571510468,19.133303488234315],[72.91477454238175,19.133290816640976],[72.91478224197907,19.133278667626435],[72.91478762417117,19.133274298272546],[72.91480214592194,19.133258007207264],[72.91481056403755,19.13325050771465],[72.91481665575112,19.133242665377217],[72.91482210945323,19.133232600601914],[72.91482031063447,19.133216757334154],[72.91481282849985,19.133202748347617],[72.91479466542046,19.13319083341335],[72.91477614162255,19.133181129587033],[72.9147555448772,19.133177414934615],[72.91474550988744,19.133181098597564],[72.9147321736041,19.133182529612853],[72.91472053363601,19.133181746259933],[72.91473423217853,19.13338152935916]]]]}},{"type":"Feature","properties":{"fid":1250,"Tree_id":74,"Zone_name":"Academic","ZoneNumber":"Z02","Parcel No":"P59","canopyArea":56.643,"Count":74,"Type":"Tree","canopy_daimeter":8.492,"latitude":"19.133386° N","longitude":"72.914779° E","Geo-Coordinates":"19.133386° N, 72.914779° E","image_no":91,"botanical_name":"Butea monosperma","comman_name":"Flame of the Forest","tree_height":17.94,"canopy_height":10.764,"DbH":46.64},"geometry":{"type":"MultiPolygon","coordinates":[[[[72.91473727279643,19.133425874486765],[72.91475520532272,19.133434268911927],[72.91475655683189,19.133432701955492],[72.91476326670076,19.13342866411979],[72.91477533492866,19.133422155404116],[72.91478705037974,19.133417224972586],[72.91479414083408,19.133409393965028],[72.91479654272418,19.13340372497762],[72.91479896845192,19.133396157516792],[72.91480377223114,19.133384819541707],[72.91480852038833,19.133377911337575],[72.91481784983836,19.13337738424247],[72.91482924429305,19.133371500795064],[72.91483071498817,19.133360441471012],[72.91483045358962,19.133354742274822],[72.91482356575821,19.133346436260418],[72.91481429193098,19.133342533584806],[72.91479727375102,19.13334550512828],[72.91479054799451,19.133350808614562],[72.914779546046,19.133351949652358],[72.9147692178651,19.1333524654173],[72.91476148940203,19.133358073986255],[72.91475937671898,19.13336722728371],[72.91475396273853,19.13337412793411],[72.914749876428,19.133381360101158],[72.91473613172879,19.133388799171062],[72.91473471366861,19.133388551530896],[72.91473727279643,19.133425874486765]]]]}},{"type":"Feature","properties":{"fid":1251,"Tree_id":75,"Zone_name":"Academic","ZoneNumber":"Z02","Parcel No":"P59","canopyArea":86.296,"Count":75,"Type":"Tree","canopy_daimeter":10.482,"latitude":"19.133436° N","longitude":"72.914827° E","Geo-Coordinates":"19.133436° N, 72.914827° E","image_no":92,"botanical_name":"Alstonia scholaris","comman_name":"Scholar Tree / Devil Tree","tree_height":17.06,"canopy_height":10.236,"DbH":52.32},"geometry":{"type":"MultiPolygon","coordinates":[[[[72.91476583463532,19.13343628822215],[72.9147722394044,19.133430031724423],[72.91478196533649,19.133424445812036],[72.91479067664312,19.13342011421968],[72.9147967564457,19.133413221120406],[72.91479948727373,19.133407872321246],[72.91480526992122,19.133398127735525],[72.91480906304857,19.133387727668726],[72.91481379928685,19.13338176870114],[72.91482178517485,19.133382175738337],[72.91484039640073,19.133384918493103],[72.91485033207991,19.13338914513189],[72.91485965358495,19.13338925085916],[72.91486461149279,19.133392155208725],[72.9148708533704,19.13339887160882],[72.91487069048405,19.133411844510594],[72.91486787225548,19.13342415438024],[72.9148664015618,19.1334352137047],[72.91486197042454,19.133443391335277],[72.9148575233953,19.1334528346146],[72.91486250222357,19.133462912233686],[72.91486170132391,19.133473662697725],[72.91485660833591,19.13348151636381],[72.91484819418228,19.133488699445227],[72.91483647872732,19.13349362988031],[72.91482415704374,19.133493806579125],[72.91481550532819,19.133493391989397],[72.9148112475367,19.13349218335167],[72.91481329466534,19.1334882508553],[72.91481533782091,19.133484634771136],[72.91481541132069,19.133478781144962],[72.91481344762447,19.133476068984663],[72.9148093200065,19.133473332279898],[72.91480817070969,19.13347205341475],[72.91480637942867,19.133468868524098],[72.91480472877888,19.13346774220092],[72.91480091818033,19.13346627492096],[72.91479728794286,19.133463702086186],[72.91479530636865,19.13346241378074],[72.91479044340171,19.133465206737256],[72.91478679727238,19.133463899551202],[72.91478753858163,19.13345789527123],[72.9147845801261,19.133454855370143],[72.91477881179226,19.13345020131089],[72.91477386977668,19.133446031310136],[72.91476939137047,19.133444714683435],[72.91476583463532,19.13343628822215]]]]}},{"type":"Feature","properties":{"fid":1334,"Tree_id":76,"Zone_name":"Academic","ZoneNumber":"Z02","Parcel No":"P59","canopyArea":173.419,"Count":76,"Type":"Tree","canopy_daimeter":14.859,"latitude":"19.131452° N","longitude":"72.915801° E","Geo-Coordinates":"19.131452° N, 72.915801° E","image_no":93,"botanical_name":"Alstonia scholaris","comman_name":"Scholar Tree / Devil Tree","tree_height":19.26,"canopy_height":11.556,"DbH":71.81},"geometry":{"type":"MultiPolygon","coordinates":[[[[72.91578986481818,19.131394818948618],[72.91578997331675,19.131395925191118],[72.91579017231463,19.131399667894044],[72.91578915632962,19.13140222793397],[72.91578692829493,19.131403371566172],[72.9157839712705,19.131403805600513],[72.9157834148792,19.131408942407816],[72.91578510998876,19.131411065625453],[72.91578192170066,19.13141032814841],[72.91578023832417,19.131407269951993],[72.91577305062692,19.13141163025102],[72.91576739717398,19.131411332383713],[72.91576178169834,19.131414541615804],[72.91575904713717,19.13141684839516],[72.91575363081404,19.13141725454942],[72.91574649004872,19.131417874932385],[72.91573933755008,19.131419430293803],[72.91573214105134,19.131424491825126],[72.91572518461538,19.131430023633477],[72.91571875523888,19.131432756081416],[72.91571771871908,19.13143695233355],[72.91571567207953,19.131443241135685],[72.91570704400034,19.131444779767612],[72.91570133481238,19.13144892304697],[72.91569680540601,19.131457053925825],[72.91569701613528,19.131459861649944],[72.91569871124409,19.13146198486832],[72.91569967149661,19.131463865977867],[72.91569910336882,19.131469937763292],[72.91570030368453,19.131472289150242],[72.91570075447697,19.131475567151764],[72.91570936495759,19.131475430988363],[72.91571527020908,19.131475264156325],[72.91572172892086,19.13147019426191],[72.91572367876007,19.131471619034063],[72.9157221562469,19.131475342220824],[72.91571809816699,19.13148511488895],[72.91572902421356,19.131496460094045],[72.91574004999495,19.131499857979527],[72.91575234860484,19.131493295768603],[72.91575483430418,19.131491219946195],[72.9157614744129,19.131491295221323],[72.91576686727211,19.13149275902453],[72.91577425983724,19.131491673939625],[72.91577354551364,19.131489795618325],[72.91577310058626,19.131486050127492],[72.91578097034463,19.131486139341618],[72.91578367557406,19.131486170008895],[72.91578783585035,19.1314878536165],[72.91579146906771,19.13149233658443],[72.91579411563215,19.1314970421453],[72.91580073814178,19.131498519887156],[72.91580713818749,19.13149812488337],[72.91581451608661,19.13149820852031],[72.91582286010639,19.13149970577663],[72.91583195658227,19.131500042672734],[72.9158363657227,19.1315014953225],[72.9158434830262,19.131502744893897],[72.9158523365056,19.131502845256467],[72.91585824762474,19.131502210930524],[72.91586514246379,19.13150158775568],[72.91586910667506,19.13149929491387],[72.9158706438511,19.13149440300214],[72.91587266408752,19.13149021790009],[72.9158754367794,19.131484872437927],[72.91587942738835,19.131480475893554],[72.91588365806075,19.131476549626264],[72.91589060276172,19.131471952790427],[72.91589605232863,19.131468897525647],[72.91589759243662,19.131463771868845],[72.91589566312756,19.131460710885488],[72.9158907885257,19.131457148959285],[72.91588713477428,19.131454302206045],[72.91588495073624,19.13145193966892],[72.91588300089566,19.131450514898358],[72.91588012013179,19.131444871571983],[72.91587989180063,19.131443466315982],[72.9158782465527,19.131437369439148],[72.91587727456563,19.131436423309154],[72.91587508172857,19.13143476200603],[72.91587336901875,19.131434041257304],[72.91587092145245,19.13143307840044],[72.91586750776551,19.131430701924078],[72.91586458007211,19.131428798512708],[72.91586092632178,19.13142595175905],[72.91586021199737,19.13142407343799],[72.91586170517549,19.131422687696727],[72.91586568405053,19.1314192261313],[72.91587016065137,19.13141530265198],[72.91587264928127,19.131412993083053],[72.91587439425531,19.131411142640054],[72.91587838192916,19.131406979840193],[72.91587915491617,19.131404183267147],[72.9158791726461,19.13140277034368],[72.91578986481818,19.131394818948618]]]]}},{"type":"Feature","properties":{"fid":1335,"Tree_id":77,"Zone_name":"Academic","ZoneNumber":"Z02","Parcel No":"P59","canopyArea":228.557,"Count":77,"Type":"Tree","canopy_daimeter":17.059,"latitude":"19.131603° N","longitude":"72.915914° E","Geo-Coordinates":"19.131603° N, 72.915914° E","image_no":94,"botanical_name":"Spathodea campanulata","comman_name":"African Tulip Tree","tree_height":23.01,"canopy_height":13.806,"DbH":80.92},"geometry":{"type":"MultiPolygon","coordinates":[[[[72.91586577261944,19.131555909308645],[72.91587150449087,19.13154465576625],[72.91587667867937,19.131534878944166],[72.91589323608251,19.13153878967306],[72.91590099736524,19.131544411345693],[72.91592764443593,19.131540256196377],[72.91593230120556,19.131528524009504],[72.91594162443818,19.131515702145617],[72.91595585318288,19.13151866876966],[72.91596000759604,19.13152081986304],[72.91596463627128,19.131524379],[72.91597072292886,19.131529357331257],[72.91597120598993,19.13153006414077],[72.91597213984889,19.13153404895163],[72.91597426816206,19.131540852637478],[72.91597543915218,19.131545541470143],[72.91597562348903,19.131550452896803],[72.91597973293052,19.13155618807542],[72.91597715924232,19.13156527624238],[72.91597586213256,19.13157063843234],[72.91597483148392,19.131574367196993],[72.91597479335472,19.131577405878225],[72.91597298678637,19.13158416496103],[72.91598032656098,19.13158728727295],[72.9159837197217,19.131591299960604],[72.91598417345291,19.131594344217234],[72.91598164082629,19.131600159958236],[72.91597989585115,19.131602010402137],[72.91597692709124,19.13160337941812],[72.91597373293229,19.131603109433417],[72.91597028991016,19.131603070405657],[72.91596610616456,19.13160325675942],[72.91596216541606,19.131603679645526],[72.91595845006641,19.131605741532205],[72.91595445945605,19.13161013807817],[72.91595294574542,19.13161316003304],[72.915951683831,19.131615717286188],[72.91594670724604,19.131633350072867],[72.91594563553328,19.131640351263094],[72.91594511140912,19.1316429168794],[72.9159472895842,19.13164574690549],[72.91594701432332,19.131648081564823],[72.91594624426892,19.13165064439336],[72.91594521655202,19.131654139412994],[72.91594589568128,19.131658822670314],[72.91594636994336,19.13166023071402],[72.91594279605879,19.131664086501477],[72.91593655981033,19.13167102914888],[72.91593330405533,19.1316756678021],[72.91593572816082,19.131678500616125],[72.91593743500718,19.13167968885391],[72.91593961024947,19.13168275262486],[72.91593960145022,19.131683453858965],[72.9159376134765,19.13168506776986],[72.91593316033385,19.131687121292536],[72.9159343577212,19.13168970642308],[72.91593702775717,19.131692542024865],[72.91593797921432,19.131695124367603],[72.91593940200049,19.131699348498813],[72.91593987332948,19.131700990287236],[72.91594130491497,19.131704513184317],[72.91594324302653,19.131706872933343],[72.91594371142251,19.13170874846649],[72.91594319023108,19.131711080338015],[72.91593972374208,19.1317129112671],[72.9159374781053,19.131715457369012],[72.91593571259672,19.131718944025238],[72.91593295456745,19.131723120764477],[72.91592944408156,19.131728457863844],[72.9159266948513,19.13173193336884],[72.91592467754572,19.13173588472652],[72.91592119932353,19.13173865063399],[72.91591797289784,19.131740951839756],[72.91591300736084,19.131744635999087],[72.91590782815777,19.1317457461788],[72.9159043909991,19.131745239660138],[72.91590071084329,19.13174449660889],[72.9158945801835,19.1317430244453],[72.91589066583009,19.131741343627287],[72.91588406970838,19.131737762185455],[72.91587796544765,19.13173418631911],[72.91587333090274,19.131731094669075],[72.91587288303987,19.131727582922966],[72.91587147785438,19.131721956323258],[72.91587032446566,19.131715865022013],[72.91586990006832,19.131710483318386],[72.91586999099705,19.131703237232912],[72.9158700877921,19.131695523658028],[72.91587139370614,19.131689460235222],[72.91587663450416,19.131683441417827],[72.91587791695248,19.131679247952498],[72.91587633916608,19.131667774947612],[72.91587395025985,19.131662137196585],[72.91586857792629,19.131659037183077],[72.91586466650828,19.13165712262001],[72.91586715514222,19.131654813051536],[72.91587034050228,19.131655784272265],[72.91587573923431,19.131656780583448],[72.91587625456008,19.131654916201544],[72.91587628975809,19.131652111265204],[72.91587165814855,19.13164878587063],[72.91587119561986,19.131646442848005],[72.91587107028651,19.13164336335097],[72.91587111394729,19.13163335035726],[72.91587564921758,19.131624751984535],[72.91587746458988,19.131617291669052],[72.9158822047254,19.131611968509652],[72.9158891171679,19.131609942866156],[72.91589256018999,19.131609981895455],[72.9158967468688,19.13160956179868],[72.91589949609734,19.13160608629394],[72.91590125280582,19.131603300872097],[72.91590350137454,19.131600521025806],[72.91590649359982,19.13159728205343],[72.9159089704998,19.131595907463026],[72.91591146793152,19.1315928966597],[72.91591536205037,19.131583122128063],[72.91591196889156,19.1315791094393],[72.91590563043798,19.131574595807745],[72.91590301026724,19.131567786545798],[72.9159023340724,19.131562869543714],[72.91589943864068,19.131558394940946],[72.91589575555582,19.13155788563469],[72.91589495616998,19.13156278591002],[72.91589341899382,19.131567677821945],[72.91588944011542,19.131571139387628],[72.91588450684787,19.131572252354992],[72.91587486571068,19.131576117290006],[72.91587283080725,19.131581471115435],[72.91586960438427,19.131583772320624],[72.91586471218066,19.131581612861662],[72.91585911738507,19.131576640102725],[72.91585793759866,19.131572652503706],[72.9158597412382,19.131566127167154],[72.91586275106258,19.131561485727335],[72.91586575208727,19.131557545521517],[72.91586577261944,19.131555909308645]]]]}},{"type":"Feature","properties":{"fid":1336,"Tree_id":78,"Zone_name":"Academic","ZoneNumber":"Z02","Parcel No":"P59","canopyArea":21.766,"Count":78,"Type":"Tree","canopy_daimeter":5.264,"latitude":"19.131523° N","longitude":"72.915901° E","Geo-Coordinates":"19.131523° N, 72.915901° E","image_no":95,"botanical_name":"Lawsonia inermis","comman_name":"Henna / Mehendi","tree_height":14.77,"canopy_height":8.862,"DbH":32.02},"geometry":{"type":"MultiPolygon","coordinates":[[[[72.91587890596495,19.13153509609683],[72.91586918022345,19.13152610228558],[72.91586650432482,19.131523734172536],[72.91586509327425,19.13151857506224],[72.91586735944117,19.131514392748112],[72.91587254157014,19.131513048824182],[72.91588091492281,19.131512208630983],[72.91588218563672,19.131508950144227],[72.91588544725553,19.13150384400224],[72.91589187956588,19.131500877803788],[72.91589948872998,19.13150213294864],[72.9159033884126,19.13150498248951],[72.91591097411225,19.13150810759154],[72.91591637283996,19.131509103901106],[72.91592465526706,19.131515509791775],[72.91592612204794,19.131516227752392],[72.91593104358132,19.13151604976255],[72.91593522732467,19.13151586340936],[72.91593642471112,19.1315184485398],[72.91593364322122,19.131524495237112],[72.91593090866021,19.131526802019046],[72.9159291108901,19.131532859867203],[72.91592634113198,19.131537971585516],[72.9159221368565,19.13153979415136],[72.91591696939237,19.131539969353142],[72.91590733705699,19.131543133056024],[72.91590291324918,19.131542849131293],[72.91589656599776,19.13153903673366],[72.915892408652,19.131537119383612],[72.91588405289689,19.131536557108998],[72.91587890596495,19.13153509609683]]]]}},{"type":"Feature","properties":{"fid":1337,"Tree_id":79,"Zone_name":"Academic","ZoneNumber":"Z02","Parcel No":"P59","canopyArea":26.509,"Count":79,"Type":"Tree","canopy_daimeter":5.81,"latitude":"19.131488° N","longitude":"72.91598° E","Geo-Coordinates":"19.131488° N, 72.91598° E","image_no":96,"botanical_name":"Lawsonia inermis","comman_name":"Henna / Mehendi","tree_height":16.75,"canopy_height":10.05,"DbH":35.88},"geometry":{"type":"MultiPolygon","coordinates":[[[[72.91595962523566,19.131512087818415],[72.91594989949058,19.131503094011137],[72.91595081619579,19.131488843946965],[72.91595540718494,19.131475804421868],[72.91596585356375,19.1314665717165],[72.91598359864896,19.13146373374776],[72.91599294985294,19.13146337218926],[72.916007152198,19.131468442511483],[72.91600825279794,19.131478741217286],[72.91600742408644,19.131485978940685],[72.91600636117668,19.13149227889755],[72.91600307903089,19.13149902125509],[72.91600179365453,19.131503448466525],[72.91600073367734,19.131509514678598],[72.91599719680195,19.13151695548245],[72.91599424270863,19.131517155775335],[72.91599254759527,19.131515032559292],[72.91598921016238,19.1315065787223],[72.91598014301493,19.13150390438676],[72.91596877450748,19.13150821730303],[72.9159665318072,19.13151052966095],[72.91595962523566,19.131512087818415]]]]}},{"type":"Feature","properties":{"fid":1338,"Tree_id":80,"Zone_name":"Academic","ZoneNumber":"Z02","Parcel No":"P59","canopyArea":7.476,"Count":80,"Type":"Tree","canopy_daimeter":3.085,"latitude":"19.131522° N","longitude":"72.915982° E","Geo-Coordinates":"19.131522° N, 72.915982° E","image_no":97,"botanical_name":"Lawsonia inermis","comman_name":"Henna / Mehendi","tree_height":14.35,"canopy_height":8.61,"DbH":24.69},"geometry":{"type":"MultiPolygon","coordinates":[[[[72.91597457666296,19.13153586887129],[72.9159717310908,19.1315274206094],[72.91596467831124,19.13152102865913],[72.91596724613314,19.131512407981713],[72.9159724458596,19.131509661586588],[72.91597763385387,19.131507850170166],[72.91598305018013,19.131507444009543],[72.91598670393445,19.131510290761128],[72.9159898599629,19.131513599426746],[72.91599128861533,19.13151735606816],[72.91599661401965,19.13152419599336],[72.91599927818847,19.131527499083568],[72.9159994918558,19.13153007306309],[72.91599600190749,19.13153377395143],[72.91599059144633,19.131533712622918],[72.91598541811628,19.131534355316077],[72.91598124023841,19.13153407418093],[72.91597457666296,19.13153586887129]]]]}},{"type":"Feature","properties":{"fid":1340,"Tree_id":81,"Zone_name":"Academic","ZoneNumber":"Z02","Parcel No":"P59","canopyArea":32.942,"Count":81,"Type":"Tree","canopy_daimeter":6.476,"latitude":"19.131519° N","longitude":"72.916035° E","Geo-Coordinates":"19.131519° N, 72.916035° E","image_no":99,"botanical_name":"Butea monosperma","comman_name":"Flame of the Forest","tree_height":16.35,"canopy_height":9.81,"DbH":37.7},"geometry":{"type":"MultiPolygon","coordinates":[[[[72.91599842882295,19.131520047524074],[72.91600072871584,19.131513177143763],[72.9160026670459,19.13150571822014],[72.91600358792668,19.131500936210173],[72.91600611175183,19.131495821702753],[72.91600987109267,19.131490253644014],[72.91601147550351,19.131489804274167],[72.91601672487005,19.131492902889466],[72.91602064948471,19.131493765597902],[72.91602327427721,19.131490405569405],[72.91602660019798,19.131489975712707],[72.91602966259119,19.131490945536676],[72.91603368524109,19.131493796468774],[72.91603981296072,19.131495502371717],[72.91604379183434,19.131492040802268],[72.91604700505528,19.131490791444882],[72.91605083407877,19.131489471141435],[72.91605166550482,19.131491818345204],[72.91604880211507,19.13149459122477],[72.91604826626158,19.131498091820475],[72.91605167701987,19.131500702038565],[72.91605476580946,19.13149956815961],[72.9160573378095,19.131500415535637],[72.91605965214801,19.13150219510298],[72.91606060360635,19.13150477744523],[72.91606079967735,19.131508753893137],[72.91606125927571,19.13151133066025],[72.91606270259417,19.13151391857765],[72.91606257083053,19.13151461841803],[72.91606083465587,19.13151576762871],[72.91605950110443,19.13151423295637],[72.91605814408989,19.13151456824183],[72.91605516360057,19.131516872238237],[72.91605348880005,19.131522931481843],[72.91605494531652,19.131524467548015],[72.91605641796392,19.131524718018184],[72.91605926668969,19.131523113862176],[72.91606043056618,19.131518568384067],[72.91606165581706,19.13151893293899],[72.91606310940068,19.131520702749814],[72.91606381786201,19.131523048559778],[72.91606427599397,19.13152574219926],[72.91606325659035,19.131528574943186],[72.91606272660275,19.131531608049492],[72.91606404548995,19.13153431144544],[72.91606846783179,19.131534712238633],[72.91607266330726,19.13153359090346],[72.91607351526388,19.131534301894067],[72.91607397926175,19.131536528044084],[72.91607393380228,19.131540151087364],[72.91607412261321,19.13154143900632],[72.91607257371095,19.131547265899197],[72.91607033101141,19.13154957825844],[72.91606712805452,19.13155000950962],[72.91606440815912,19.131551147570033],[72.91606221531853,19.131549486268835],[72.91605879869337,19.131547343540316],[72.91605094652817,19.131545851869443],[72.9160477318397,19.131547218099186],[72.91604501194426,19.13154835615932],[72.91604138165134,19.131543639450953],[72.91604020186058,19.13153965185268],[72.91603578685105,19.131538666696976],[72.9160296737946,19.131535792070167],[72.91602500992225,19.13153503787134],[72.91601887046963,19.131534266946655],[72.91601519325059,19.131533290153364],[72.91600858540167,19.131530643695363],[72.91600391859667,19.131530123240744],[72.9160012192321,19.131529625087193],[72.91599842882295,19.131520047524074]]]]}},{"type":"Feature","properties":{"fid":1341,"Tree_id":82,"Zone_name":"Academic","ZoneNumber":"Z02","Parcel No":"P59","canopyArea":22.733,"Count":82,"Type":"Tree","canopy_daimeter":5.38,"latitude":"19.131597° N","longitude":"72.915881° E","Geo-Coordinates":"19.131597° N, 72.915881° E","image_no":100,"botanical_name":"Lawsonia inermis","comman_name":"Henna / Mehendi","tree_height":23.1,"canopy_height":13.86,"DbH":40.87},"geometry":{"type":"MultiPolygon","coordinates":[[[[72.91586279151844,19.13158439642456],[72.9158674612573,19.131584683138172],[72.91586990882574,19.131585645995262],[72.91587264045539,19.13158357295911],[72.91587616853839,19.131576833392465],[72.91587913729848,19.13157546437812],[72.9158897592228,19.13157184433877],[72.91589371756932,19.131570018985983],[72.91589624139894,19.131564904480523],[72.91589676845659,19.13156210511971],[72.9158980274382,19.131559781611656],[72.91590046620715,19.131561445702445],[72.91590116000063,19.131564960236332],[72.91590138246578,19.131566832981726],[72.91590303358161,19.131572462369054],[72.91590472282803,19.131575053075252],[72.9159086107799,19.131578837594976],[72.91591128374691,19.13158143945225],[72.91591172867743,19.131585184943035],[72.91591069802728,19.131588913707166],[72.91590620382347,19.131594239655254],[72.91590022230604,19.131600483855234],[72.91589476491295,19.13160416243889],[72.91588733127902,19.131608519953993],[72.91588016410694,19.131611244043683],[72.91587742661056,19.13161378456929],[72.91587541223876,19.131617502181825],[72.91587361446535,19.1316235600291],[72.91587013413745,19.1316330275463],[72.9158693552825,19.131636291608505],[72.915864196615,19.13163576557443],[72.91585913767588,19.13162729222064],[72.9158560285794,19.13162024363775],[72.91585587944449,19.13161252727503],[72.91585642410217,19.13160832544625],[72.91586124930019,19.131596223691307],[72.91585635123002,19.131594531721493],[72.91585639816098,19.1315907918064],[72.91585837733463,19.13158987913042],[72.91586084543529,19.13158920577478],[72.915862321016,19.13158922250185],[72.91586279151844,19.13158439642456]]]]}},{"type":"Feature","properties":{"fid":1344,"Tree_id":83,"Zone_name":"Academic","ZoneNumber":"Z02","Parcel No":"P59","canopyArea":488.871,"Count":83,"Type":"Tree","canopy_daimeter":24.949,"latitude":"19.131725° N","longitude":"72.916005° E","Geo-Coordinates":"19.131725° N, 72.916005° E","image_no":103,"botanical_name":"Conocarpus erectus","comman_name":"Buttonwood / Silver Buttonwood","tree_height":25.56,"canopy_height":15.336,"DbH":128.01},"geometry":{"type":"MultiPolygon","coordinates":[[[[72.916095031332,19.131659085221067],[72.91609077841161,19.13165808818739],[72.91608598863746,19.131657566340742],[72.91608228648577,19.13165857637869],[72.91607966609067,19.131661585790756],[72.9160762873745,19.13166622305312],[72.91607280622324,19.131669222708584],[72.91606744701095,19.131668343739985],[72.91606572696554,19.131668207354558],[72.91606325006549,19.131669581947072],[72.91606272007715,19.131672615053287],[72.9160625472526,19.13167658731978],[72.91606117117279,19.131678441945834],[72.91605794035068,19.131681093771466],[72.91605550011185,19.131679546554803],[72.91605454571994,19.13167719795721],[72.91605409931964,19.131673569338833],[72.91605388711797,19.131670878486943],[72.91605255943134,19.131668876325037],[72.91605157277736,19.131669098919364],[72.9160479847916,19.131670811584524],[72.91604430170354,19.131670302280966],[72.91604299308112,19.131666780778303],[72.91604297094874,19.131663644006437],[72.9160426738012,19.1316628224154],[72.91604233350193,19.131660539222963],[72.91603917966957,19.13165705524937],[72.91603427939565,19.131655538592508],[72.91603063785809,19.131651717905218],[72.91603064958987,19.13165078292636],[72.91603004649609,19.131649840978415],[72.91602821668414,19.13164865134762],[72.91602613507608,19.131647926418616],[72.91602451013297,19.13165001200147],[72.91602438716787,19.13165001060765],[72.91602355280868,19.131647897148465],[72.91602468589132,19.131645805990377],[72.91602224858629,19.131644025028642],[72.91602054467252,19.131642603046878],[72.91601907495715,19.131642118831614],[72.91601859922802,19.13164082766039],[72.91601888621973,19.131637558021986],[72.91602065759153,19.131633603875276],[72.91602216396882,19.131631166281554],[72.91602529382246,19.13162675997732],[72.91602621470363,19.13162197796729],[72.9160248241781,19.131615182644694],[72.91602815506252,19.131611090323],[72.91603077692407,19.13160796403932],[72.91603326115572,19.131606005085374],[72.91603610548377,19.131604751546966],[72.91603858384946,19.131603260082386],[72.91603957636889,19.13160256999866],[72.91604098324393,19.131598261053163],[72.91604502642689,19.131599475772184],[72.91604825138164,19.13159729143608],[72.91605025981124,19.131597314201436],[72.91605171437298,19.131599006097485],[72.91605417954038,19.131598566483927],[72.91605888740818,19.13159581451133],[72.9160603835194,19.131594195023737],[72.91606307115372,19.131595628155416],[72.91606602524847,19.131595427861566],[72.9160682738145,19.131592648012983],[72.91606781421596,19.131590071245856],[72.91606880966809,19.131589147417237],[72.91607349700527,19.131588031657294],[72.91607599150123,19.13158525459614],[72.9160772768765,19.131580827384095],[72.91607833391878,19.13157499491615],[72.91607564628464,19.1315735617847],[72.91607168207388,19.13157585463105],[72.91607022995616,19.13157396794787],[72.91606732572083,19.131570194581496],[72.91606860229754,19.131566468603694],[72.91607648965838,19.13156515533717],[72.91607216075082,19.131554040779537],[72.91607118876193,19.131553094650396],[72.91606776040504,19.131551886900926],[72.91606406998723,19.131551961959826],[72.91606174831584,19.131550766754295],[72.91605822045717,19.13154768765306],[72.91605318768919,19.131546929273565],[72.91604663388068,19.1315497772116],[72.91604370764942,19.13154775693034],[72.91604080048222,19.131544217308363],[72.91603949332706,19.131540578933382],[72.91603876286915,19.13153998620877],[72.91602651329273,19.13153610691288],[72.91601412315424,19.131533628690715],[72.91600763827037,19.131530983626483],[72.91600309149742,19.131530698310385],[72.91599845289792,19.131534464104647],[72.91599540494894,19.131542144228405],[72.91599462023103,19.13154587578089],[72.91598917604009,19.13154850251654],[72.91598524115891,19.131548457913816],[72.91598057875305,19.131547586841517],[72.9159782482834,19.13154709286912],[72.91597650477536,19.131548826440703],[72.91598060639551,19.131555184938527],[72.9159800866718,19.131557399937936],[72.9159758200927,19.131573988773198],[72.91597422279186,19.131583672452596],[72.91598070474404,19.13158655126284],[72.91598410083776,19.131590330205782],[72.91598492199768,19.13159349551629],[72.91598440618453,19.1315953988561],[72.91598112110238,19.131602374957605],[72.9159772871874,19.13160408483378],[72.91597077737092,19.13160342659809],[72.91596041897418,19.131605646961543],[72.91595216249259,19.131616774712803],[72.91594801056335,19.131634027217423],[72.91594599025207,19.13164148521076],[72.91594622151695,19.131642656722036],[72.91594852705674,19.13164513752493],[72.91594762377157,19.13164851706609],[72.91594661072003,19.13165084336219],[72.91594631492765,19.13165481423446],[72.91594677012473,19.131657741618746],[72.91594685056037,19.131661132310867],[72.91594634403457,19.1316622954589],[72.9159455862012,19.13166388435116],[72.91594084899897,19.131668973767514],[72.915937499121,19.13167131253738],[72.9159362401389,19.13167363604565],[72.91593498702295,19.131675492064506],[72.91593582871378,19.131677021162226],[72.91593765265912,19.13167867828331],[72.9159404412605,19.131681865895974],[72.91594028309838,19.13168466943853],[72.91593792622925,19.1316862791678],[72.91593459150516,19.131687410256603],[72.91593615192177,19.131690467058178],[72.91593869165992,19.1316938856278],[72.91593999588058,19.131697757748068],[72.915941307434,19.131701045506563],[72.91594286051814,19.13170468666985],[72.9159453885243,19.131709040218237],[72.91594251877382,19.13171231954241],[72.91593904935169,19.13171438421617],[72.91593577306413,19.13172065908229],[72.91592375429163,19.131737588632433],[72.91591878288858,19.13174174028135],[72.91591579066065,19.13174497925366],[72.91591134338238,19.131746565286218],[72.91590790035741,19.13174652625701],[72.91590593584773,19.131746270209902],[72.91590421726839,19.131746016950537],[72.91590176383117,19.131745521583067],[72.91589955339116,19.131745262748037],[72.91589758594834,19.13174524044553],[72.91589634456399,19.13174616148521],[72.91589339926608,19.131745660541984],[72.91589068229958,19.131746564854705],[72.91588966924657,19.131748891150323],[72.91589158975881,19.13175265336808],[72.91589178875857,19.131756396071015],[72.91589496825439,19.131757834780895],[72.9158924561538,19.131762014307167],[72.91589024278043,19.131761989216713],[72.91588945219233,19.131766188257725],[72.91589043004751,19.131766666898443],[72.91589184110019,19.131771826008688],[72.91589131404142,19.13177462536936],[72.91588930553391,19.13177787549243],[72.91588487292043,19.131778292800796],[72.91588238721786,19.131780368624618],[72.91587889432813,19.131784303254577],[72.9158840500671,19.13178506303338],[72.91588993479786,19.131786532409606],[72.91589258136906,19.131791237969626],[72.91589714552006,19.13179993949203],[72.91590263935718,19.131803157771387],[72.91590582178712,19.131804362736485],[72.91591790464315,19.131801928147294],[72.91592707153112,19.13179665516749],[72.91593095068883,19.131801140921297],[72.91595298177053,19.131809572884748],[72.9159612202169,19.131819484945655],[72.91596505244696,19.131827710614136],[72.91596054357213,19.131834205286477],[72.91595440952636,19.131852604211982],[72.91595788369033,19.13185669574461],[72.91596544300896,19.131861924548225],[72.91597669715235,19.131866727678105],[72.91598235355482,19.131866791795773],[72.91598899367952,19.131866867064094],[72.91599194484607,19.13186690051661],[72.9159936516947,19.131868088754103],[72.91599432202648,19.131873473245488],[72.91599812786194,19.131883802615842],[72.91600447219538,19.131887848756016],[72.91601379995933,19.1318893571564],[72.91601724298746,19.131889396183904],[72.91602556649836,19.131892529645985],[72.91603147469846,19.13189212906044],[72.91603542718578,19.13189077119465],[72.9160381265563,19.131891269348237],[72.91604374776419,19.131894138400654],[72.9160520448793,19.131899375564014],[72.91605619343703,19.131901994145586],[72.9160604241175,19.131898067875014],[72.91606294501533,19.131893187112144],[72.91606719329305,19.13188785837307],[72.91606895880116,19.13188437171556],[72.91606777607521,19.131880617862056],[72.9160615109297,19.131870260616555],[72.91605897468108,19.13186329645537],[72.91605657990043,19.131858126195414],[72.91605661216283,19.131855555003533],[72.91605764574506,19.131851592493813],[72.91606138749596,19.13184742690313],[72.91606290707315,19.13184393745801],[72.91606443838202,19.131839513034016],[72.91606451463826,19.131833435671325],[72.91606631240795,19.13182737782187],[72.91606687759212,19.131821539779093],[72.91606597305922,19.131815217521257],[72.91606580744046,19.13180227993],[72.91606928566195,19.131799514019715],[72.91607251208706,19.131797212811207],[72.91608041588543,19.131796351454774],[72.916095031332,19.131659085221067]]]]}},{"type":"Feature","properties":{"fid":1355,"Tree_id":84,"Zone_name":"Academic","ZoneNumber":"Z02","Parcel No":"P59","canopyArea":49.889,"Count":84,"Type":"Tree","canopy_daimeter":7.97,"latitude":"19.131633° N","longitude":"72.916061° E","Geo-Coordinates":"19.131633° N, 72.916061° E","image_no":106,"botanical_name":"Alstonia scholaris","comman_name":"Scholar Tree / Devil Tree","tree_height":24.41,"canopy_height":14.646,"DbH":53.1},"geometry":{"type":"MultiPolygon","coordinates":[[[[72.91609939341649,19.13161811711057],[72.91609421559464,19.131612852146418],[72.91609360663489,19.13161237768813],[72.91609068333484,19.13161012366275],[72.91608800449862,19.131607989297244],[72.91608507533297,19.131606202761258],[72.91608177433929,19.131604645788613],[72.91607883490873,19.131603677359074],[72.916075775446,19.131602473790977],[72.9160719737935,19.13160161247725],[72.91606964478916,19.131601001633573],[72.91606980148244,19.131598314963004],[72.91607080866615,19.131596456155464],[72.91607081306547,19.13159610553838],[72.91607071063058,19.13159446793151],[72.91606985134149,19.131594341302673],[72.91606886615442,19.13159444702478],[72.916067127046,19.13159582998016],[72.91606515227252,19.13159639204141],[72.9160639240882,19.131596261231188],[72.9160629447669,19.131595899463804],[72.91606160094977,19.131595182897964],[72.91606061722914,19.13159517174765],[72.91605887518774,19.131596788447666],[72.91605577759759,19.131598623560674],[72.91605207398065,19.131599750470496],[72.9160506115978,19.1315986818937],[72.9160487685881,19.131598544114397],[72.91604790783254,19.131598534357803],[72.9160471656427,19.131598876612106],[72.91604542653408,19.131600259567254],[72.9160446916765,19.13160001745973],[72.91604187521139,19.131599050423425],[72.91604099979122,19.131600209390427],[72.91604048593396,19.131601956900624],[72.91603972321357,19.131603935367924],[72.91603650705738,19.131605418469693],[72.9160308008036,19.131609328014783],[72.9160267969966,19.131614776413716],[72.91602711072758,19.131615909896688],[72.9160256629366,19.131616945486755],[72.91602637433057,19.13161905755212],[72.91602685152623,19.131620231850963],[72.91602720429026,19.13162152162835],[72.91602694222887,19.131622804436674],[72.91602667576802,19.13162443786207],[72.91602640050831,19.131626772521628],[72.91602639464242,19.13162724001107],[72.91602588225135,19.131628870648836],[72.9160245017722,19.13163107589169],[72.91602262943259,19.131633275559263],[72.9160203911306,19.131635237300646],[72.91601974404249,19.131637801523432],[72.91602043637222,19.131641432929477],[72.91602259018038,19.131642937936782],[72.91602514898405,19.131644837164682],[72.91602562178029,19.131646362080605],[72.91602647667015,19.131646839326752],[72.91602843384662,19.131647679734296],[72.91602989476324,19.131648865183653],[72.91603086381942,19.13165004505775],[72.91603134101513,19.13165121935659],[72.9160323056719,19.13165274984776],[72.91603486300934,19.13165476594789],[72.91603987818279,19.131656926796513],[72.91604242378867,19.13165987787546],[72.91604362411057,19.131662229260694],[72.91604371334698,19.131664918718773],[72.91604368939467,19.131666827633982],[72.91604562604097,19.13166930425442],[72.91604672832774,19.131669667415753],[72.91604907199755,19.131669109536194],[72.91605178896212,19.13166820522091],[72.91605252381999,19.131668447328437],[72.91605301421403,19.13166856977599],[72.91605375053837,19.131668695011157],[72.91605471519544,19.131670225502223],[72.91605505036227,19.13167291774791],[72.91605502836538,19.131674670833327],[72.9160552508323,19.13167654357868],[72.91605572509536,19.131677951622198],[72.9160568244493,19.131678548528193],[72.91605903782178,19.131678573616522],[72.9160602762719,19.131677886320308],[72.91606177824974,19.131675799343327],[72.91606191001362,19.131675099502967],[72.91606219407169,19.131672063609162],[72.91606234783238,19.13166961068337],[72.91606487794124,19.131667262619132],[72.91606819066752,19.13166788461325],[72.91607262914384,19.131666999810715],[72.91607411059117,19.13166654904669],[72.91607610002994,19.131664818261783],[72.91607797970148,19.131662034231837],[72.9160798564401,19.131659483946574],[72.91608136135041,19.131657163224688],[72.91608334638967,19.131655783056786],[72.91608923405127,19.131657018681643],[72.91609413505908,19.131658476900927],[72.91609508342341,19.13165859598564],[72.91609939341649,19.13161811711057]]]]}},{"type":"Feature","properties":{"fid":1410,"Tree_id":85,"Zone_name":"Academic","ZoneNumber":"Z02","Parcel No":"P59","canopyArea":48.846,"Count":85,"Type":"Tree","canopy_daimeter":7.886,"latitude":"19.131431° N","longitude":"72.915919° E","Geo-Coordinates":"19.131431° N, 72.915919° E","image_no":110,"botanical_name":"Peltophorum pterocarpum","comman_name":"Copperpod / Yellow Flame","tree_height":18.36,"canopy_height":11.016,"DbH":45.03},"geometry":{"type":"MultiPolygon","coordinates":[[[[72.9158798128327,19.13140282734179],[72.9158795579367,19.13140555154046],[72.91587854195298,19.131408111580996],[72.91587480020895,19.131412277168653],[72.91586632811227,19.131420986766948],[72.91586528572994,19.13142565050967],[72.91586771569726,19.1314280158348],[72.91587798022327,19.131433275306026],[72.91588089031818,19.13143658118541],[72.91588183297401,19.131439864762406],[72.91588467854042,19.131448313025196],[72.91589441014493,19.131456839345926],[72.91589521280153,19.131458212149276],[72.91589632388586,19.131457874077242],[72.91589805272808,19.131457309229916],[72.91589892814834,19.131456150263627],[72.91589908924362,19.13145311297634],[72.91589937770351,19.131449726465927],[72.91590059122103,19.131451026000658],[72.9159009249187,19.131453835118766],[72.9159019788076,19.1314580550684],[72.91590291706429,19.131461689262387],[72.91590485370624,19.131464165883934],[72.91590632635274,19.131464416355236],[72.91590707587494,19.131463489739712],[72.91590747116764,19.131461390219002],[72.9159090990431,19.131459070892426],[72.9159098544314,19.131457676787473],[72.91591047365586,19.131457333139814],[72.91591283345483,19.13145548966588],[72.91591285691948,19.131453619708232],[72.91591312778058,19.131451635665982],[72.91591314391253,19.131450350070107],[72.91591316884373,19.1314483632401],[72.91591515974767,19.131446515584475],[72.91591663532714,19.13144653231099],[72.91591896579513,19.131447026283993],[72.91592350083319,19.131448246580778],[72.91592496468043,19.13144919828604],[72.91592678422377,19.131451206024085],[72.91592749414943,19.131453434962026],[72.91592782344799,19.131456594697177],[72.91592877637056,19.131459060167558],[72.91593011431989,19.131460244223625],[72.9159319587944,19.131460265131626],[72.91593368617004,19.131459817156312],[72.91593492168583,19.13145936360554],[72.91593727268543,19.131458221365378],[72.91593888002915,19.131457538251457],[72.91594072450361,19.13145755915934],[72.91594427875548,19.131458534560068],[72.91594722698163,19.13145880175731],[72.9159482136344,19.131458579163457],[72.91594920028716,19.131458356569574],[72.91595006544146,19.13145801570948],[72.91595166985209,19.131457566340156],[72.91595388468801,19.13145747455711],[72.91595683584721,19.131457508009508],[72.91596027886631,19.13145754703722],[72.91596176031193,19.131457096273955],[72.91596327108768,19.131454308063518],[72.91596353461566,19.13145290838294],[72.91596454913197,19.13145046521419],[72.9159671445947,19.13144944263367],[72.91596953755999,19.13144822294278],[72.91597003821883,19.131447527283985],[72.91596993578486,19.131445889677142],[72.91596971185245,19.13144413380413],[72.91596656022513,19.131440474521202],[72.9159643717865,19.13143846260199],[72.91596242781134,19.1314365703428],[72.91596098596156,19.131433865552484],[72.91596187311329,19.13143177160697],[72.9159624089682,19.131428271011636],[72.91596097005147,19.131425332476592],[72.91595796192071,19.131420038374447],[72.9159556651826,19.13141685633774],[72.91595399206827,19.131412980036114],[72.9159531386463,19.1314123859174],[72.91595155330076,19.13141131594616],[72.91595049253914,19.131409120208357],[72.9158798128327,19.13140282734179]]]]}},{"type":"Feature","properties":{"fid":1411,"Tree_id":86,"Zone_name":"Academic","ZoneNumber":"Z02","Parcel No":"P59","canopyArea":22.633,"Count":86,"Type":"Tree","canopy_daimeter":5.368,"latitude":"19.13143° N","longitude":"72.915988° E","Geo-Coordinates":"19.13143° N, 72.915988° E","image_no":111,"botanical_name":"Alstonia scholaris","comman_name":"Scholar Tree / Devil Tree","tree_height":15.55,"canopy_height":9.33,"DbH":33.15},"geometry":{"type":"MultiPolygon","coordinates":[[[[72.91595120766115,19.131409183878226],[72.91595211104249,19.13141097160141],[72.91595430754641,19.131412340722765],[72.9159570067981,19.131417748212716],[72.9159618871558,19.13142575198365],[72.9159630274592,19.131427985799945],[72.91596285931395,19.13142995152514],[72.915961704968,19.131433737332138],[72.91596290382093,19.13143620559006],[72.91596721921564,19.131440228731574],[72.91597013077906,19.131443417737373],[72.91597080966442,19.13144812047341],[72.91597313280019,19.131449198807537],[72.91597620399125,19.131449467398166],[72.91598027063397,19.13144881216052],[72.91598508679836,19.131447230306907],[72.91598855914702,19.131444931886914],[72.91598904514092,19.131445404951666],[72.91598889137973,19.131447857877355],[72.91598653304813,19.131449584480023],[72.9159864042172,19.13145005057562],[72.9159852657586,19.1314525702656],[72.91598635631189,19.13145386840599],[72.91598868971327,19.131454128633443],[72.91599264805598,19.131452303278124],[72.91599684939558,19.131450714455074],[72.9160000787472,19.131448179502485],[72.91600354816278,19.131446114826915],[72.91600528873641,19.13144461499965],[72.91600774803564,19.131444642875955],[72.91600921628282,19.131445243963498],[72.91601250994032,19.131447385298912],[72.91601424024864,19.13144670357808],[72.91601611258596,19.13144450391037],[72.91601614044886,19.13144228333551],[72.91601444240293,19.13144039386442],[72.9160188735408,19.131440093424406],[72.9160247817247,19.13143969283755],[72.9160277519477,19.131438206948076],[72.91602597053112,19.131433160529514],[72.91602487704468,19.131432096134066],[72.91602354202773,19.131430678333906],[72.91601975504409,19.13142864829585],[72.91601680388528,19.131428614844545],[72.91601262014406,19.131428801199792],[72.91601140809219,19.131427384793376],[72.91601143302216,19.13142539796323],[72.91601207424334,19.131423301229795],[72.91601001316869,19.131420940087818],[72.91600708547358,19.13141903667857],[72.91600537716265,19.13141796531398],[72.91600319752261,19.131415252161034],[72.91600181130553,19.13141368930118],[72.91595120766115,19.131409183878226]]]]}},{"type":"Feature","properties":{"fid":1414,"Tree_id":87,"Zone_name":"Academic","ZoneNumber":"Z02","Parcel No":"P59","canopyArea":40.814,"Count":87,"Type":"Tree","canopy_daimeter":7.209,"latitude":"19.131388° N","longitude":"72.915504° E","Geo-Coordinates":"19.131388° N, 72.915504° E","image_no":113,"botanical_name":"Spathodea campanulata","comman_name":"African Tulip Tree","tree_height":19.7,"canopy_height":11.82,"DbH":44.22},"geometry":{"type":"MultiPolygon","coordinates":[[[[72.9154592101138,19.13136537957528],[72.91545992539137,19.13136931213157],[72.91546087920068,19.131374972578477],[72.91546091562124,19.13138186943954],[72.91545971945929,19.13138898610347],[72.91545969305591,19.131391089805224],[72.91545905329498,19.131393069663797],[72.91545767867845,19.13139480741263],[72.9154566568211,19.131397834939502],[72.91545723644096,19.131400646846068],[72.915460281226,19.13140301914691],[72.91546553497858,19.131405767159777],[72.91547178418527,19.131407591347322],[72.9154764480501,19.131408345559635],[72.9154809962843,19.131408514016044],[72.91548616521032,19.13140822195385],[72.91548925693468,19.131406854339968],[72.91549353430294,19.13140900683724],[72.91549879392369,19.13141128735995],[72.91550543549494,19.13141124577169],[72.91551048292303,19.131410835442363],[72.91551934226291,19.13141046833119],[72.91552537781057,19.131409718537572],[72.91552834803662,19.131408232656543],[72.91553172969466,19.13140336166041],[72.91553948968415,19.131402397639437],[72.9155440604093,19.131400774051944],[72.91554456106965,19.131400078394485],[72.91554655050982,19.131398347615505],[72.91554902154199,19.131397440519248],[72.9155518746699,19.13139548575436],[72.91555499719612,19.131391663820434],[72.91555580685801,19.131385945441085],[72.91555560346507,19.13138255335536],[72.9155548979451,19.13137997379951],[72.91555429338823,19.131379148722676],[72.915552592415,19.131377492992495],[72.91555101734023,19.131375604911806],[72.91555043088307,19.131373501287825],[72.9154592101138,19.13136537957528]]]]}},{"type":"Feature","properties":{"fid":1415,"Tree_id":88,"Zone_name":"Academic","ZoneNumber":"Z02","Parcel No":"P59","canopyArea":73.577,"Count":88,"Type":"Tree","canopy_daimeter":9.679,"latitude":"19.131448° N","longitude":"72.915525° E","Geo-Coordinates":"19.131448° N, 72.915525° E","image_no":114,"botanical_name":"Butea monosperma","comman_name":"Flame of the Forest","tree_height":18.78,"canopy_height":11.268,"DbH":52.07},"geometry":{"type":"MultiPolygon","coordinates":[[[[72.91552212895337,19.13148893241393],[72.91553398052712,19.13148532633674],[72.91554508640563,19.13148560810288],[72.91555931807109,19.131488341012087],[72.91556666101089,19.131481410925232],[72.91557271000691,19.131469790609753],[72.91557860670154,19.131460506346446],[72.91557848544768,19.13145056941037],[72.91557261010344,19.131445086944197],[72.91557489387749,19.13143950216635],[72.91557493494726,19.13143622974117],[72.91557252258575,19.131432461944634],[72.91557033855284,19.131430099404202],[72.91556814865284,19.131428204353046],[72.91556327112626,19.13142487616358],[72.91556082356232,19.13142391330276],[72.91555739814629,19.131422471799695],[72.91555447632427,19.13142010089443],[72.91555427146457,19.131416825681075],[72.91555160730685,19.131413522585373],[72.9155474176994,19.131414176419323],[72.91554569325717,19.1314143906463],[72.9155419984429,19.131414816311967],[72.91553781763622,19.13141476891173],[72.91553044560933,19.13141421777474],[72.91552625306821,19.131415105352847],[72.91552055267833,19.131418547392343],[72.91551856177081,19.131420395043335],[72.91551484348732,19.131422690665573],[72.91551065681321,19.13142311075402],[72.91550480436979,19.131419070176005],[72.91549966331314,19.13141714166455],[72.91549452519028,19.13141497940833],[72.91548987305981,19.1314132902179],[72.91548767729371,19.13141186265518],[72.91548523266418,19.13141066604877],[72.9154726468536,19.131409081721596],[72.91546771945677,19.131409727188696],[72.91546679342764,19.131414918247724],[72.91546602116723,19.13141765638221],[72.91546477098231,19.13141927865293],[72.91546291700962,19.131428180155858],[72.91546211027791,19.131433664789817],[72.9154629108912,19.131438466314155],[72.91546445076087,19.131443159331234],[72.91546625122899,19.131446686413454],[72.91547281856464,19.131449293467718],[72.9154779055987,19.131445727586737],[72.91548173511339,19.13144436833806],[72.91548427043776,19.131448137529773],[72.91548609290898,19.131449911527046],[72.915488660504,19.131451109527646],[72.91549109339942,19.131453241112634],[72.91549169502254,19.13145429993434],[72.91549193068454,19.131455120828914],[72.91549341449263,19.131457748172036],[72.91549595715165,19.131460933002028],[72.91549937229996,19.1314631926125],[72.91550180079521,19.131465674814354],[72.91550202472261,19.13146743068749],[72.91550160008819,19.131471867653254],[72.91550107889178,19.131474199523073],[72.91550128961768,19.131477007247092],[72.91550494612991,19.131486166042247],[72.91550835981202,19.131488542524934],[72.91551806817617,19.13148912015187],[72.91552212895337,19.13148893241393]]]]}},{"type":"Feature","properties":{"fid":1416,"Tree_id":89,"Zone_name":"Academic","ZoneNumber":"Z02","Parcel No":"P59","canopyArea":143.477,"Count":89,"Type":"Tree","canopy_daimeter":13.516,"latitude":"19.131505° N","longitude":"72.915458° E","Geo-Coordinates":"19.131505° N, 72.915458° E","image_no":115,"botanical_name":"Butea monosperma","comman_name":"Flame of the Forest","tree_height":19.72,"canopy_height":11.832,"DbH":67.72},"geometry":{"type":"MultiPolygon","coordinates":[[[[72.91546217050269,19.13142560013504],[72.91546119826725,19.13143447267208],[72.915461861247,19.131440441525438],[72.91546376414398,19.131445606214342],[72.91546642830029,19.131448909311164],[72.91546948628796,19.131450229761047],[72.91547415308766,19.131450750228883],[72.9154766299883,19.131449375644433],[72.9154787497289,19.13144706189889],[72.91548036000765,19.1314461450445],[72.91548158232263,19.13144674334775],[72.91548316326451,19.13144816393975],[72.91548425381355,19.131449462082774],[72.91548473687219,19.131450168893334],[72.91548692970505,19.131451830200756],[72.91548911960432,19.1314537252528],[72.91549249514779,19.13145914041607],[72.91549576826222,19.131462917972634],[72.91550027836033,19.13146612510908],[72.91550064285462,19.13146647990849],[72.91550085447544,19.131472482607393],[72.91550029074085,19.131478203774535],[72.91550196677831,19.13148184633466],[72.91550388141157,19.131486076044713],[72.91550581511369,19.13148878641456],[72.91550885696734,19.13149139245944],[72.91550956688735,19.131493621398473],[72.91550730657953,19.131497336218047],[72.91550560788454,19.13150203147966],[72.9155062928684,19.13150624724816],[72.91550548173697,19.13151208249933],[72.91550294322847,19.13151836572158],[72.91550141484268,19.131522556395275],[72.91549620924202,19.131525770265554],[72.91549495905645,19.131527392536427],[72.91549214528042,19.131536010416557],[72.91549308206135,19.131539761484113],[72.91549550615696,19.131542594303077],[72.91550013188788,19.131546387195485],[72.91550254424902,19.131550154992937],[72.91550617159191,19.131555105455153],[72.9155088210823,19.131559577274796],[72.91551028492772,19.131560528983233],[72.91551523856619,19.131564325593047],[72.91551735805935,19.13157183051637],[72.91551678112316,19.13157860353442],[72.91551400255108,19.131584416479143],[72.9155102431922,19.13158998452591],[72.91550701676466,19.131592285724228],[72.91549471439421,19.131592613797224],[72.91548540425639,19.131589702904648],[72.91547878761465,19.13158775766209],[72.91547268043549,19.13158441552821],[72.91546853482949,19.13158156319037],[72.91546662313004,19.131577099735345],[72.91546444203081,19.131574503449016],[72.91546055995762,19.13157025143158],[72.91545591662465,19.131567861006044],[72.91544365826269,19.13156468290629],[72.9154363067663,19.131562495552505],[72.91542948526926,19.131557275095084],[72.91542363282367,19.131553234514282],[72.91541578360057,19.13155150907217],[72.91541434322623,19.131548687406013],[72.9154158657469,19.13154496422255],[72.91541684946681,19.131544975376293],[72.9154188286418,19.131544062705213],[72.91542086640784,19.131541748031072],[72.9154235205503,19.131536050566073],[72.91542490543672,19.13153349471144],[72.9154308326929,19.13153157480403],[72.91543271090598,19.131528907653838],[72.91543363620373,19.131523775031365],[72.91543370368038,19.131518398904813],[72.91543205111437,19.131512886387135],[72.91542906255856,19.13150603398025],[72.91542777448699,19.131500876262074],[72.91542819912351,19.13149643929668],[72.91542751120791,19.1314924572727],[72.91542606203247,19.131490336840557],[72.91542324410683,19.13148948666759],[72.9154188349714,19.131488034008285],[72.91541257989496,19.13148667730798],[72.91540498980707,19.131483902803314],[72.91540291553899,19.1314825935061],[72.91539722541282,19.131485217435085],[72.91539252780751,19.13148715128383],[72.9153917841502,19.13148761040771],[72.9153845676766,19.13149099628954],[72.91538115106262,19.131488853549328],[72.9153807319744,19.131486316203677],[72.91537953166333,19.13148396481507],[72.91538058579494,19.131478366097962],[72.91538111726143,19.131475216122443],[72.91538030198133,19.131471583321115],[72.91538070314832,19.131469016312924],[72.91538318591755,19.1314671742406],[72.91538604491608,19.131464751989338],[72.9153859996975,19.131458556362507],[72.91538640966579,19.131455288120414],[72.91538826880871,19.131454140310723],[72.91539537583668,19.131456208005158],[72.91540029149975,19.1314564975187],[72.91540275373201,19.131456291658456],[72.91541159661867,19.131450703326504],[72.91541298883887,19.131447563110314],[72.91541265221575,19.131444987736742],[72.91540975093218,19.131440980616915],[72.91540952113822,19.131439692233016],[72.91541364792414,19.131434245243174],[72.91542064518877,19.131435259691546],[72.91542658857706,19.131432054188426],[72.91542920555624,19.13142931748847],[72.91543651035934,19.131425426087297],[72.91544618351439,19.131428808653297],[72.91544754052893,19.131428473372402],[72.91544954463903,19.131425573871418],[72.91545472236675,19.131424580576265],[72.91546162893732,19.131423022437843],[72.91546217050269,19.13142560013504]]]]}},{"type":"Feature","properties":{"fid":1485,"Tree_id":91,"Zone_name":"Academic","ZoneNumber":"Z02","Parcel No":"P59","canopyArea":60.346,"Count":91,"Type":"Tree","canopy_daimeter":8.766,"latitude":"19.133007° N","longitude":"72.914926° E","Geo-Coordinates":"19.133007° N, 72.914926° E","image_no":118,"botanical_name":"Conocarpus erectus","comman_name":"Buttonwood / Button Mangrove","tree_height":8.53,"canopy_height":5.118,"DbH":34.74},"geometry":{"type":"MultiPolygon","coordinates":[[[[72.91488179518964,19.13302398155093],[72.9148834879565,19.13300670119312],[72.91488666805414,19.132988502593275],[72.91489268781372,19.132979219756805],[72.91490552323478,19.132975624889433],[72.91491930716666,19.13297484611249],[72.91493114712009,19.132972175064104],[72.91494099027008,19.132971819146043],[72.91494982621454,19.132973322026587],[72.91496205238344,19.132979071357557],[72.91497023212345,19.132993658352145],[72.91497113955046,19.132999746866748],[72.91497100455591,19.13301049911493],[72.91497141424948,19.133017049540108],[72.91496985648624,19.133023577651414],[72.91496141849329,19.13302956017481],[72.91495008800837,19.133030834336157],[72.91493805445694,19.133045659635524],[72.9149328986865,19.133044899826977],[72.91492423559511,19.13303942468313],[72.91491678152389,19.1330388725852],[72.9149106332211,19.13303880285236],[72.9148987639149,19.13304381134407],[72.91489198933735,19.133034850951113],[72.91489151508183,19.133033442905344],[72.91488179518964,19.13302398155093]]]]}},{"type":"Feature","properties":{"fid":1486,"Tree_id":92,"Zone_name":"Academic","ZoneNumber":"Z02","Parcel No":"P59","canopyArea":417.486,"Count":92,"Type":"Tree","canopy_daimeter":23.056,"latitude":"19.133107° N","longitude":"72.914963° E","Geo-Coordinates":"19.133107° N, 72.914963° E","image_no":119,"botanical_name":"Ficus benghalensis","comman_name":"Banyan Tree","tree_height":22.86,"canopy_height":13.716,"DbH":112.16},"geometry":{"type":"MultiPolygon","coordinates":[[[[72.91487981755645,19.133037829936654],[72.91487089356531,19.13304333938777],[72.91486785629206,19.133050162420908],[72.91486261834694,19.133055947456644],[72.91485355114146,19.13305327305963],[72.91484609687177,19.133059266734755],[72.91484064234207,19.1330627115353],[72.91484108431378,19.133066690770708],[72.91484390049621,19.13307747649089],[72.91485609144992,19.133086030763312],[72.9148577932115,19.13309415436177],[72.91487152432639,19.133097582990533],[72.91487514874333,19.133102767210367],[72.91487483531039,19.1331081405447],[72.91487996173421,19.13311123780012],[72.9148772183273,19.133114245795674],[72.91487245757058,19.133121205132756],[72.91486335514342,19.133121335669983],[72.91485838073694,19.133125721027685],[72.914853139854,19.133131739807357],[72.91484984392811,19.133139572943342],[72.91485213889877,19.133152690529695],[72.91485200663163,19.1331697548083],[72.91485580361024,19.13318078543057],[72.91486015702061,19.13318667925252],[72.91487288680472,19.13319149919129],[72.91488545283211,19.133189771493658],[72.91488984733115,19.133192392891903],[72.91489224502357,19.133197329420227],[72.91489245573825,19.133200137143714],[72.91489192278625,19.133203403988087],[72.91489997105352,19.133208872160708],[72.91490676618118,19.133216196342357],[72.9149079342125,19.13322111892381],[72.91492672192058,19.133213617344254],[72.91493080885871,19.133221144587107],[72.914946334881,19.133218749123674],[72.9149498366289,19.133214113283422],[72.91495716177528,19.1332184043633],[72.9149650903057,19.13321381872971],[72.91497152856799,19.133210385082783],[72.91497550457164,19.133207157287604],[72.91497655286429,19.13320202606515],[72.91497854673533,19.13319994467845],[72.91498175266007,19.133199279705114],[72.91498790390371,19.133199115691603],[72.91499681909652,19.13319430746888],[72.91500229417062,19.133189226452156],[72.91501168068476,19.133186060018755],[72.91501662574329,19.133184012101985],[72.91502380766975,19.13318011933156],[72.91502728887244,19.13317711970124],[72.91503004108182,19.13317341046971],[72.91503108643788,19.133168512991272],[72.91503260018166,19.133165491047404],[72.91503289893681,19.13316128643503],[72.91503415794439,19.133158962935575],[72.91503567462262,19.13315570724715],[72.91504225648508,19.133147365891922],[72.91504955579236,19.133134123338888],[72.9150578241546,19.13312206066465],[72.91506082229459,19.133118354221626],[72.91506550087645,19.13311793972594],[72.91506860661616,19.133105662649708],[72.91507465571645,19.133094042361453],[72.9150765533137,19.133080037212817],[72.91507451012666,19.133066454927615],[72.91507386036598,19.133059434224137],[72.9150719457302,19.13305520450959],[72.91506388572522,19.133050671322746],[72.91505873582281,19.1330494440286],[72.91505354190213,19.133051722902355],[72.91505183211531,19.1330507684003],[72.91504940722065,19.13304146771266],[72.91505734747817,19.133035947095838],[72.91506182414366,19.13303202364279],[72.9150711670086,19.13301927181979],[72.91508014381394,19.13300955495642],[72.9150834142938,19.133003747600966],[72.9150807794691,19.13299810705203],[72.915074133434,19.132998499235732],[72.9150647645389,19.133000263206277],[72.91506108142683,19.132999753880586],[72.91505745407105,19.132994803408568],[72.91504933537828,19.13299494511214],[72.91504687018852,19.132995384709936],[72.91504301157401,19.13298926272587],[72.9150361548221,19.13298684718465],[72.9150334642424,19.13298564778139],[72.91503051599237,19.13298538056707],[72.91502360054912,19.132987639916113],[72.91501983526895,19.132993675436545],[72.9150126856316,19.13299499701783],[72.91501140901761,19.132998722984446],[72.91501135619468,19.133002930386013],[72.91501281124488,19.1330045833328],[72.91501100461676,19.13301134239997],[72.9150082934946,19.133011779208037],[72.9150019286066,19.133009369243858],[72.91499084112056,19.133010879941633],[72.91498859838543,19.133013192284047],[72.91498314385984,19.133016637089273],[72.91498066693107,19.133018011664245],[72.91497768933408,19.133020081894312],[72.91497373387797,19.13302167347834],[72.9149642550274,19.133028929974973],[72.91496177809829,19.133030304549663],[72.91495314406238,19.13303231062649],[72.91494917833435,19.13303472031577],[72.91494716685693,19.133038204169445],[72.91494292584946,19.133042948514507],[72.91493882688344,19.13304617491472],[72.91493562242903,19.133046723015333],[72.9149315792226,19.133045508269504],[72.91492804402147,19.13304301350731],[72.91492327329043,19.133040972287592],[72.91491959604768,19.13303999546998],[72.91491762859079,19.133039973155537],[72.914911679851,19.133040334278768],[72.91490389483756,19.13304328509383],[72.91489919718182,19.13304521892493],[72.91489230110552,19.13303614026503],[72.91488838820278,19.133034342551685],[72.91487981755645,19.133037829936654]]]]}},{"type":"Feature","properties":{"fid":1489,"Tree_id":93,"Zone_name":"Academic","ZoneNumber":"Z02","Parcel No":"P59","canopyArea":20.596,"Count":93,"Type":"Tree","canopy_daimeter":5.121,"latitude":"19.13309° N","longitude":"72.914824° E","Geo-Coordinates":"19.13309° N, 72.914824° E","image_no":122,"botanical_name":"Conocarpus erectus","comman_name":"Buttonwood / Silver Buttonwood","tree_height":17.07,"canopy_height":10.242,"DbH":33.84},"geometry":{"type":"MultiPolygon","coordinates":[[[[72.91479632308541,19.13308589833401],[72.91480578590395,19.13307665455391],[72.91481247890016,19.133072522468282],[72.91481865655268,19.1330702547595],[72.91482656746952,19.133067071598546],[72.91483151839589,19.1330645561976],[72.91483595397891,19.13306390517373],[72.91483981845649,19.133069559672528],[72.9148402516236,19.133074240141458],[72.91484217799282,19.13307753487983],[72.91484411023184,19.1330803621292],[72.91484751806388,19.13308320611499],[72.9148514118907,19.133086523168558],[72.9148521027297,19.133090271448864],[72.91484882050075,19.13309701377725],[72.91484136916364,19.133102773707453],[72.91483444197402,19.133105968026634],[72.91482997410617,19.133109190239875],[72.91482502317838,19.133111705640626],[72.9148165939808,19.13311698692291],[72.91480585220624,19.133110553085164],[72.9148044675954,19.133103290268906],[72.91480475755131,19.133099786890902],[72.91479632308541,19.13308589833401]]]]}},{"type":"Feature","properties":{"fid":1490,"Tree_id":94,"Zone_name":"Academic","ZoneNumber":"Z02","Parcel No":"P59","canopyArea":8.84,"Count":94,"Type":"Tree","canopy_daimeter":3.355,"latitude":"19.133111° N","longitude":"72.914857° E","Geo-Coordinates":"19.133111° N, 72.914857° E","image_no":123,"botanical_name":"Conocarpus erectus","comman_name":"Buttonwood / Button Mangrove","tree_height":16.27,"canopy_height":9.762,"DbH":27.1},"geometry":{"type":"MultiPolygon","coordinates":[[[[72.91485289950073,19.133124762710427],[72.91484616424562,19.133122465428833],[72.91484373720688,19.133119866345115],[72.91484143900404,19.13311680116708],[72.91484038073436,19.133112931830382],[72.91483981286169,19.133109184944775],[72.91484072058222,19.133105454795686],[72.91484345225014,19.13310338177877],[72.91484606095189,19.133101307367063],[72.91485040878798,19.133097850014167],[72.91485486344838,19.133095679650612],[72.91485903549103,19.133096428303883],[72.91486589664626,19.133098493235117],[72.9148706644432,19.133100768200897],[72.91487320124156,19.13310442052924],[72.91487316015413,19.13310769295236],[72.91487412480664,19.133109223449168],[72.91487595022191,19.1331107637088],[72.91487703490576,19.13311252934479],[72.91487503369765,19.133115195091644],[72.91487326374762,19.133119032350386],[72.91487190084852,19.133119835114577],[72.91486808889906,19.133119791879135],[72.91486390511643,19.133119978204043],[72.9148616741174,19.13312135556657],[72.9148563278777,19.133125970484606],[72.91485289950073,19.133124762710427]]]]}},{"type":"Feature","properties":{"fid":1491,"Tree_id":95,"Zone_name":"Academic","ZoneNumber":"Z02","Parcel No":"P59","canopyArea":7.388,"Count":95,"Type":"Tree","canopy_daimeter":3.067,"latitude":"19.133116° N","longitude":"72.914798° E","Geo-Coordinates":"19.133116° N, 72.914798° E","image_no":124,"botanical_name":"Conocarpus erectus","comman_name":"Buttonwood / Silver Buttonwood","tree_height":6.58,"canopy_height":3.948,"DbH":18.57},"geometry":{"type":"MultiPolygon","coordinates":[[[[72.91478759911497,19.133124450642963],[72.91478999270232,19.13311991912548],[72.91478942042838,19.13311652285657],[72.91478969424249,19.133114305073352],[72.91479045415151,19.133109287470234],[72.91479127265876,19.13310286786505],[72.91479198727689,19.13309492752589],[72.91479237965459,19.13309306175413],[72.91479889098731,19.133093603164316],[72.91480179081235,19.133097727166692],[72.91480346978135,19.13310113598822],[72.9148037843837,19.13310546444564],[72.91480446641688,19.133109913959508],[72.91480700321385,19.133113566288653],[72.91481115764715,19.133115717410032],[72.91480905929693,19.13311958990615],[72.9148071810538,19.133122257046878],[72.91480652806938,19.13312528875168],[72.91480708420163,19.133129970615315],[72.91480740173898,19.133134065328242],[72.91480394107818,19.133135428742623],[72.91479939279927,19.133135260265068],[72.91479363980618,19.13313309101174],[72.91478899791068,19.133130583694214],[72.91478803472636,19.133128936324784],[72.91478759911497,19.133124450642963]]]]}},{"type":"Feature","properties":{"fid":1494,"Tree_id":96,"Zone_name":"Academic","ZoneNumber":"Z02","Parcel No":"P59","canopyArea":130.559,"Count":96,"Type":"Tree","canopy_daimeter":12.893,"latitude":"19.133558° N","longitude":"72.914825° E","Geo-Coordinates":"19.133558° N, 72.914825° E","image_no":127,"botanical_name":"Alstonia scholaris","comman_name":"Scholar Tree / Devil Tree","tree_height":14.82,"canopy_height":8.892,"DbH":56.62},"geometry":{"type":"MultiPolygon","coordinates":[[[[72.9147587552503,19.133596549401194],[72.9147578126095,19.133593265820103],[72.91476483374322,19.133582591682668],[72.91476545475109,19.133572312504707],[72.91476801974137,19.133563925599233],[72.91476705949029,19.133562044485064],[72.91476915933507,19.13354172963703],[72.91477390690214,19.13353582215461],[72.91477687277113,19.133534686907012],[72.91478117659554,19.133534735724368],[72.91478526236976,19.13353256117946],[72.91478799404587,19.133530488164173],[72.91479069783936,19.13353063572144],[72.91479337962038,19.133532536362317],[72.91479607314146,19.13353350202522],[72.91480312331677,19.133530309104145],[72.91480773470855,19.133525452076157],[72.9148104634493,19.133523612804982],[72.9148180896252,19.13351372478694],[72.91482215338628,19.133513303324772],[72.91482644253551,19.133514520863468],[72.91482978757539,19.13351257169347],[72.91482960180896,19.133507777141904],[72.91482866210202,19.133504259816554],[72.91482832842217,19.13350145069842],[72.9148318584507,19.13349782821914],[72.9148449398467,19.133494236149588],[72.91485099308133,19.133492083918767],[72.91486159020226,19.133490450781544],[72.91486640056577,19.133489336453195],[72.91487256649432,19.133488003722093],[72.91487947168855,19.133486562486794],[72.91488706772317,19.133488869531458],[72.91488580724325,19.13349130990164],[72.91488455556787,19.133493049038325],[72.91488462277181,19.13349749157855],[72.91488606315015,19.133500313249044],[72.91488810955592,19.133503843126565],[72.91488893950464,19.133506307206762],[72.91488947216052,19.133512859026318],[72.914889166063,19.13351764799917],[72.91488812950416,19.133521844242516],[72.91488611214884,19.13352579558367],[72.91488387233953,19.133527874179393],[72.91488222094839,19.13353206344913],[72.91488038349081,19.133541276830837],[72.91487982118798,19.13354688111996],[72.91487782437628,19.13354919624948],[72.91487405614134,19.13355546550937],[72.91487545543141,19.13356155960294],[72.91487858799134,19.133566738244536],[72.91488344208173,19.13357193641212],[72.91488489420006,19.133573823104665],[72.91488922120652,19.13358182062727],[72.91488966611438,19.13358556611808],[72.91488910381153,19.133591170407204],[72.91488513073128,19.13359416445485],[72.91488153535497,19.13359646145308],[72.91487604442001,19.133593009395526],[72.91486653814827,19.133586122016712],[72.91486450348181,19.13358165716093],[72.91486198692195,19.13358618728401],[72.9148600003817,19.13358768430755],[72.91484917346364,19.133588029059883],[72.91484545071818,19.133590675279354],[72.91484051151522,19.1335922557011],[72.91483588721647,19.133588345916664],[72.91483326529905,19.13359147217757],[72.91483600988147,19.133598165974764],[72.91482942075237,19.133603818792995],[72.91482855998713,19.133603809029733],[72.91482525896981,19.13360225203219],[72.91481854277386,19.133598435408736],[72.91481521974441,19.13359863149469],[72.91481373534192,19.133599315990995],[72.91481297699826,19.13360094383383],[72.9148115935498,19.13360338280855],[72.91480991975538,19.13360609123069],[72.91480698470266,19.1336047721616],[72.91480341574014,19.1336049654578],[72.91480043372745,19.133607386300383],[72.91479611522607,19.133608506205732],[72.91479125349595,19.133613711060306],[72.91479060784592,19.1336161584035],[72.91479079654599,19.13362071921048],[72.91479079361096,19.13362095295495],[72.91479114088548,19.133625944153195],[72.91479084065466,19.133630265636565],[72.91479020234206,19.13363212861852],[72.91478834757221,19.133632925802488],[72.91478092555761,19.13363634828264],[72.91477786020056,19.133635612179503],[72.91477381991677,19.133634163684523],[72.91476758237918,19.13363140448852],[72.91476257744166,19.13362842549585],[72.9147601885536,19.13362278773237],[72.91476001159461,19.133617291947512],[72.91476390426926,19.133610907213104],[72.91476504031799,19.13360858232147],[72.91475979972097,19.13360478243352],[72.91475625570655,19.13360298890071],[72.9147541274272,19.133596185204414],[72.9147587552503,19.133596549401194]]]]}},{"type":"Feature","properties":{"fid":1495,"Tree_id":97,"Zone_name":"Academic","ZoneNumber":"Z02","Parcel No":"P59","canopyArea":78.61,"Count":97,"Type":"Tree","canopy_daimeter":10.004,"latitude":"19.13363° N","longitude":"72.91484° E","Geo-Coordinates":"19.13363° N, 72.91484° E","image_no":128,"botanical_name":"Pongamia pinnata (Millettia pinnata)","comman_name":"Indian Beech / Karanj","tree_height":18.4,"canopy_height":11.04,"DbH":52.68},"geometry":{"type":"MultiPolygon","coordinates":[[[[72.91488386391681,19.133629178125265],[72.9149144186733,19.133621136745745],[72.91491453800118,19.133619161553455],[72.91491618499037,19.133615322900216],[72.91491731956971,19.13361311487972],[72.91491732837423,19.1336124136462],[72.91491442413621,19.133608640261482],[72.91491126516084,19.133605565320845],[72.91490747667893,19.133603652129153],[72.91490476848168,19.13360385519023],[72.91490256388975,19.133603128852084],[72.91489998746356,19.13360263207429],[72.91489514217645,19.13359673267352],[72.91488678427041,19.133599599061725],[72.91488543163926,19.133599583719885],[72.91488384187983,19.13359886435508],[72.9148824995208,19.133598030907468],[72.91487981920508,19.13359601339547],[72.91487640402556,19.133593753770587],[72.91487164208488,19.13359101131474],[72.91486835133949,19.133588636212213],[72.91486640588795,19.133586860812887],[72.91486470783683,19.13358497133074],[72.91486283545834,19.133587170982526],[72.91485937332058,19.13358865126929],[72.91485457322635,19.133588947491432],[72.91485014643388,19.133588897280944],[72.91484716882451,19.13359096750765],[72.91483951848957,19.13359298473405],[72.91483599355155,19.13358967186351],[72.91483412704255,19.133591404025996],[72.9148375694133,19.1335980278119],[72.91482998628018,19.13360448757791],[72.91482557416218,19.133603268644322],[72.9148244748014,19.133602671730312],[72.91481786542955,19.133600142096274],[72.91481441356366,19.133600804276394],[72.91481326284071,19.133604297890848],[72.91481286312397,19.133606748023666],[72.91480782443378,19.133606457093787],[72.91480500207504,19.13360595752516],[72.91480289256764,19.133607453153225],[72.91480042296575,19.133608243363486],[72.91479733706406,19.1336091434721],[72.91479460098412,19.13361156710412],[72.9147927212669,19.133614351116286],[72.91479215896062,19.13361995540476],[72.91479192006095,19.133629186917084],[72.91479206972889,19.13363359142948],[72.91478868398336,19.13364204695152],[72.91478754646715,19.13364448871552],[72.91478701497832,19.133647638686906],[72.9147852406168,19.133651826560595],[72.91478480421154,19.133657198499307],[72.91478682713637,19.13366259833373],[72.91479242489523,19.133667337383407],[72.91479589329292,19.133668623539428],[72.91479595022147,19.133673884185068],[72.91479946488766,19.133678015162094],[72.9148076405419,19.133683134118435],[72.91481092799044,19.133685475126903],[72.91488386391681,19.133629178125265]]]]}},{"type":"Feature","properties":{"fid":1509,"Tree_id":98,"Zone_name":"Academic","ZoneNumber":"Z02","Parcel No":"P59","canopyArea":39.992,"Count":98,"Type":"Tree","canopy_daimeter":7.136,"latitude":"19.133473° N","longitude":"72.915099° E","Geo-Coordinates":"19.133473° N, 72.915099° E","image_no":130,"botanical_name":"Phoenix dactylifera","comman_name":"Date Palm / Palm Tree","tree_height":21.64,"canopy_height":12.984,"DbH":46.27},"geometry":{"type":"MultiPolygon","coordinates":[[[[72.91507422669049,19.1335004602268],[72.91506374606163,19.13347322313816],[72.91506888187774,19.133455981826447],[72.91508081577155,19.13344583094659],[72.91510449574386,19.133440488834342],[72.9151113407769,19.133443839352918],[72.91512650644044,19.133450557123894],[72.91512987320161,19.13345667352904],[72.91513165285484,19.133471655492134],[72.91513001879417,19.133484260962646],[72.91512648183013,19.133491701740596],[72.91512146339971,19.133499593272884],[72.91511158500309,19.133502754132106],[72.9150968172952,19.133503521762822],[72.91508400531156,19.13350524668368],[72.91507422669049,19.1335004602268]]]]}},{"type":"Feature","properties":{"fid":1510,"Tree_id":99,"Zone_name":"Academic","ZoneNumber":"Z02","Parcel No":"P59","canopyArea":334.374,"Count":99,"Type":"Tree","canopy_daimeter":20.633,"latitude":"19.133533° N","longitude":"72.914989° E","Geo-Coordinates":"19.133533° N, 72.914989° E","image_no":131,"botanical_name":"Alstonia scholaris","comman_name":"Scholar Tree / Devil Tree","tree_height":20.05,"canopy_height":12.03,"DbH":95.08},"geometry":{"type":"MultiPolygon","coordinates":[[[[72.91500667295395,19.133596857326047],[72.9150287799558,19.133595825556945],[72.91502773779219,19.13359196351171],[72.91502829422105,19.13358682671075],[72.91503330678934,19.133579402670765],[72.9150398219591,19.13358290530307],[72.91504524422231,19.133582031687762],[72.915051913758,19.133579769551183],[72.91505606820613,19.133581920668313],[72.91506740166365,19.133580412759436],[72.91507085059398,19.133579984318914],[72.91507627579163,19.13357887695814],[72.91508171272766,19.133576834619085],[72.91508862526112,19.133574809014785],[72.9150945071094,19.133576512166105],[72.91510086615082,19.133579389618188],[72.91510946500004,19.133580188471427],[72.91511464426465,19.133579078320356],[72.91512083367186,19.1335758756248],[72.9151230881519,19.133572628303305],[72.91512514658612,19.133565404535606],[72.91512888546706,19.13356147271503],[72.91512922530501,19.133553995679],[72.91512906447353,19.13354721429838],[72.91512792871406,19.13353972052776],[72.91512658517071,19.13352918528908],[72.91512664679587,19.13352427665384],[72.91512670255193,19.13351983550765],[72.91512776258108,19.13351376930611],[72.91512957801578,19.13350630900458],[72.9151297996833,19.133501713888062],[72.91512812217134,19.133498188196405],[72.91512415790086,19.133500481016267],[72.91511426776603,19.133504576853763],[72.91510738164676,19.133504498758548],[72.9151017222571,19.133504668353243],[72.91509703779509,19.1335055503379],[72.91509013700298,19.133506640964693],[72.91508542906416,19.13350939290527],[72.915080463454,19.133513077034667],[72.915069361261,19.133515756456625],[72.91506247514147,19.133515678359693],[72.91505516171813,19.133510452304563],[72.91505423081014,19.13350623374633],[72.91505816866999,19.13350604462882],[72.91506164401034,19.133503512487586],[72.9150656523008,19.133497713501253],[72.91506672700496,19.133490478577595],[72.91506628502772,19.13348649934229],[72.91506363845922,19.133481793770834],[72.91505731170298,19.133476345128066],[72.91505049308161,19.133470890906747],[72.91504536664365,19.133467793654827],[72.91503849519947,19.13346654683456],[72.91503257227058,19.133468116105174],[72.91502566854523,19.133469440474187],[72.915020216939,19.133472651534472],[72.91501497017981,19.133479137807097],[72.91501047002264,19.13348493121372],[72.91500726115764,19.13348582993157],[72.9150034054699,19.13347947420153],[72.91499660739332,19.13347238376673],[72.91498993101386,19.13347519130552],[72.91498309185195,19.133471373293524],[72.91497724816033,19.1334666314604],[72.91497336019208,19.133462846919507],[72.91496259784624,19.13345804930005],[72.91496559599503,19.133454342859494],[72.91496674407158,19.13344126432394],[72.91496529195324,19.13343937763202],[72.91495500973552,19.133435520568916],[72.91494123750417,19.133435364366854],[72.91493128280446,19.13344460257364],[72.91493115367356,19.133454887332036],[72.91492221792073,19.13346133176146],[72.91491341129937,19.13345749143217],[72.91490304103704,19.13346064670129],[72.91489514184114,19.133462894885795],[72.91488668621271,19.133470279870135],[72.91488460135622,19.133479607334866],[72.91489040982704,19.13348715410475],[72.91489026895388,19.133498373840816],[72.91488754236946,19.133493511507808],[72.91488796477661,19.133499049039827],[72.91488936993669,19.13350467564431],[72.91489152463468,19.13350937563903],[72.91489268679697,19.13351476570959],[72.91489064889781,19.133520353262334],[72.91488786146054,19.13352686742478],[72.91488385316345,19.133532666406563],[72.9148831200575,19.133538814239902],[72.91488331316259,19.133543024430306],[72.91488102052519,19.13354931042694],[72.91487849956401,19.133554191167086],[72.91487843206164,19.133559567290536],[72.91488034963166,19.133563563262456],[72.91488398286218,19.133568046249355],[72.91488809915408,19.133573236048555],[72.91489049391588,19.133578406321746],[72.91489239387714,19.133583804760576],[72.91489430557797,19.1335882682214],[72.91489624369267,19.133590627981707],[72.91490105376137,19.13359933231644],[72.91490570300837,19.13360125527115],[72.91491229037061,19.133605537985925],[72.91491667314111,19.133609094362505],[72.91491908551325,19.13361286216843],[72.91491928742366,19.133616371125353],[72.91492023593749,19.13361918721693],[72.91492080660879,19.133619455573267],[72.91500667295395,19.133596857326047]]]]}},{"type":"Feature","properties":{"fid":1511,"Tree_id":100,"Zone_name":"Academic","ZoneNumber":"Z02","Parcel No":"P59","canopyArea":92.991,"Count":100,"Type":"Tree","canopy_daimeter":10.881,"latitude":"19.133521° N","longitude":"72.915168° E","Geo-Coordinates":"19.133521° N, 72.915168° E","image_no":132,"botanical_name":"Butea monosperma","comman_name":"Flame of the Forest","tree_height":21.09,"canopy_height":12.654,"DbH":60.09},"geometry":{"type":"MultiPolygon","coordinates":[[[[72.91513116127742,19.133563057043503],[72.91513014876811,19.133545746002397],[72.91512932056658,19.13353334638563],[72.91512843954358,19.133525154170496],[72.91512853931751,19.13351720685626],[72.91513113363408,19.13350648249849],[72.91513268552858,19.13350042187505],[72.91513620195099,19.133494617308763],[72.91514610675728,19.133489352747265],[72.91514179147772,19.133480420251562],[72.91514239778887,19.13347130979267],[72.9151448893962,19.1334687664934],[72.91514956836419,19.133455260442815],[72.91515680312104,19.133447160266343],[72.91516713816561,19.133446809916883],[72.91517741158684,19.13345136820227],[72.91518055589279,19.133455611861297],[72.91518321420223,19.133459382453182],[72.91518557962797,19.13346689016874],[72.91518403360467,19.133472483303777],[72.91518220056624,19.1334813460734],[72.91518241128568,19.13348415379697],[72.91518680286303,19.13348700893375],[72.91519142863562,19.13349080183763],[72.91519433287861,19.133494575218407],[72.91519775539726,19.133496250476238],[72.91520481995781,19.13350170748164],[72.9152079554621,19.133506652373978],[72.91521083623047,19.13351229571095],[72.91521419712711,19.133518879604022],[72.9152163107532,19.13352685201951],[72.91521524192386,19.133533619455513],[72.91520988012121,19.133536208132426],[72.9152050841505,19.133545972412577],[72.91520545863935,19.13355532777245],[72.91520364907608,19.13356232058586],[72.91519692672269,19.133568790130028],[72.91519023371325,19.133572922228467],[72.91518331824624,19.133575181581257],[72.91517171538065,19.133578556664695],[72.91516014772859,19.133579126812887],[72.91514466275642,19.13357824986789],[72.91514294709484,19.133577762855253],[72.91513116127742,19.133563057043503]]]]}},{"type":"Feature","properties":{"fid":1512,"Tree_id":101,"Zone_name":"Academic","ZoneNumber":"Z02","Parcel No":"P59","canopyArea":124.258,"Count":101,"Type":"Tree","canopy_daimeter":12.578,"latitude":"19.1335° N","longitude":"72.91523° E","Geo-Coordinates":"19.1335° N, 72.91523° E","image_no":133,"botanical_name":"Alstonia scholaris","comman_name":"Scholar Tree / Devil Tree","tree_height":15.12,"canopy_height":9.072,"DbH":56.14},"geometry":{"type":"MultiPolygon","coordinates":[[[[72.91522957607876,19.13358645408086],[72.9152334561047,19.133584867503203],[72.91523668257717,19.133582566314182],[72.91524016378563,19.13357956668038],[72.91524683331934,19.13357730453646],[72.91525226731937,19.13357549593671],[72.9152569576517,19.1335741464591],[72.91526210463772,19.133575607493864],[72.91526462558855,19.133570726747433],[72.91526786673202,19.133567256835008],[72.91526967042408,19.133560731509817],[72.91527270964927,19.13355375264002],[72.91527766370311,19.133544457706115],[72.91527551779632,19.133539056481226],[72.91527581948135,19.133534618123498],[72.915277836828,19.133530666777215],[72.91527861277281,19.13352763646462],[72.91527868613073,19.13352179285068],[72.91527875948861,19.13351594923671],[72.91527758673759,19.1335048704535],[72.91527687241354,19.133502992130357],[72.91527666169247,19.133500184406785],[72.91527501645479,19.133494087525982],[72.91527481160237,19.133490812313262],[72.9152733917574,19.13348635443329],[72.91527296151241,19.133481440219775],[72.91527022690816,19.133483746987505],[72.91526499189493,19.13348929828992],[72.9152635397726,19.13348741160001],[72.9152636336712,19.13347993177419],[72.91526217568027,19.1334785125734],[72.9152616896833,19.133478039506464],[72.91526048055958,19.133476389350015],[72.91525831117933,19.133472858081475],[72.91525711672735,19.133470039202205],[72.91525567927694,19.13346698378949],[72.91525423889227,19.133464162121307],[72.91525501190273,19.13346136555339],[72.91525850191111,19.133457664685253],[72.91525852832014,19.133455560984252],[72.91525467262277,19.133449205258604],[72.91524957552453,19.133443770566537],[72.91524568461556,19.13344021977542],[72.9152408158445,19.13343619033942],[72.91523744027626,19.133430775169575],[72.91523208550893,19.133426272666423],[72.91522001132994,19.13342800596429],[72.91521658587799,19.13342656445153],[72.91520975258067,19.133422278958538],[72.91519649275452,19.133420492141774],[72.91518467918073,19.13342105950358],[72.91517646362992,19.13342891478082],[72.91516967378904,19.133440760449016],[72.91518216277004,19.133454967713686],[72.91518517677369,19.13345979433952],[72.91518627359642,19.133463858926994],[72.91518592495831,19.133472037197105],[72.9151848238495,19.133481375822882],[72.91518943494972,19.133486337449536],[72.9151984317591,19.133494621701733],[72.91520646537893,19.13350125858578],[72.91521224060949,19.133511454451835],[72.91521367805935,19.133514509864842],[72.91521606402787,19.13352038136833],[72.91521724087298,19.13352460271511],[72.91521743985541,19.133528345416863],[72.91521738997055,19.133532319074188],[72.91521538142574,19.133535569186048],[72.91521365109223,19.133536250896842],[72.91521067348779,19.133538321129958],[72.91520916267741,19.13354110933061],[72.91520738539313,19.133545530954077],[72.91520735604891,19.13354786839955],[72.91520705729643,19.13355207301241],[72.91520524773327,19.133559065825864],[72.91520521838899,19.133561403271322],[72.91520585935174,19.133569125208332],[72.91521017757113,19.133577823958465],[72.91521894899404,19.133584469209335],[72.91522374832796,19.13358672607131],[72.91522957607876,19.13358645408086]]]]}},{"type":"Feature","properties":{"fid":1921,"Tree_id":102,"Zone_name":"Academic","ZoneNumber":"Z02","Parcel No":"P59","canopyArea":133.948,"Count":102,"Type":"Tree","canopy_daimeter":13.059,"latitude":"19.131878° N","longitude":"72.915941° E","Geo-Coordinates":"19.131878° N, 72.915941° E","image_no":140,"botanical_name":"Peltophorum pterocarpum","comman_name":"Copperpod / Yellow Flame","tree_height":22.43,"canopy_height":13.458,"DbH":70.93},"geometry":{"type":"MultiPolygon","coordinates":[[[[72.91586250817569,19.13188592416098],[72.91586888783196,19.131854695538692],[72.91588327635979,19.131841342330464],[72.91588717884761,19.13182858163761],[72.91589558045092,19.13181516056086],[72.91590840083857,19.131807480654533],[72.91592562216057,19.131806964485598],[72.91593233959532,19.13180846340228],[72.91594725334461,19.131812900769074],[72.91595315993719,19.131819370189298],[72.91595292787754,19.131837863571022],[72.91594971128183,19.13185561173622],[72.91595039716935,19.131860599206725],[72.91595935077714,19.131862834856],[72.91596678087855,19.13186718739044],[72.9159787100979,19.131870879538972],[72.91598169463416,19.131871624754996],[72.91598768155727,19.131871692619075],[72.915992839788,19.131878153555327],[72.91599429189273,19.131881726940925],[72.91599572614709,19.13188672289435],[72.91600614971254,19.13189110935928],[72.9160106309803,19.13189187154075],[72.91602181481217,19.131895318109148],[72.91603640793973,19.131895483524517],[72.91603409144268,19.131901148347627],[72.91602578355842,19.131907100949878],[72.91601970738265,19.13191414592628],[72.91601769366643,19.131925505261997],[72.91601497620996,19.131933299695095],[72.91600823199367,19.131933934632674],[72.91600447677749,19.131934959143827],[72.91599397734485,19.131936618591922],[72.91598647137484,19.13193831197156],[72.91598046213606,19.131940022317004],[72.91597371345685,19.131941012895236],[72.91596959298286,19.131941321880184],[72.91596400701629,19.131939124405108],[72.91595543651266,19.13193618171336],[72.91594577023726,19.131931092444752],[72.91593644244331,19.131928852552896],[72.91592861138089,19.13192662962711],[72.91592307450598,19.131920520089484],[72.91592018368758,19.131912306391595],[72.91592036219853,19.131898080713768],[72.91591898149974,19.131888817056602],[72.91591069592651,19.131892991443618],[72.91590321227206,19.131892906610236],[72.91589124735067,19.131892059592367],[72.91588302425663,19.13189125499091],[72.91587443590572,19.131889734863478],[72.91586250817569,19.13188592416098]]]]}},{"type":"Feature","properties":{"fid":1928,"Tree_id":103,"Zone_name":"Academic","ZoneNumber":"Z02","Parcel No":"P59","canopyArea":41.399,"Count":103,"Type":"Tree","canopy_daimeter":7.26,"latitude":"19.131796° N","longitude":"72.915445° E","Geo-Coordinates":"19.131796° N, 72.915445° E","image_no":141,"botanical_name":"Alstonia scholaris","comman_name":"Scholar Tree / Devil Tree","tree_height":16.83,"canopy_height":10.098,"DbH":40.93},"geometry":{"type":"MultiPolygon","coordinates":[[[[72.91543266291391,19.131752801643046],[72.9154403387535,19.13175042303996],[72.91544443097696,19.131750728979156],[72.91544731898446,19.131749074711294],[72.91545386361062,19.13174979776688],[72.91545547737476,19.131751762617366],[72.91546044080758,19.13174792578716],[72.91546452814546,19.131748620981174],[72.91546721286699,19.1317522849871],[72.91547031365081,19.1317554346295],[72.91547246859373,19.13175779492647],[72.91547339489243,19.131760141292915],[72.91546910426847,19.1317647643732],[72.91546610254427,19.131764600569],[72.9154565236225,19.131766308744503],[72.91545307815083,19.13176886508338],[72.91544812123135,19.13177218290631],[72.9154467202429,19.131775021966337],[72.91544694767563,19.131778658111152],[72.91545086918427,19.13178168728924],[72.915453592991,19.131782237253304],[72.9154574317257,19.131780983075544],[72.91546326771636,19.131783774419745],[72.91546477264995,19.13178353194251],[72.91546914767763,19.131783062466408],[72.91547255243616,19.131783749921127],[72.91547514624109,19.13178377933001],[72.91547608393962,19.131785217434157],[72.91547661860413,19.13178613188779],[72.91547687046543,19.131787821756287],[72.91547684929456,19.13178950852911],[72.91547682323814,19.131791584557213],[72.91547787791048,19.131794581230263],[72.91548042448838,19.13179837344],[72.91548133938768,19.13180162806873],[72.91548142379098,19.131805781672742],[72.91547961488305,19.131808486337796],[72.91547305071202,19.131809320303965],[72.91546719029226,19.131808475236298],[72.91546132661551,19.131807889671943],[72.91545681669967,19.13180822784821],[72.9154537514614,19.131813124362104],[72.91545273233555,19.131818173845524],[72.91545254533447,19.13182219460202],[72.91545316928713,19.131826873404414],[72.91545434256125,19.13183129889472],[72.91545564583731,19.131836244939873],[72.91545370855526,19.13183829929798],[72.91544700135269,19.131839650722238],[72.91544369565246,19.13184194910512],[72.91544352656521,19.131844542592294],[72.91544050203983,19.131846195312065],[72.91543913687886,19.1318461798334],[72.91543697053551,19.131844727798256],[72.91543223318634,19.13184142982905],[72.9154278907285,19.13183930426909],[72.91542422922265,19.13183731620018],[72.91541882883645,19.131832453470267],[72.91541775950786,19.131830624562713],[72.91541929538482,19.131827916802628],[72.91541894772246,19.131822981592478],[72.91541763793327,19.131818554554155],[72.91541768190481,19.131815051256897],[72.91541773564776,19.131810769449128],[72.9154191529228,19.131806632871907],[72.9154205245977,19.131806129343666],[72.9154221774476,19.131804980152417],[72.91542342563498,19.131803437062292],[72.91542345494923,19.13180110153075],[72.91542415870093,19.131799422497373],[72.91542526222936,19.131798526618095],[72.91542746114335,19.13179738361829],[72.91542844118422,19.131795448177105],[72.91542670067541,19.131792703267998],[72.91542443364527,19.131788395146366],[72.91542283779546,19.13178500302635],[72.91542148729215,19.13178381978186],[72.91542269572129,19.131780005262108],[72.9154236148326,19.131777485164125],[72.91542494674914,19.131774710206255],[72.91542601051927,19.13177154289736],[72.91542570668618,19.1317685547374],[72.91542647869568,19.13176687647791],[72.91542870366622,19.131763657449994],[72.91543298207701,19.131760007508902],[72.91543519483317,19.131757761619042],[72.91543266291391,19.131752801643046]]]]}},{"type":"Feature","properties":{"fid":1929,"Tree_id":104,"Zone_name":"Academic","ZoneNumber":"Z02","Parcel No":"P59","canopyArea":51.807,"Count":104,"Type":"Tree","canopy_daimeter":8.122,"latitude":"19.13183° N","longitude":"72.915498° E","Geo-Coordinates":"19.13183° N, 72.915498° E","image_no":142,"botanical_name":"Conocarpus erectus","comman_name":"Buttonwood / Silver Buttonwood","tree_height":15.29,"canopy_height":9.174,"DbH":41.88},"geometry":{"type":"MultiPolygon","coordinates":[[[[72.91545766263629,19.131838733440983],[72.91545575494996,19.131827551572393],[72.91545560080166,19.131818076598666],[72.91546231614603,19.13181607641524],[72.91546767284365,19.13181354174609],[72.91547138646267,19.13181137775797],[72.91547617592488,19.13181052367001],[72.91547932719419,19.131809651007927],[72.91548152936507,19.13180824850393],[72.91548195519853,19.131806955629877],[72.91548310921095,19.131802037445798],[72.91548313689586,19.131799831665937],[72.9154815475588,19.131795920539282],[72.91548022148281,19.131792791018828],[72.91548011102316,19.13179071344289],[72.91547878331868,19.13178771367418],[72.91547799679286,19.131785109352066],[72.9154763911708,19.131782495742947],[72.91547367062101,19.131781686275726],[72.91546848789683,19.131781238202617],[72.91546494010818,19.131781068206998],[72.91546261770688,19.131781171645414],[72.91546139720518,19.131780508956044],[72.9154605992799,19.131778812896155],[72.91546063347919,19.13177608810931],[72.91546299333677,19.13177300038054],[72.9154689967854,19.131773327989045],[72.9154793606048,19.13177435388678],[72.91548576708765,19.13177520514527],[72.91549230682959,19.131776317454882],[72.9155011592019,19.13177810483592],[72.91550536840029,19.13177996934276],[72.91550845615735,19.13178415699868],[72.91550829521378,19.13178610172725],[72.91550726306177,19.131792189225223],[72.91550525491965,19.131832524995993],[72.91550616330557,19.131836298631683],[72.91551433310075,19.13183807827332],[72.91551692364958,19.1318383671852],[72.91552224614888,19.131838557301393],[72.9155335704711,19.131839204775826],[72.91553971206709,19.1318394041783],[72.91554325822874,19.131839703924356],[72.91554557737396,19.131839859988514],[72.91554551386332,19.13184492030718],[72.91554585338709,19.13185050427625],[72.9155433635275,19.13185307145128],[72.9155429002393,19.131857348616002],[72.91554301069972,19.131859426191937],[72.91554406048816,19.131862812120048],[72.91554688172924,19.131866477672908],[72.91554519468137,19.13187035165226],[72.91553966889694,19.131875479811],[72.91553458197338,19.13187827708125],[72.91553211979752,19.131878638476152],[72.91553010625393,19.131875890472198],[72.91552834620069,19.131874702584934],[72.9155275303609,19.131874433794607],[72.91552618637009,19.131872731543698],[72.9155259263658,19.131871690434032],[72.91552459377449,19.131869079920815],[72.9155220357951,19.131866195973814],[72.91552082343502,19.131864884525967],[72.91551877569324,19.13186486130885],[72.9155152099891,19.131866118583375],[72.91551287618701,19.1318671302846],[72.91550944211342,19.131868778362097],[72.91550465753512,19.131869243195496],[72.91549974946882,19.13186866846691],[72.91549157478684,19.131867278079785],[72.91548912238228,19.131866860963562],[72.91549311717716,19.13186405131199],[72.91549476188464,19.131863550878883],[72.91549602147154,19.131861099525956],[72.91549538774652,19.131857199234126],[72.91549282488229,19.131854704542068],[72.9154898426987,19.131852983717017],[72.91548751866783,19.131853216907395],[72.9154853067252,19.13185539792192],[72.91548310292514,19.131856930177662],[72.91548299572254,19.13185459309823],[72.91548221082498,19.13185185902436],[72.91547693718138,19.13184777635432],[72.91547361682451,19.13185124250355],[72.91547168279956,19.13185303735833],[72.91547016972264,19.131853928594317],[72.91546690799296,19.13185272368026],[72.91546151900471,19.131846952689152],[72.91545766263629,19.131838733440983]]]]}},{"type":"Feature","properties":{"fid":1930,"Tree_id":105,"Zone_name":"Academic","ZoneNumber":"Z02","Parcel No":"P59","canopyArea":45.041,"Count":105,"Type":"Tree","canopy_daimeter":7.573,"latitude":"19.131876° N","longitude":"72.915417° E","Geo-Coordinates":"19.131876° N, 72.915417° E","image_no":143,"botanical_name":"Conocarpus erectus","comman_name":"Buttonwood / Silver Buttonwood","tree_height":18.28,"canopy_height":10.968,"DbH":43.81},"geometry":{"type":"MultiPolygon","coordinates":[[[[72.91536565586753,19.131891674631465],[72.9153787128448,19.131884815089553],[72.91538518284663,19.13188060603375],[72.91538878275246,19.131876623975167],[72.91539211288311,19.13187237931724],[72.91538957363511,19.131868003223506],[72.91538874491009,19.131863322099207],[72.9153868743997,19.131860056634846],[72.91538997451255,19.131857820807127],[72.91539325171328,19.131857793080922],[72.91539768604372,19.131858038015285],[72.91540170838302,19.13185847293348],[72.9154070496112,19.131857170907953],[72.91541008228002,19.13185486943005],[72.91541194641897,19.131853203553774],[72.91541389428745,19.131850305809817],[72.91541411290454,19.131849205241767],[72.91541410978974,19.13184401439783],[72.9154143617927,19.131840253918913],[72.9154146665822,19.131837726855576],[72.91541630328891,19.13183242483445],[72.91541733693099,19.131831657933073],[72.91541935698646,19.13183388693103],[72.91542130959822,19.131836050279187],[72.91542333698237,19.13183769539423],[72.9154272000052,19.13183994528846],[72.91542970682433,19.131841466069268],[72.91543187153903,19.131843047856258],[72.9154342402136,19.131844696840886],[72.91543655121585,19.13184550166516],[72.91543818208045,19.131846104122456],[72.91544097170336,19.131846849488348],[72.91544412623062,19.13184571732346],[72.91544552151987,19.131843332394634],[72.91544595549651,19.131841390761938],[72.91544671447778,19.13184075051642],[72.91544822266903,19.13184024853585],[72.91545177778738,19.131839834649035],[72.915454433337,19.13184038383923],[72.91545707260116,19.13184223054692],[72.91545888136899,19.131844976229754],[72.91545988325436,19.131846739487326],[72.91546141491871,19.1318498064538],[72.91546220225871,19.131852345900107],[72.91546249469266,19.131856242322332],[72.91546157476706,19.13185882729638],[72.91545881920241,19.13186080749153],[72.9154562602691,19.131863438767166],[72.91545443588883,19.1318673760735],[72.9154534599191,19.131868987135412],[72.91545049795147,19.131871094760378],[72.91544760994174,19.131872749028073],[72.91544513962313,19.13187375918057],[72.91544212324,19.131874763141536],[72.91543855672093,19.131876085290372],[72.91543732481873,19.131876330863033],[72.91543581092712,19.13187728697459],[72.91543511857512,19.13187805774576],[72.91543412713375,19.131880901449154],[72.915435922873,19.13188468514621],[72.91543617717672,19.131886180387088],[72.91543628112153,19.131888776969983],[72.91543645821007,19.131890985071575],[72.91543396332071,19.1318993918476],[72.91543178869193,19.131904038918552],[72.91542949546121,19.13190725717235],[72.91542467342448,19.131910706293784],[72.9154198676734,19.13191285789759],[72.91541610615066,19.131913399213555],[72.91540989792301,19.131913069281005],[72.91540404645745,19.131911510576405],[72.9153980154611,19.13190793839769],[72.91539565574338,19.131905575777907],[72.91539190724961,19.131905079079434],[72.91538726814373,19.13190483182295],[72.9153831304592,19.131902708583713],[72.91537967861271,19.131900333580493],[72.9153745845012,19.13189826438155],[72.91537083519336,19.131897832558533],[72.91536689169743,19.131896555027183],[72.91536437917796,19.131895488376617],[72.91536565586753,19.131891674631465]]]]}},{"type":"Feature","properties":{"fid":1931,"Tree_id":106,"Zone_name":"Academic","ZoneNumber":"Z02","Parcel No":"P59","canopyArea":31.668,"Count":106,"Type":"Tree","canopy_daimeter":6.35,"latitude":"19.132144° N","longitude":"72.915552° E","Geo-Coordinates":"19.132144° N, 72.915552° E","image_no":144,"botanical_name":"Conocarpus erectus","comman_name":"Buttonwood / Silver Buttonwood","tree_height":18.75,"canopy_height":11.25,"DbH":39.96},"geometry":{"type":"MultiPolygon","coordinates":[[[[72.91552135705422,19.132159881436795],[72.91551579828567,19.13215315553619],[72.91551755368627,19.132146982449086],[72.91551911404235,19.13214311275258],[72.9155192115646,19.132138045292727],[72.91552057687619,19.13213601830874],[72.9155227223658,19.13213509695238],[72.91552633068923,19.132133346375273],[72.91552886626786,19.132131411526863],[72.91553179193552,19.132128831728966],[72.9155322795468,19.13212698901614],[72.91553305972484,19.132126528337935],[72.91553637548152,19.1321227507766],[72.91553832592663,19.13212293504789],[72.9155433970839,19.132123948539956],[72.91554603018479,19.13212459348946],[72.91554807815214,19.132124685625108],[72.9155492484192,19.132123948539956],[72.91555002859725,19.132122658640956],[72.91555061373077,19.132121000199355],[72.91555197904235,19.13211915748645],[72.91555373444295,19.132117130502234],[72.91555929321149,19.13211501138235],[72.91556543711357,19.132114550704106],[72.91557109340437,19.132116301281414],[72.91557596951712,19.132118420401287],[72.91557918775155,19.13212017097856],[72.91558113819664,19.132122105827094],[72.91558152828566,19.132125791252808],[72.91558318616401,19.132131872205058],[72.9155851366091,19.132133899189096],[72.91558659944295,19.132135281223654],[72.91558786723225,19.132137308207653],[72.9155875746655,19.13213869024217],[72.91557870014027,19.132147535262874],[72.91557743235096,19.132149009432933],[72.91557577447261,19.132154721841832],[72.91557460420556,19.13215619601184],[72.91557236119368,19.13215702523247],[72.91557070331535,19.132158775809323],[72.91556689994741,19.132160249979293],[72.91556309657945,19.132162092691736],[72.91556212135688,19.132164027539776],[72.91556377923523,19.132165593845325],[72.91556455941327,19.132167436557708],[72.91556416932426,19.132168081507032],[72.91556260896817,19.132169002863208],[72.91555929321149,19.132170569168707],[72.91555724524413,19.13217259615226],[72.91555646506609,19.132173056830354],[72.9155555873658,19.13217351750843],[72.91555324683168,19.132174070322115],[72.91555071125303,19.1321746231358],[72.91554954098598,19.132174807407026],[72.91554788310762,19.132174807407026],[72.9155462252293,19.132174438864578],[72.91554476239547,19.132173241101576],[72.91554281195037,19.13217093771118],[72.91554183672781,19.132169739948154],[72.91553930114918,19.13216909499884],[72.91553510769221,19.132167436557708],[72.91552135705422,19.132159881436795]]]]}},{"type":"Feature","properties":{"fid":150,"Tree_id":107,"Zone_name":"Academic","ZoneNumber":"Z02","Parcel No":"P59","canopyArea":75.15,"Count":107,"Type":"Tree","canopy_daimeter":9.781786657742819,"latitude":"19.132637° N","longitude":"72.914882° E","Geo-Coordinates":"19.132637° N, 72.914882° E","image_no":145,"botanical_name":"Butea monosperma","comman_name":"Flame of the Forest","tree_height":21.22,"canopy_height":12.732,"DbH":56.03},"geometry":{"type":"MultiPolygon","coordinates":[[[[72.91493439427896,19.132669903016293],[72.91492585686797,19.132665503476396],[72.91492145880775,19.132662814868628],[72.91491447365328,19.132660615098604],[72.91491059301192,19.132660615098604],[72.9149082646271,19.132661837193066],[72.91490334914803,19.132664770219744],[72.91489843366898,19.13266379254419],[72.91489791625014,19.132660126260824],[72.91489688141245,19.132659148585233],[72.91489377689935,19.13266208161196],[72.91488834400144,19.132664770219744],[72.91488394594123,19.132665014638626],[72.91487670207735,19.132665992314177],[72.91487023434175,19.13266843650301],[72.91486428402499,19.132669903016293],[72.91485988596477,19.132670880691805],[72.91485729887053,19.132671858367317],[72.91484979629722,19.1326730804617],[72.91484281114278,19.132674546974943],[72.91483918921084,19.132673813718316],[72.91483815437314,19.132670880691805],[72.9148366021166,19.132667703246355],[72.91483298018466,19.132666725570832],[72.91482754728675,19.132666969989717],[72.91482573632078,19.13266721440859],[72.91482470148308,19.132665992314177],[72.91482392535481,19.132663059287513],[72.91482418406423,19.13265963742303],[72.91482547761136,19.132656459977365],[72.91482780599617,19.13265303811274],[72.9148280647056,19.132649616248038],[72.91482780599617,19.132644727869778],[72.91482677115847,19.132640817167065],[72.91482754728675,19.1326312848288],[72.91482935825272,19.132626885287888],[72.91483220405638,19.132621263652094],[72.91483479115062,19.132614175502344],[72.9148358259883,19.132611486893737],[72.91483944792026,19.132609287123024],[72.9148420350145,19.132609775960972],[72.91484462210875,19.132610264798906],[72.91484979629722,19.132611242474777],[72.91485315951974,19.13261197573167],[72.91485755757995,19.132612953407527],[72.91486169693074,19.132613686664424],[72.91486997563231,19.132614175502344],[72.91487877175275,19.13261319782649],[72.91488187626584,19.132611242474777],[72.9148836872318,19.132609775960972],[72.9148878265826,19.13260586525742],[72.91489170722396,19.132601465715833],[72.91489377689935,19.132598532688036],[72.91489584657474,19.132592666632288],[72.91489688141245,19.132591688956307],[72.91490050334438,19.132590711280326],[72.91490516011402,19.132589733604327],[72.91491111043078,19.132590222442325],[72.91491654332867,19.13259291105129],[72.9149188717135,19.13259633291716],[72.91492145880775,19.132600243620917],[72.91492378719256,19.13260562083846],[72.91492456332084,19.132614175502344],[72.91492533944911,19.132619308300473],[72.91492818525278,19.132621996908952],[72.91493258331298,19.1326281073826],[72.91493491169781,19.1326312848288],[72.91493698137319,19.132635195531744],[72.91493698137319,19.13263886181567],[72.91493310073184,19.13264350577519],[72.91493103105644,19.132646194383273],[72.91493310073184,19.132649616248038],[72.91493517040723,19.132650105085858],[72.91493853362974,19.132651082761484],[72.91494008588629,19.132652304856023],[72.91494060330514,19.13265328253165],[72.91493930975803,19.13265597113957],[72.91494189685226,19.132659881841924],[72.9149434491088,19.132660859517504],[72.91494163814282,19.132665014638626],[72.9149413794334,19.132665992314177],[72.9149413794334,19.132665992314177],[72.91493439427896,19.132669903016293]]]]}},{"type":"Feature","properties":{"fid":149,"Tree_id":108,"Zone_name":"Academic","ZoneNumber":"Z02","Parcel No":"P59","canopyArea":47.08,"Count":108,"Type":"Tree","canopy_daimeter":7.742342849473779,"latitude":"19.131981° N","longitude":"72.915825° E","Geo-Coordinates":"19.131981° N, 72.915825° E","image_no":146,"botanical_name":"Alstonia scholaris","comman_name":"Scholar Tree / Devil Tree","tree_height":18.29,"canopy_height":10.974,"DbH":44.42},"geometry":{"type":"MultiPolygon","coordinates":[[[[72.91581232471013,19.132008626413775],[72.91579602601641,19.132006671054903],[72.91578593634885,19.13199884961916],[72.91577869248498,19.131988095144415],[72.91577998603209,19.13197587414953],[72.91578360796403,19.131967563872497],[72.91579111053733,19.13196096453455],[72.91579938923891,19.131958520335246],[72.91581206600071,19.131955098456157],[72.91582008599285,19.13195485403623],[72.91584000661851,19.13195460961629],[72.91584906144837,19.13195338751659],[72.91585630531225,19.13195289867671],[72.91585940982534,19.131957298235584],[72.91586044466302,19.13196120895449],[72.91586251433843,19.131967075032666],[72.91586510143267,19.131970985751334],[72.9158697582023,19.131975629729627],[72.91587182787771,19.131979784868005],[72.91587234529653,19.131983206746572],[72.91587182787771,19.131987117464856],[72.91587079304,19.13199225028246],[72.91586846465519,19.13199836077942],[72.91586587756095,19.132002760337077],[72.91586173821015,19.132002271497345],[72.91585009628606,19.13200056055826],[72.91583560855831,19.132000804978137],[72.91581905115515,19.132007159894627],[72.91581232471013,19.132008626413775]]]]}},{"type":"Feature","properties":{"fid":148,"Tree_id":109,"Zone_name":"Academic","ZoneNumber":"Z02","Parcel No":"P59","canopyArea":44.635,"Count":109,"Type":"Tree","canopy_daimeter":7.538636697978211,"latitude":"19.131931° N","longitude":"72.915523° E","Geo-Coordinates":"19.131931° N, 72.915523° E","image_no":148,"botanical_name":"Conocarpus erectus","comman_name":"Buttonwood / Silver Buttonwood","tree_height":15.56,"canopy_height":9.336,"DbH":40.31},"geometry":{"type":"MultiPolygon","coordinates":[[[[72.91551112226291,19.13197055801647],[72.91550517194617,19.13196615845795],[72.91549999775766,19.131967624977463],[72.9154937887315,19.131971291276216],[72.91549120163724,19.131968113817308],[72.91548783841473,19.131965425198192],[72.91548576873934,19.13196151447939],[72.91548551002991,19.131957848180434],[72.91548835583357,19.131950271162317],[72.91548861454301,19.13194416066359],[72.91548861454301,19.1319382945846],[72.91549146034667,19.131930717565595],[72.9154961171163,19.131923629386215],[72.91550025646708,19.13191971866643],[72.91550750033097,19.13191458584656],[72.91551422677601,19.131910919546566],[72.91551862483622,19.13190505346639],[72.91552121193045,19.131900165066092],[72.91552328160586,19.131896254345737],[72.91552819708491,19.131890388265052],[72.91553673449592,19.13188647754448],[72.91554346094095,19.131885011024227],[72.91554785900115,19.13188525544427],[72.91555122222367,19.13188745522462],[72.91555380931791,19.131892343625303],[72.91555277448022,19.13189600992572],[72.91555070480483,19.13189967622605],[72.91554863512943,19.13190383136632],[72.91554760029175,19.1319079865065],[72.91554863512943,19.131910919546566],[72.91555122222367,19.131915563526537],[72.91555380931791,19.131919229826448],[72.91555639641216,19.131922651706276],[72.9155589835064,19.131924607066153],[72.91556182931006,19.13192754010591],[72.91556286414774,19.131929495465727],[72.91556338156661,19.131933406185283],[72.91556182931006,19.131935117125067],[72.91555717254043,19.1319382945846],[72.9155525157708,19.131941960884],[72.91554811771059,19.13194416066359],[72.91554294352208,19.131946116023204],[72.91553776933361,19.131948071382805],[72.91553725191476,19.13195295978169],[72.91553518223937,19.13195393746145],[72.91553156030743,19.131956137240877],[72.91552974934146,19.131960536799678],[72.91552871450375,19.131963469838798],[72.9155269035378,19.131965914038034],[72.91552457515297,19.13196860265715],[72.91552172934931,19.13197055801647],[72.91551784870795,19.131971780116032],[72.91551758999852,19.13197153569613],[72.91551707257966,19.13196909149698],[72.91551681387025,19.131967624977463],[72.91551655516082,19.131967136137636],[72.91551577903255,19.13196689171772],[72.91551215710061,19.131966402877865],[72.91551112226291,19.13197055801647]]]]}}]}